ID	Length	Coverage	# ORFs	RDS	Circular	Inc Type(s)	# Replication	# Mobilization	# OriT	# Conjugation	# AMRs	# rRNAs	# Plasmid Hits
KONIH1_30770=KONIH1_30775=KONIH1_30780=KONIH1_30785=KONIH1_30790	10007	NA	5	33.2	no	0	0	0	0	1	0	0	1
KONIH1_30775=KONIH1_30780=KONIH1_30785=KONIH1_30790=KONIH1_30795	9757	NA	5	32.1	no	0	0	0	0	0	0	0	1
KONIH1_30780=KONIH1_30785=KONIH1_30790=KONIH1_30795=KONIH1_30800	9691	NA	5	30.6	no	0	0	0	0	0	0	0	1
KONIH1_30860=KONIH1_30865=KONIH1_30870=KONIH1_30885=KONIH1_30890	9607	NA	8	0.0	no	0	0	0	0	0	0	0	1
KONIH1_30855=KONIH1_30860=KONIH1_30865=KONIH1_30870=KONIH1_30885	9228	NA	8	0.1	no	0	0	0	0	0	0	0	1
KONIH1_30760=KONIH1_30765=KONIH1_30770=KONIH1_30775=KONIH1_30780	8934	NA	5	34.4	no	0	0	0	0	3	0	0	1
KONIH1_31090=KONIH1_31095=KONIH1_31100=KONIH1_31105=KONIH1_31110	8908	NA	5	27.2	no	0	0	0	0	0	1	0	1
KONIH1_30765=KONIH1_30770=KONIH1_30775=KONIH1_30780=KONIH1_30785	8873	NA	5	33.9	no	0	0	0	0	2	0	0	1
KONIH1_31085=KONIH1_31090=KONIH1_31095=KONIH1_31100=KONIH1_31105	8694	NA	5	34.8	no	0	0	0	0	0	0	0	1
KONIH1_30865=KONIH1_30870=KONIH1_30885=KONIH1_30890=KONIH1_30895	8690	NA	8	1.4	no	0	0	0	0	0	0	0	1
KONIH1_30870=KONIH1_30885=KONIH1_30890=KONIH1_30895=KONIH1_30900	8336	NA	8	1.1	no	0	0	0	0	0	0	0	1
KONIH1_31315=KONIH1_31320=KONIH1_31325=KONIH1_31330=KONIH1_31335	8125	NA	5	48.9	no	0	0	0	0	2	0	0	1
KONIH1_30695=KONIH1_30700=KONIH1_30705=KONIH1_30710=KONIH1_30715	8033	NA	5	41.3	no	0	0	1	0	1	0	0	1
KONIH1_31310=KONIH1_31315=KONIH1_31320=KONIH1_31325=KONIH1_31330	8012	NA	5	49.0	no	0	0	0	0	2	0	0	1
KONIH1_31080=KONIH1_31085=KONIH1_31090=KONIH1_31095=KONIH1_31100	7890	NA	5	24.8	no	0	0	0	0	0	0	0	1
KONIH1_31070=KONIH1_31080=KONIH1_31085=KONIH1_31090=KONIH1_31095	7789	NA	6	24.2	no	0	0	0	0	0	0	0	1
KONIH1_31320=KONIH1_31325=KONIH1_31330=KONIH1_31335=KONIH1_31340	7479	NA	5	49.1	no	0	0	0	0	2	0	0	1
KONIH1_31325=KONIH1_31330=KONIH1_31335=KONIH1_31340=KONIH1_31345	6982	NA	5	48.7	no	0	0	0	0	1	0	0	1
KONIH1_31095=KONIH1_31100=KONIH1_31105=KONIH1_31110=KONIH1_31115	6833	NA	5	25.8	no	0	0	0	0	0	2	0	1
KONIH1_30705=KONIH1_30710=KONIH1_30715=KONIH1_30720=KONIH1_30725	6807	NA	5	41.9	no	0	0	1	0	1	0	0	1
KONIH1_31140=KONIH1_31145=KONIH1_31150=KONIH1_31155=KONIH1_31160	6760	NA	5	26.6	yes	0	0	0	0	0	3	0	1
KONIH1_30805=KONIH1_30810=KONIH1_30815=KONIH1_30820=KONIH1_30825	6751	NA	5	32.0	no	0	0	0	0	3	0	0	1
KONIH1_30690=KONIH1_30695=KONIH1_30700=KONIH1_30705=KONIH1_30710	6674	NA	5	36.1	no	0	0	1	0	0	0	0	1
KONIH1_30920=KONIH1_30925=KONIH1_30930=KONIH1_30935=KONIH1_30940	6622	NA	6	28.4	no	0	0	0	0	0	0	0	1
KONIH1_31105=KONIH1_31110=KONIH1_31115=KONIH1_31120=KONIH1_31125	6493	NA	5	12.6	no	0	0	0	0	0	3	0	1
KONIH1_30710=KONIH1_30715=KONIH1_30720=KONIH1_30725=KONIH1_30730	6478	NA	5	41.7	no	0	0	1	0	1	0	0	1
KONIH1_30700=KONIH1_30705=KONIH1_30710=KONIH1_30715=KONIH1_30720	6436	NA	5	41.4	no	0	0	1	0	1	0	0	1
KONIH1_30850=KONIH1_30855=KONIH1_30860=KONIH1_30865=KONIH1_30870	6410	NA	5	6.4	no	0	0	0	0	0	0	0	1
KONIH1_30800=KONIH1_30805=KONIH1_30810=KONIH1_30815=KONIH1_30820	6345	NA	5	32.7	no	0	0	0	0	3	0	0	1
KONIH1_31285=KONIH1_31290=KONIH1_31295=KONIH1_31300=KONIH1_31305	6318	NA	5	20.4	no	0	0	0	0	0	0	0	1
KONIH1_31145=KONIH1_31150=KONIH1_31155=KONIH1_31160=KONIH1_31165	6288	NA	5	19.9	no	0	0	0	0	0	2	0	1
KONIH1_30810=KONIH1_30815=KONIH1_30820=KONIH1_30825=KONIH1_30830	6253	NA	5	31.6	no	0	0	0	0	2	0	0	1
KONIH1_30815=KONIH1_30820=KONIH1_30825=KONIH1_30830=KONIH1_30835	6199	NA	5	31.7	no	0	0	0	0	2	0	0	1
KONIH1_30925=KONIH1_30930=KONIH1_30935=KONIH1_30940=KONIH1_30945	6161	NA	6	28.2	no	0	0	0	0	0	0	0	1
KONIH1_31330=KONIH1_31335=KONIH1_31340=KONIH1_31345=KONIH1_31350	6155	NA	5	41.1	no	0	0	0	0	0	0	0	1
KONIH1_31110=KONIH1_31115=KONIH1_31120=KONIH1_31125=KONIH1_31130	6031	NA	5	2.2	no	0	0	0	0	0	4	0	1
KONIH1_30885=KONIH1_30890=KONIH1_30895=KONIH1_30900=KONIH1_30905	5999	NA	7	-1.6	no	0	0	0	0	0	0	0	1
KONIH1_30915=KONIH1_30920=KONIH1_30925=KONIH1_30930=KONIH1_30935	5986	NA	5	24.3	no	0	0	0	0	0	0	0	1
KONIH1_31230=KONIH1_31245=KONIH1_31250=KONIH1_31255=KONIH1_31260	5916	NA	6	30.7	no	0	0	0	0	0	0	0	1
KONIH1_30930=KONIH1_30935=KONIH1_30940=KONIH1_30945=KONIH1_30950	5909	NA	6	28.0	no	0	0	0	0	0	0	0	1
KONIH1_30995=KONIH1_31000=KONIH1_31005=KONIH1_31010=KONIH1_31015	5906	NA	5	29.7	no	0	0	0	0	0	0	0	1
KONIH1_31265=KONIH1_31270=KONIH1_31275=KONIH1_31280=KONIH1_31285	5861	NA	6	1.1	no	0	0	0	0	0	0	0	1
KONIH1_31155=KONIH1_31160=KONIH1_31165=KONIH1_31170=KONIH1_31175	5737	NA	6	21.9	no	0	0	0	0	0	2	0	1
KONIH1_31280=KONIH1_31285=KONIH1_31290=KONIH1_31295=KONIH1_31300	5720	NA	6	17.6	no	0	0	0	0	0	0	0	1
KONIH1_31115=KONIH1_31120=KONIH1_31125=KONIH1_31130=KONIH1_31135	5584	NA	5	10.3	no	0	0	0	0	0	4	0	1
KONIH1_30820=KONIH1_30825=KONIH1_30830=KONIH1_30835=KONIH1_30840	5565	NA	6	31.0	no	0	0	0	0	1	0	0	1
KONIH1_31120=KONIH1_31125=KONIH1_31130=KONIH1_31135=KONIH1_31140	5537	NA	5	18.1	no	0	0	0	0	0	4	0	1
KONIH1_31195=KONIH1_31200=KONIH1_31205=KONIH1_31210=KONIH1_31215	5525	NA	5	15.0	no	0	0	0	0	0	3	0	1
KONIH1_31305=KONIH1_31310=KONIH1_31315=KONIH1_31320=KONIH1_31325	5425	NA	5	39.7	no	0	0	0	0	2	0	0	1
KONIH1_30845=KONIH1_30850=KONIH1_30855=KONIH1_30860=KONIH1_30865	5408	NA	5	13.0	no	0	0	0	0	0	0	0	1
KONIH1_31125=KONIH1_31130=KONIH1_31135=KONIH1_31140=KONIH1_31145	5333	NA	5	20.9	no	0	0	0	0	0	4	0	1
KONIH1_31200=KONIH1_31205=KONIH1_31210=KONIH1_31215=KONIH1_31220	5299	NA	5	7.3	no	0	0	0	0	0	2	0	1
KONIH1_31275=KONIH1_31280=KONIH1_31285=KONIH1_31290=KONIH1_31295	5298	NA	6	9.0	no	0	0	0	0	0	0	0	1
KONIH1_31100=KONIH1_31105=KONIH1_31110=KONIH1_31115=KONIH1_31120	5296	NA	5	16.9	no	0	0	0	0	0	2	0	1
KONIH1_31270=KONIH1_31275=KONIH1_31280=KONIH1_31285=KONIH1_31290	5260	NA	6	0.9	no	0	0	0	0	0	0	0	1
KONIH1_31205=KONIH1_31210=KONIH1_31215=KONIH1_31220=KONIH1_31225	5245	NA	5	5.6	no	0	0	0	0	0	2	0	1
KONIH1_30785=KONIH1_30790=KONIH1_30795=KONIH1_30800=KONIH1_30805	5239	NA	5	34.2	no	0	0	0	0	1	0	0	1
KONIH1_30790=KONIH1_30795=KONIH1_30800=KONIH1_30805=KONIH1_30810	5203	NA	5	33.0	no	0	0	0	0	1	0	0	1
KONIH1_30480=KONIH1_30485=KONIH1_30490=KONIH1_30495=KONIH1_30500	5186	NA	4	-11.7	no	0	0	0	0	0	1	0	1
KONIH1_30470=KONIH1_30475=KONIH1_30480=KONIH1_30485=KONIH1_30490	5179	NA	5	-9.4	no	0	0	0	0	0	2	0	1
KONIH1_30475=KONIH1_30480=KONIH1_30485=KONIH1_30490=KONIH1_30495	5178	NA	4	-11.7	no	0	0	0	0	0	1	0	1
KONIH1_31160=KONIH1_31165=KONIH1_31170=KONIH1_31175=KONIH1_31180	5178	NA	6	15.8	no	0	0	0	0	0	2	0	1
KONIH1_31065=KONIH1_31070=KONIH1_31080=KONIH1_31085=KONIH1_31090	5171	NA	6	22.7	no	0	0	0	0	0	0	0	1
KONIH1_31135=KONIH1_31140=KONIH1_31145=KONIH1_31150=KONIH1_31155	5155	NA	5	30.2	no	0	0	0	0	0	4	0	1
KONIH1_30265=KONIH1_30270=KONIH1_30275=KONIH1_30280=KONIH1_30285	5108	NA	6	49.1	no	1	1	0	0	0	0	0	1
KONIH1_30465=KONIH1_30470=KONIH1_30475=KONIH1_30480=KONIH1_30485	5019	NA	5	-8.3	no	0	0	0	0	0	3	0	1
KONIH1_31300=KONIH1_31305=KONIH1_31310=KONIH1_31315=KONIH1_31320	5018	NA	5	39.8	no	0	0	0	0	1	0	0	1
KONIH1_31245=KONIH1_31250=KONIH1_31255=KONIH1_31260=KONIH1_31265	5015	NA	5	19.2	no	0	0	0	0	0	0	0	1
KONIH1_31150=KONIH1_31155=KONIH1_31160=KONIH1_31165=KONIH1_31170	4977	NA	5	16.6	no	0	0	0	0	0	3	0	1
KONIH1_31220=KONIH1_31225=KONIH1_31230=KONIH1_31245=KONIH1_31250	4947	NA	6	35.1	no	0	0	0	0	0	0	0	1
KONIH1_31130=KONIH1_31135=KONIH1_31140=KONIH1_31145=KONIH1_31150	4938	NA	5	22.3	no	0	0	0	0	0	4	0	1
KONIH1_31190=KONIH1_31195=KONIH1_31200=KONIH1_31205=KONIH1_31210	4926	NA	5	23.0	no	0	0	0	0	0	3	0	1
KONIH1_31215=KONIH1_31220=KONIH1_31225=KONIH1_31230=KONIH1_31245	4902	NA	6	27.6	no	0	0	0	0	0	1	0	1
KONIH1_31250=KONIH1_31255=KONIH1_31260=KONIH1_31265=KONIH1_31270	4899	NA	5	9.6	no	0	0	0	0	0	0	0	1
KONIH1_31365=KONIH1_31370=KONIH1_30260=KONIH1_30265=KONIH1_30270	4870	NA	6	48.8	no	1	1	0	1	0	0	0	1
KONIH1_30260=KONIH1_30265=KONIH1_30270=KONIH1_30275=KONIH1_30280	4854	NA	6	48.8	no	1	1	0	0	0	0	0	1
KONIH1_30935=KONIH1_30940=KONIH1_30945=KONIH1_30950=KONIH1_30955	4837	NA	6	28.2	no	0	0	0	0	0	0	0	1
KONIH1_31005=KONIH1_31010=KONIH1_31015=KONIH1_31020=KONIH1_31025	4797	NA	5	30.8	no	0	0	0	0	0	0	0	1
KONIH1_30500=KONIH1_30505=KONIH1_30510=KONIH1_30525=KONIH1_30530	4774	NA	8	-0.5	no	0	0	0	0	0	0	0	1
KONIH1_30485=KONIH1_30490=KONIH1_30495=KONIH1_30500=KONIH1_30505	4713	NA	5	-9.0	no	0	0	0	0	0	0	0	1
KONIH1_31210=KONIH1_31215=KONIH1_31220=KONIH1_31225=KONIH1_31230	4709	NA	5	13.9	no	0	0	0	0	0	2	0	1
KONIH1_31295=KONIH1_31300=KONIH1_31305=KONIH1_31310=KONIH1_31315	4695	NA	5	39.8	no	0	0	0	0	0	0	0	1
KONIH1_31000=KONIH1_31005=KONIH1_31010=KONIH1_31015=KONIH1_31020	4625	NA	5	29.7	no	0	0	0	0	0	0	0	1
KONIH1_31255=KONIH1_31260=KONIH1_31265=KONIH1_31270=KONIH1_31275	4622	NA	5	0.5	no	0	0	0	0	0	0	0	1
KONIH1_30910=KONIH1_30915=KONIH1_30920=KONIH1_30925=KONIH1_30930	4620	NA	5	-154.7	no	0	0	0	0	0	0	0	1
KONIH1_31370=KONIH1_30260=KONIH1_30265=KONIH1_30270=KONIH1_30275	4548	NA	6	48.8	no	1	1	0	0	0	0	0	1
KONIH1_30590=KONIH1_30595=KONIH1_30600=KONIH1_30605=KONIH1_30610	4536	NA	5	10.3	no	0	0	0	0	0	0	0	1
KONIH1_31035=KONIH1_31040=KONIH1_31045=KONIH1_31055=KONIH1_31060	4525	NA	6	32.3	no	0	0	0	0	0	0	0	1
KONIH1_30495=KONIH1_30500=KONIH1_30505=KONIH1_30510=KONIH1_30525	4500	NA	7	-4.3	no	0	0	0	0	0	0	0	1
KONIH1_31040=KONIH1_31045=KONIH1_31055=KONIH1_31060=KONIH1_31065	4498	NA	6	32.8	no	0	0	0	0	0	0	0	1
KONIH1_30410=KONIH1_30415=KONIH1_30420=KONIH1_30425=KONIH1_30435	4478	NA	7	27.4	no	0	0	0	0	0	0	0	1
KONIH1_30405=KONIH1_30410=KONIH1_30415=KONIH1_30420=KONIH1_30425	4452	NA	6	37.5	no	0	0	0	0	0	0	0	1
KONIH1_31225=KONIH1_31230=KONIH1_31245=KONIH1_31250=KONIH1_31255	4442	NA	6	35.2	no	0	0	0	0	0	0	0	1
KONIH1_30900=KONIH1_30905=KONIH1_30910=KONIH1_30915=KONIH1_30920	4438	NA	6	-142.7	no	0	0	0	0	0	0	0	1
KONIH1_30415=KONIH1_30420=KONIH1_30425=KONIH1_30435=KONIH1_30440	4411	NA	7	24.4	no	0	0	0	0	0	0	0	1
KONIH1_30585=KONIH1_30590=KONIH1_30595=KONIH1_30600=KONIH1_30605	4347	NA	5	-4.7	no	0	0	0	0	0	0	0	1
KONIH1_30580=KONIH1_30585=KONIH1_30590=KONIH1_30595=KONIH1_30600	4326	NA	5	-4.3	no	0	0	0	0	0	0	0	1
KONIH1_31010=KONIH1_31015=KONIH1_31020=KONIH1_31025=KONIH1_31030	4272	NA	5	30.7	no	0	0	0	0	0	0	0	1
KONIH1_30840=KONIH1_30845=KONIH1_30850=KONIH1_30855=KONIH1_30860	4264	NA	5	19.7	no	0	0	0	0	0	0	0	1
KONIH1_30575=KONIH1_30580=KONIH1_30585=KONIH1_30590=KONIH1_30595	4218	NA	5	-4.2	no	0	0	0	0	0	0	0	1
KONIH1_31045=KONIH1_31055=KONIH1_31060=KONIH1_31065=KONIH1_31070	4211	NA	6	30.7	no	0	0	0	0	0	0	0	1
KONIH1_30890=KONIH1_30895=KONIH1_30900=KONIH1_30905=KONIH1_30910	4199	NA	6	-145.6	no	0	0	0	0	0	0	0	1
KONIH1_30490=KONIH1_30495=KONIH1_30500=KONIH1_30505=KONIH1_30510	4194	NA	5	-7.8	no	0	0	0	0	0	0	0	1
KONIH1_31360=KONIH1_31365=KONIH1_31370=KONIH1_30260=KONIH1_30265	4130	NA	6	50.0	no	1	1	0	1	0	0	0	1
KONIH1_31170=KONIH1_31175=KONIH1_31180=KONIH1_31185=KONIH1_31190	4084	NA	6	19.7	no	0	0	0	0	0	4	0	1
KONIH1_31165=KONIH1_31170=KONIH1_31175=KONIH1_31180=KONIH1_31185	4080	NA	6	13.9	no	0	0	0	0	0	3	0	1
KONIH1_30615=KONIH1_30620=KONIH1_30625=KONIH1_30635=KONIH1_30640	4045	NA	7	47.4	no	0	0	0	0	0	0	0	1
KONIH1_31015=KONIH1_31020=KONIH1_31025=KONIH1_31030=KONIH1_31035	4030	NA	5	30.6	no	0	0	0	0	0	0	0	1
KONIH1_30905=KONIH1_30910=KONIH1_30915=KONIH1_30920=KONIH1_30925	4006	NA	5	-162.0	no	0	0	0	0	0	0	0	1
KONIH1_31260=KONIH1_31265=KONIH1_31270=KONIH1_31275=KONIH1_31280	3971	NA	5	0.6	no	0	0	0	0	0	0	0	1
KONIH1_31350=KONIH1_31355=KONIH1_31360=KONIH1_31365=KONIH1_31370	3969	NA	6	44.5	no	0	0	0	1	0	0	0	1
KONIH1_30595=KONIH1_30600=KONIH1_30605=KONIH1_30610=KONIH1_30615	3935	NA	5	24.3	no	0	0	0	0	0	0	0	1
KONIH1_30675=KONIH1_30680=KONIH1_30685=KONIH1_30690=KONIH1_30695	3916	NA	5	27.6	no	0	0	0	0	0	0	0	1
KONIH1_30825=KONIH1_30830=KONIH1_30835=KONIH1_30840=KONIH1_30845	3916	NA	6	31.2	no	0	0	0	0	0	0	0	1
KONIH1_30610=KONIH1_30615=KONIH1_30620=KONIH1_30625=KONIH1_30635	3911	NA	6	48.6	no	0	0	0	0	0	0	0	1
KONIH1_30685=KONIH1_30690=KONIH1_30695=KONIH1_30700=KONIH1_30705	3898	NA	5	35.4	no	0	0	0	0	0	0	0	1
KONIH1_30715=KONIH1_30720=KONIH1_30725=KONIH1_30730=KONIH1_30735	3884	NA	5	41.4	no	0	0	0	0	1	0	0	1
KONIH1_30830=KONIH1_30835=KONIH1_30840=KONIH1_30845=KONIH1_30850	3852	NA	6	31.5	no	0	0	0	0	0	0	0	1
KONIH1_30460=KONIH1_30465=KONIH1_30470=KONIH1_30475=KONIH1_30480	3850	NA	4	-9.6	no	0	0	0	0	0	3	0	1
KONIH1_30755=KONIH1_30760=KONIH1_30765=KONIH1_30770=KONIH1_30775	3812	NA	5	39.7	no	0	0	0	0	3	0	0	1
KONIH1_31185=KONIH1_31190=KONIH1_31195=KONIH1_31200=KONIH1_31205	3790	NA	5	25.2	no	0	0	0	0	0	3	0	1
KONIH1_31060=KONIH1_31065=KONIH1_31070=KONIH1_31080=KONIH1_31085	3765	NA	6	27.3	no	0	0	0	0	0	0	0	1
KONIH1_30795=KONIH1_30800=KONIH1_30805=KONIH1_30810=KONIH1_30815	3745	NA	5	32.8	no	0	0	0	0	2	0	0	1
KONIH1_30990=KONIH1_30995=KONIH1_31000=KONIH1_31005=KONIH1_31010	3745	NA	5	29.8	no	0	0	0	0	0	0	0	1
KONIH1_31175=KONIH1_31180=KONIH1_31185=KONIH1_31190=KONIH1_31195	3745	NA	5	29.2	no	0	0	0	0	0	4	0	1
KONIH1_30895=KONIH1_30900=KONIH1_30905=KONIH1_30910=KONIH1_30915	3727	NA	6	-146.2	no	0	0	0	0	0	0	0	1
KONIH1_30655=KONIH1_30660=KONIH1_30665=KONIH1_30670=KONIH1_30675	3723	NA	6	34.9	no	0	0	0	0	0	0	0	1
KONIH1_30750=KONIH1_30755=KONIH1_30760=KONIH1_30765=KONIH1_30770	3694	NA	5	40.0	no	0	0	0	0	3	0	0	1
KONIH1_30455=KONIH1_30460=KONIH1_30465=KONIH1_30470=KONIH1_30475	3693	NA	4	-8.6	no	0	0	0	0	0	2	0	1
KONIH1_31355=KONIH1_31360=KONIH1_31365=KONIH1_31370=KONIH1_30260	3656	NA	6	50.6	no	0	0	0	1	0	0	0	1
KONIH1_30745=KONIH1_30750=KONIH1_30755=KONIH1_30760=KONIH1_30765	3629	NA	5	40.4	no	0	0	0	0	2	0	0	1
KONIH1_30275=KONIH1_30280=KONIH1_30285=KONIH1_30290=KONIH1_30295	3613	NA	5	52.8	no	0	0	0	0	0	0	0	1
KONIH1_30420=KONIH1_30425=KONIH1_30435=KONIH1_30440=KONIH1_30445	3595	NA	6	20.7	no	0	0	0	0	0	0	0	1
KONIH1_30450=KONIH1_30455=KONIH1_30460=KONIH1_30465=KONIH1_30470	3589	NA	4	8.2	no	0	0	0	0	0	2	0	1
KONIH1_30425=KONIH1_30435=KONIH1_30440=KONIH1_30445=KONIH1_30450	3581	NA	6	20.5	no	0	0	0	0	0	0	0	1
KONIH1_30305=KONIH1_30310=KONIH1_30315=KONIH1_30320=KONIH1_30325	3568	NA	5	41.0	no	0	0	0	0	0	0	0	1
KONIH1_30985=KONIH1_30990=KONIH1_30995=KONIH1_31000=KONIH1_31005	3548	NA	5	29.6	no	0	0	0	0	0	0	0	1
KONIH1_30680=KONIH1_30685=KONIH1_30690=KONIH1_30695=KONIH1_30700	3531	NA	5	27.4	no	0	0	0	0	0	0	0	1
KONIH1_31180=KONIH1_31185=KONIH1_31190=KONIH1_31195=KONIH1_31200	3525	NA	5	25.8	no	0	0	0	0	0	4	0	1
KONIH1_31290=KONIH1_31295=KONIH1_31300=KONIH1_31305=KONIH1_31310	3519	NA	5	29.8	no	0	0	0	0	0	0	0	1
KONIH1_30505=KONIH1_30510=KONIH1_30525=KONIH1_30530=KONIH1_30535	3503	NA	6	9.9	no	0	0	0	0	0	0	0	1
KONIH1_30270=KONIH1_30275=KONIH1_30280=KONIH1_30285=KONIH1_30290	3495	NA	5	52.7	no	0	0	0	0	0	0	0	1
KONIH1_31055=KONIH1_31060=KONIH1_31065=KONIH1_31070=KONIH1_31080	3490	NA	6	26.7	no	0	0	0	0	0	0	0	1
KONIH1_30835=KONIH1_30840=KONIH1_30845=KONIH1_30850=KONIH1_30855	3481	NA	6	26.3	no	0	0	0	0	0	0	0	1
KONIH1_31345=KONIH1_31350=KONIH1_31355=KONIH1_31360=KONIH1_31365	3475	NA	6	43.5	no	0	0	0	0	0	0	0	1
KONIH1_30295=KONIH1_30300=KONIH1_30305=KONIH1_30310=KONIH1_30315	3472	NA	5	39.8	no	0	0	0	0	0	0	0	1
KONIH1_30605=KONIH1_30610=KONIH1_30615=KONIH1_30620=KONIH1_30625	3465	NA	5	39.5	no	0	0	0	0	0	0	0	1
KONIH1_30980=KONIH1_30985=KONIH1_30990=KONIH1_30995=KONIH1_31000	3465	NA	5	29.3	no	0	0	0	0	0	0	0	1
KONIH1_30300=KONIH1_30305=KONIH1_30310=KONIH1_30315=KONIH1_30320	3450	NA	5	33.6	no	0	0	0	0	0	0	0	1
KONIH1_30640=KONIH1_30645=KONIH1_30650=KONIH1_30655=KONIH1_30660	3431	NA	5	46.4	no	0	0	0	0	0	0	0	1
KONIH1_30510=KONIH1_30525=KONIH1_30530=KONIH1_30535=KONIH1_30540	3429	NA	7	8.8	no	0	0	0	0	0	0	0	1
KONIH1_30660=KONIH1_30665=KONIH1_30670=KONIH1_30675=KONIH1_30680	3426	NA	6	27.4	no	0	0	0	0	0	0	0	1
KONIH1_30645=KONIH1_30650=KONIH1_30655=KONIH1_30660=KONIH1_30665	3420	NA	5	45.5	no	0	0	0	0	0	0	0	1
KONIH1_30400=KONIH1_30405=KONIH1_30410=KONIH1_30415=KONIH1_30420	3400	NA	6	41.1	no	0	0	0	0	0	0	0	1
KONIH1_30445=KONIH1_30450=KONIH1_30455=KONIH1_30460=KONIH1_30465	3391	NA	4	15.2	no	0	0	0	0	0	1	0	1
KONIH1_30650=KONIH1_30655=KONIH1_30660=KONIH1_30665=KONIH1_30670	3353	NA	6	35.9	no	0	0	0	0	0	0	0	1
KONIH1_30620=KONIH1_30625=KONIH1_30635=KONIH1_30640=KONIH1_30645	3314	NA	7	47.2	no	0	0	0	0	0	0	0	1
KONIH1_30740=KONIH1_30745=KONIH1_30750=KONIH1_30755=KONIH1_30760	3314	NA	6	40.4	no	0	0	0	0	1	0	0	1
KONIH1_30625=KONIH1_30635=KONIH1_30640=KONIH1_30645=KONIH1_30650	3306	NA	7	46.7	no	0	0	0	0	0	0	0	1
KONIH1_30975=KONIH1_30980=KONIH1_30985=KONIH1_30990=KONIH1_30995	3233	NA	5	29.8	no	0	0	0	0	0	0	0	1
KONIH1_30290=KONIH1_30295=KONIH1_30300=KONIH1_30305=KONIH1_30310	3214	NA	5	50.5	no	0	0	0	0	0	0	0	1
KONIH1_30600=KONIH1_30605=KONIH1_30610=KONIH1_30615=KONIH1_30620	3208	NA	5	34.0	no	0	0	0	0	0	0	0	1
KONIH1_30570=KONIH1_30575=KONIH1_30580=KONIH1_30585=KONIH1_30590	3184	NA	5	-0.9	no	0	0	0	0	0	0	0	1
KONIH1_30310=KONIH1_30315=KONIH1_30320=KONIH1_30325=KONIH1_30330	3178	NA	5	40.8	no	0	0	0	0	0	0	0	1
KONIH1_31335=KONIH1_31340=KONIH1_31345=KONIH1_31350=KONIH1_31355	3051	NA	5	41.4	no	0	0	0	0	0	0	0	1
KONIH1_30440=KONIH1_30445=KONIH1_30450=KONIH1_30455=KONIH1_30460	3024	NA	4	21.6	no	0	0	0	0	0	0	0	1
KONIH1_31030=KONIH1_31035=KONIH1_31040=KONIH1_31045=KONIH1_31055	2903	NA	6	31.7	no	0	0	0	0	0	0	0	1
KONIH1_30550=KONIH1_30555=KONIH1_30560=KONIH1_30565=KONIH1_30570	2850	NA	6	17.9	no	0	0	0	0	0	0	0	1
KONIH1_30545=KONIH1_30550=KONIH1_30555=KONIH1_30560=KONIH1_30565	2838	NA	6	14.8	no	0	0	0	0	0	0	0	1
KONIH1_30725=KONIH1_30730=KONIH1_30735=KONIH1_30740=KONIH1_30745	2836	NA	6	40.1	no	0	0	0	0	0	0	0	1
KONIH1_30940=KONIH1_30945=KONIH1_30950=KONIH1_30955=KONIH1_30960	2830	NA	5	29.7	no	0	0	0	0	0	0	0	1
KONIH1_30435=KONIH1_30440=KONIH1_30445=KONIH1_30450=KONIH1_30455	2806	NA	5	19.8	no	0	0	0	0	0	0	0	1
KONIH1_30735=KONIH1_30740=KONIH1_30745=KONIH1_30750=KONIH1_30755	2790	NA	6	40.4	no	0	0	0	0	0	0	0	1
KONIH1_30285=KONIH1_30290=KONIH1_30295=KONIH1_30300=KONIH1_30305	2779	NA	5	50.2	no	0	0	0	0	0	0	0	1
KONIH1_30540=KONIH1_30545=KONIH1_30550=KONIH1_30555=KONIH1_30560	2749	NA	5	12.5	no	0	0	0	0	0	0	0	1
KONIH1_30315=KONIH1_30320=KONIH1_30325=KONIH1_30330=KONIH1_30335	2700	NA	5	40.0	no	0	0	0	0	0	0	0	1
KONIH1_30720=KONIH1_30725=KONIH1_30730=KONIH1_30735=KONIH1_30740	2676	NA	5	40.7	no	0	0	0	0	0	0	0	1
KONIH1_31025=KONIH1_31030=KONIH1_31035=KONIH1_31040=KONIH1_31045	2657	NA	5	31.2	no	0	0	0	0	0	0	0	1
KONIH1_30555=KONIH1_30560=KONIH1_30565=KONIH1_30570=KONIH1_30575	2643	NA	6	17.9	no	0	0	0	0	0	0	0	1
KONIH1_30945=KONIH1_30950=KONIH1_30955=KONIH1_30960=KONIH1_30965	2642	NA	5	30.3	no	0	0	0	0	0	0	0	1
KONIH1_30635=KONIH1_30640=KONIH1_30645=KONIH1_30650=KONIH1_30655	2626	NA	6	46.1	no	0	0	0	0	0	0	0	1
KONIH1_30730=KONIH1_30735=KONIH1_30740=KONIH1_30745=KONIH1_30750	2623	NA	6	40.1	no	0	0	0	0	0	0	0	1
KONIH1_30950=KONIH1_30955=KONIH1_30960=KONIH1_30965=KONIH1_30975	2597	NA	6	30.3	no	0	0	0	0	0	0	0	1
KONIH1_30280=KONIH1_30285=KONIH1_30290=KONIH1_30295=KONIH1_30300	2533	NA	5	50.4	no	0	0	0	0	0	0	0	1
KONIH1_31340=KONIH1_31345=KONIH1_31350=KONIH1_31355=KONIH1_31360	2452	NA	5	41.6	no	0	0	0	0	0	0	0	1
KONIH1_30325=KONIH1_30330=KONIH1_30335=KONIH1_30340=KONIH1_30345	2395	NA	5	47.6	no	0	0	0	0	0	0	0	1
KONIH1_30525=KONIH1_30530=KONIH1_30535=KONIH1_30540=KONIH1_30545	2390	NA	5	11.8	no	0	0	0	0	0	0	0	1
KONIH1_30335=KONIH1_30340=KONIH1_30345=KONIH1_30350=KONIH1_30355	2351	NA	5	44.9	no	0	0	0	0	0	0	0	1
KONIH1_30345=KONIH1_30350=KONIH1_30355=KONIH1_30360=KONIH1_30365	2327	NA	5	45.4	no	0	0	0	0	0	0	0	1
KONIH1_30965=KONIH1_30975=KONIH1_30980=KONIH1_30985=KONIH1_30990	2320	NA	6	30.1	no	0	0	0	0	0	0	0	1
KONIH1_30960=KONIH1_30965=KONIH1_30975=KONIH1_30980=KONIH1_30985	2319	NA	6	30.1	no	0	0	0	0	0	0	0	1
KONIH1_30665=KONIH1_30670=KONIH1_30675=KONIH1_30680=KONIH1_30685	2303	NA	6	25.9	no	0	0	0	0	0	0	0	1
KONIH1_30395=KONIH1_30400=KONIH1_30405=KONIH1_30410=KONIH1_30415	2270	NA	5	48.4	no	0	0	0	0	0	0	0	1
KONIH1_30330=KONIH1_30335=KONIH1_30340=KONIH1_30345=KONIH1_30350	2250	NA	5	45.3	no	0	0	0	0	0	0	0	1
KONIH1_30560=KONIH1_30565=KONIH1_30570=KONIH1_30575=KONIH1_30580	2186	NA	6	14.9	no	0	0	0	0	0	0	0	1
KONIH1_30340=KONIH1_30345=KONIH1_30350=KONIH1_30355=KONIH1_30360	2163	NA	5	45.5	no	0	0	0	0	0	0	0	1
KONIH1_30535=KONIH1_30540=KONIH1_30545=KONIH1_30550=KONIH1_30555	2115	NA	5	13.6	no	0	0	0	0	0	0	0	1
KONIH1_30955=KONIH1_30960=KONIH1_30965=KONIH1_30975=KONIH1_30980	2069	NA	6	30.1	no	0	0	0	0	0	0	0	1
KONIH1_30360=KONIH1_30365=KONIH1_30370=KONIH1_30375=KONIH1_30380	2049	NA	5	50.1	no	0	0	0	0	0	0	0	1
KONIH1_30320=KONIH1_30325=KONIH1_30330=KONIH1_30335=KONIH1_30340	2036	NA	5	50.1	no	0	0	0	0	0	0	0	1
KONIH1_30365=KONIH1_30370=KONIH1_30375=KONIH1_30380=KONIH1_30385	2030	NA	4	49.6	no	0	0	0	0	0	0	0	1
KONIH1_30670=KONIH1_30675=KONIH1_30680=KONIH1_30685=KONIH1_30690	2021	NA	4	24.0	no	0	0	0	0	0	0	0	1
KONIH1_31020=KONIH1_31025=KONIH1_31030=KONIH1_31035=KONIH1_31040	2006	NA	5	30.9	no	0	0	0	0	0	0	0	1
KONIH1_30375=KONIH1_30380=KONIH1_30385=KONIH1_30390=KONIH1_30395	1979	NA	4	49.6	no	0	0	0	0	0	0	0	1
KONIH1_30390=KONIH1_30395=KONIH1_30400=KONIH1_30405=KONIH1_30410	1975	NA	5	48.8	no	0	0	0	0	0	0	0	1
KONIH1_30380=KONIH1_30385=KONIH1_30390=KONIH1_30395=KONIH1_30400	1929	NA	4	49.4	no	0	0	0	0	0	0	0	1
KONIH1_30355=KONIH1_30360=KONIH1_30365=KONIH1_30370=KONIH1_30375	1923	NA	5	50.3	no	0	0	0	0	0	0	0	1
KONIH1_30530=KONIH1_30535=KONIH1_30540=KONIH1_30545=KONIH1_30550	1911	NA	5	14.7	no	0	0	0	0	0	0	0	1
KONIH1_30370=KONIH1_30375=KONIH1_30380=KONIH1_30385=KONIH1_30390	1904	NA	4	49.5	no	0	0	0	0	0	0	0	1
KONIH1_30565=KONIH1_30570=KONIH1_30575=KONIH1_30580=KONIH1_30585	1876	NA	5	5.3	no	0	0	0	0	0	0	0	1
KONIH1_30350=KONIH1_30355=KONIH1_30360=KONIH1_30365=KONIH1_30370	1773	NA	5	47.8	no	0	0	0	0	0	0	0	1
KONIH1_30385=KONIH1_30390=KONIH1_30395=KONIH1_30400=KONIH1_30405	1641	NA	4	48.8	no	0	0	0	0	0	0	0	1
