ID	Length	Coverage	# ORFs	RDS	Circular	Inc Type(s)	# Replication	# Mobilization	# OriT	# Conjugation	# AMRs	# rRNAs	# Plasmid Hits
ECNIH3_24040=ECNIH3_24045=ECNIH3_24050=ECNIH3_23680=ECNIH3_23685	7598	NA	7	0.2	no	0	0	1	0	0	0	0	0
ECNIH3_24045=ECNIH3_24050=ECNIH3_23680=ECNIH3_23685=ECNIH3_23690	7492	NA	5	0.2	no	0	0	1	0	1	0	0	0
ECNIH3_23750=ECNIH3_23760=ECNIH3_23775=ECNIH3_23780=ECNIH3_23785	7375	NA	8	0.3	no	1	0	0	0	0	0	0	1
ECNIH3_23875=ECNIH3_23880=ECNIH3_23885=ECNIH3_23890=ECNIH3_23900	7149	NA	6	0.4	no	0	0	0	0	0	0	0	1
ECNIH3_24050=ECNIH3_23680=ECNIH3_23685=ECNIH3_23690=ECNIH3_23695	7071	NA	6	0.2	no	0	0	1	0	1	0	0	1
ECNIH3_23835=ECNIH3_23845=ECNIH3_23855=ECNIH3_23860=ECNIH3_23865	7066	NA	6	0.4	no	0	0	0	0	1	0	0	1
ECNIH3_23890=ECNIH3_23900=ECNIH3_23905=ECNIH3_23910=ECNIH3_23925	6922	NA	9	0.3	no	0	0	0	0	0	0	0	1
ECNIH3_23830=ECNIH3_23835=ECNIH3_23845=ECNIH3_23855=ECNIH3_23860	6401	NA	6	0.4	no	0	0	0	0	1	0	0	1
ECNIH3_23775=ECNIH3_23780=ECNIH3_23785=ECNIH3_23790=ECNIH3_23800	6292	NA	7	0.3	no	1	0	0	0	0	0	0	1
ECNIH3_23685=ECNIH3_23690=ECNIH3_23695=ECNIH3_23700=ECNIH3_23705	6287	NA	5	0.4	no	0	0	1	0	1	0	0	1
ECNIH3_23880=ECNIH3_23885=ECNIH3_23890=ECNIH3_23900=ECNIH3_23905	6246	NA	6	0.4	no	0	0	0	0	0	0	0	1
ECNIH3_23680=ECNIH3_23685=ECNIH3_23690=ECNIH3_23695=ECNIH3_23700	6209	NA	5	0.3	no	0	0	1	0	1	0	0	1
ECNIH3_23885=ECNIH3_23890=ECNIH3_23900=ECNIH3_23905=ECNIH3_23910	6175	NA	7	0.3	no	0	0	0	0	0	0	0	1
ECNIH3_23860=ECNIH3_23865=ECNIH3_23870=ECNIH3_23875=ECNIH3_23880	6149	NA	5	0.4	no	0	0	0	0	0	0	0	1
ECNIH3_23760=ECNIH3_23775=ECNIH3_23780=ECNIH3_23785=ECNIH3_23790	5843	NA	7	0.3	no	1	0	0	0	0	0	0	1
ECNIH3_24025=ECNIH3_24040=ECNIH3_24045=ECNIH3_24050=ECNIH3_23680	5744	NA	9	0.1	no	0	0	0	0	0	0	0	1
ECNIH3_23815=ECNIH3_23820=ECNIH3_23825=ECNIH3_23830=ECNIH3_23835	5700	NA	5	0.4	no	0	0	0	0	1	0	0	1
ECNIH3_23825=ECNIH3_23830=ECNIH3_23835=ECNIH3_23845=ECNIH3_23855	5697	NA	6	0.4	no	0	0	0	0	1	0	0	1
ECNIH3_23855=ECNIH3_23860=ECNIH3_23865=ECNIH3_23870=ECNIH3_23875	5552	NA	5	0.3	no	0	0	0	0	0	0	0	1
ECNIH3_23780=ECNIH3_23785=ECNIH3_23790=ECNIH3_23800=ECNIH3_23805	5526	NA	7	0.3	no	1	0	0	0	0	0	0	1
ECNIH3_23845=ECNIH3_23855=ECNIH3_23860=ECNIH3_23865=ECNIH3_23870	5517	NA	5	0.4	no	0	0	0	0	1	0	0	1
ECNIH3_23745=ECNIH3_23750=ECNIH3_23760=ECNIH3_23775=ECNIH3_23780	5468	NA	7	0.4	no	0	0	0	0	0	0	0	1
ECNIH3_23820=ECNIH3_23825=ECNIH3_23830=ECNIH3_23835=ECNIH3_23845	5460	NA	6	0.4	no	0	0	0	0	1	0	0	1
ECNIH3_23740=ECNIH3_23745=ECNIH3_23750=ECNIH3_23760=ECNIH3_23775	5436	NA	7	0.4	no	0	0	0	0	0	0	0	1
ECNIH3_23810=ECNIH3_23815=ECNIH3_23820=ECNIH3_23825=ECNIH3_23830	5052	NA	5	0.3	no	0	0	0	0	1	0	0	1
ECNIH3_23865=ECNIH3_23870=ECNIH3_23875=ECNIH3_23880=ECNIH3_23885	4963	NA	5	0.4	no	0	0	0	0	0	0	0	1
ECNIH3_24020=ECNIH3_24025=ECNIH3_24040=ECNIH3_24045=ECNIH3_24050	4931	NA	9	0.1	no	0	0	0	0	0	0	0	1
ECNIH3_23900=ECNIH3_23905=ECNIH3_23910=ECNIH3_23925=ECNIH3_23930	4871	NA	9	0.3	no	0	0	0	0	0	0	0	1
ECNIH3_23905=ECNIH3_23910=ECNIH3_23925=ECNIH3_23930=ECNIH3_23940	4841	NA	10	0.3	no	0	0	0	0	0	0	0	1
ECNIH3_23805=ECNIH3_23810=ECNIH3_23815=ECNIH3_23820=ECNIH3_23825	4663	NA	5	0.3	no	0	0	0	0	1	0	0	1
ECNIH3_23735=ECNIH3_23740=ECNIH3_23745=ECNIH3_23750=ECNIH3_23760	4565	NA	6	0.4	no	0	0	0	0	0	0	0	1
ECNIH3_23790=ECNIH3_23800=ECNIH3_23805=ECNIH3_23810=ECNIH3_23815	4555	NA	6	0.3	no	0	0	0	0	1	0	0	1
ECNIH3_23870=ECNIH3_23875=ECNIH3_23880=ECNIH3_23885=ECNIH3_23890	4555	NA	5	0.4	no	0	0	0	0	0	0	0	1
ECNIH3_24015=ECNIH3_24020=ECNIH3_24025=ECNIH3_24040=ECNIH3_24045	4192	NA	9	0.1	no	0	0	0	0	0	0	0	1
ECNIH3_23910=ECNIH3_23925=ECNIH3_23930=ECNIH3_23940=ECNIH3_23945	4156	NA	9	0.2	no	0	0	0	0	0	0	0	1
ECNIH3_23800=ECNIH3_23805=ECNIH3_23810=ECNIH3_23815=ECNIH3_23820	3943	NA	5	0.3	no	0	0	0	0	1	0	0	1
ECNIH3_23970=ECNIH3_23975=ECNIH3_23985=ECNIH3_23990=ECNIH3_23995	3939	NA	6	0.3	no	0	0	0	0	0	0	0	1
ECNIH3_23695=ECNIH3_23700=ECNIH3_23705=ECNIH3_23710=ECNIH3_23720	3922	NA	6	0.4	no	0	0	0	0	0	0	0	1
ECNIH3_23690=ECNIH3_23695=ECNIH3_23700=ECNIH3_23705=ECNIH3_23710	3772	NA	5	0.4	no	0	0	0	0	1	0	0	1
ECNIH3_23965=ECNIH3_23970=ECNIH3_23975=ECNIH3_23985=ECNIH3_23990	3702	NA	6	0.3	no	0	0	0	0	0	0	0	1
ECNIH3_23975=ECNIH3_23985=ECNIH3_23990=ECNIH3_23995=ECNIH3_24000	3675	NA	6	0.2	no	0	0	0	0	0	0	0	1
ECNIH3_23700=ECNIH3_23705=ECNIH3_23710=ECNIH3_23720=ECNIH3_23725	3652	NA	6	0.4	no	0	0	0	0	0	0	0	1
ECNIH3_23710=ECNIH3_23720=ECNIH3_23725=ECNIH3_23730=ECNIH3_23735	3619	NA	6	0.4	no	0	0	0	0	0	0	0	1
ECNIH3_23705=ECNIH3_23710=ECNIH3_23720=ECNIH3_23725=ECNIH3_23730	3611	NA	6	0.4	no	0	0	0	0	0	0	0	1
ECNIH3_23960=ECNIH3_23965=ECNIH3_23970=ECNIH3_23975=ECNIH3_23985	3364	NA	7	0.3	no	0	0	0	0	0	0	0	1
ECNIH3_23925=ECNIH3_23930=ECNIH3_23940=ECNIH3_23945=ECNIH3_23950	3303	NA	7	0.3	no	0	0	0	0	0	0	0	1
ECNIH3_24010=ECNIH3_24015=ECNIH3_24020=ECNIH3_24025=ECNIH3_24040	3164	NA	8	0.2	no	0	0	0	0	0	0	0	1
ECNIH3_23730=ECNIH3_23735=ECNIH3_23740=ECNIH3_23745=ECNIH3_23750	3110	NA	5	0.4	no	0	0	0	0	0	0	0	1
ECNIH3_23985=ECNIH3_23990=ECNIH3_23995=ECNIH3_24000=ECNIH3_24005	2963	NA	6	0.2	no	0	0	0	0	0	0	0	1
ECNIH3_23785=ECNIH3_23790=ECNIH3_23800=ECNIH3_23805=ECNIH3_23810	2868	NA	6	0.3	no	1	0	0	0	0	0	0	1
ECNIH3_23930=ECNIH3_23940=ECNIH3_23945=ECNIH3_23950=ECNIH3_23955	2848	NA	6	0.3	no	0	0	0	0	0	0	0	1
ECNIH3_23990=ECNIH3_23995=ECNIH3_24000=ECNIH3_24005=ECNIH3_24010	2790	NA	6	0.2	no	0	0	0	0	0	0	0	1
ECNIH3_23950=ECNIH3_23955=ECNIH3_23960=ECNIH3_23965=ECNIH3_23970	2683	NA	7	0.3	no	0	0	0	0	0	0	0	1
ECNIH3_23725=ECNIH3_23730=ECNIH3_23735=ECNIH3_23740=ECNIH3_23745	2665	NA	5	0.4	no	0	0	0	0	0	0	0	1
ECNIH3_23955=ECNIH3_23960=ECNIH3_23965=ECNIH3_23970=ECNIH3_23975	2644	NA	7	0.3	no	0	0	0	0	0	0	0	1
ECNIH3_23940=ECNIH3_23945=ECNIH3_23950=ECNIH3_23955=ECNIH3_23960	2558	NA	5	0.3	no	0	0	0	0	0	0	0	1
ECNIH3_23720=ECNIH3_23725=ECNIH3_23730=ECNIH3_23735=ECNIH3_23740	2474	NA	5	0.4	no	0	0	0	0	0	0	0	1
ECNIH3_23945=ECNIH3_23950=ECNIH3_23955=ECNIH3_23960=ECNIH3_23965	2306	NA	6	0.2	no	0	0	0	0	0	0	0	1
ECNIH3_24005=ECNIH3_24010=ECNIH3_24015=ECNIH3_24020=ECNIH3_24025	2130	NA	6	0.2	no	0	0	0	0	0	0	0	1
ECNIH3_23995=ECNIH3_24000=ECNIH3_24005=ECNIH3_24010=ECNIH3_24015	1943	NA	5	0.1	no	0	0	0	0	0	0	0	1
ECNIH3_24000=ECNIH3_24005=ECNIH3_24010=ECNIH3_24015=ECNIH3_24020	1896	NA	5	0.1	no	0	0	0	0	0	0	0	1
