ID	Length	Coverage	# ORFs	RDS	Circular	Inc Type(s)	# Replication	# Mobilization	# OriT	# Conjugation	# AMRs	# rRNAs	# Plasmid Hits
KPNIH10_26430=KPNIH10_26435=KPNIH10_26440=KPNIH10_26445=KPNIH10_26450	7068	NA	15	1.4	no	1	0	0	0	0	0	0	1
KPNIH10_26435=KPNIH10_26440=KPNIH10_26445=KPNIH10_26450=KPNIH10_26455	6071	NA	13	1.6	no	1	0	1	0	0	0	0	1
KPNIH10_26410=KPNIH10_26415=KPNIH10_26420=KPNIH10_26425=KPNIH10_26430	5568	NA	6	26.4	no	0	0	0	0	0	1	0	1
KPNIH10_26480=KPNIH10_26485=KPNIH10_26410=KPNIH10_26415=KPNIH10_26420	5407	NA	7	20.0	no	0	0	0	0	0	1	0	1
KPNIH10_26440=KPNIH10_26445=KPNIH10_26450=KPNIH10_26455=KPNIH10_26460	5201	NA	13	1.5	no	1	0	0	0	0	0	0	1
KPNIH10_26485=KPNIH10_26410=KPNIH10_26415=KPNIH10_26420=KPNIH10_26425	5177	NA	6	21.2	no	0	0	0	0	0	1	0	1
KPNIH10_26445=KPNIH10_26450=KPNIH10_26455=KPNIH10_26460=KPNIH10_26465	5066	NA	13	2.7	no	1	0	0	0	0	0	0	1
KPNIH10_26475=KPNIH10_26480=KPNIH10_26485=KPNIH10_26410=KPNIH10_26415	4908	NA	6	20.6	no	0	0	0	0	0	0	0	1
KPNIH10_26415=KPNIH10_26420=KPNIH10_26425=KPNIH10_26430=KPNIH10_26435	4822	NA	9	12.3	no	0	0	0	0	0	1	0	1
KPNIH10_26470=KPNIH10_26475=KPNIH10_26480=KPNIH10_26485=KPNIH10_26410	4628	NA	6	16.4	no	0	0	0	0	0	0	0	1
KPNIH10_26420=KPNIH10_26425=KPNIH10_26430=KPNIH10_26435=KPNIH10_26440	4349	NA	8	10.5	no	0	0	0	0	0	1	0	1
KPNIH10_26425=KPNIH10_26430=KPNIH10_26435=KPNIH10_26440=KPNIH10_26445	3908	NA	8	8.2	no	0	0	0	0	0	0	0	1
KPNIH10_26450=KPNIH10_26455=KPNIH10_26460=KPNIH10_26465=KPNIH10_26470	3882	NA	8	6.7	no	0	0	0	0	0	0	0	1
KPNIH10_26455=KPNIH10_26460=KPNIH10_26465=KPNIH10_26470=KPNIH10_26475	2283	NA	5	14.5	no	0	0	0	0	0	0	0	1
KPNIH10_26460=KPNIH10_26465=KPNIH10_26470=KPNIH10_26475=KPNIH10_26480	1798	NA	5	15.6	no	0	0	0	0	0	0	0	1
KPNIH10_26465=KPNIH10_26470=KPNIH10_26475=KPNIH10_26480=KPNIH10_26485	1794	NA	6	13.2	no	0	0	0	0	0	0	0	1
