ID	Length	Coverage	# ORFs	RDS	Circular	Inc Type(s)	# Replication	# Mobilization	# OriT	# Conjugation	# AMRs	# rRNAs	# Plasmid Hits
KONIH1_29855=KONIH1_29860=KONIH1_29865=KONIH1_29870=KONIH1_29875	12511	NA	5	20.3	no	0	0	1	0	2	0	0	1
KONIH1_29850=KONIH1_29855=KONIH1_29860=KONIH1_29865=KONIH1_29870	11950	NA	5	1.6	no	0	0	1	0	2	0	0	1
KONIH1_29840=KONIH1_29845=KONIH1_29850=KONIH1_29855=KONIH1_29860	10014	NA	5	1.6	no	0	0	1	0	2	0	0	1
KONIH1_29845=KONIH1_29850=KONIH1_29855=KONIH1_29860=KONIH1_29865	9844	NA	5	1.6	no	0	0	1	0	2	0	0	1
KONIH1_29835=KONIH1_29840=KONIH1_29845=KONIH1_29850=KONIH1_29855	8101	NA	5	1.5	no	0	0	1	0	1	0	0	1
KONIH1_29530=KONIH1_29535=KONIH1_29540=KONIH1_29545=KONIH1_29550	8018	NA	5	4.9	no	0	0	0	0	0	0	0	1
KONIH1_29860=KONIH1_29865=KONIH1_29870=KONIH1_29875=KONIH1_29880	7815	NA	5	20.3	no	0	0	0	0	2	0	0	1
KONIH1_29535=KONIH1_29540=KONIH1_29545=KONIH1_29550=KONIH1_29555	7789	NA	5	2.2	no	0	0	0	0	0	0	0	1
KONIH1_29540=KONIH1_29545=KONIH1_29550=KONIH1_29555=KONIH1_29560	7257	NA	5	1.9	no	0	0	0	0	0	0	0	1
KONIH1_29520=KONIH1_29525=KONIH1_29530=KONIH1_29535=KONIH1_29540	7201	NA	5	-0.2	no	0	0	0	0	0	0	0	1
KONIH1_29525=KONIH1_29530=KONIH1_29535=KONIH1_29540=KONIH1_29545	6858	NA	5	0.1	no	0	0	0	0	0	0	0	1
KONIH1_29730=KONIH1_29735=KONIH1_29740=KONIH1_29745=KONIH1_29750	6662	NA	6	16.8	no	0	0	0	0	0	0	0	1
KONIH1_29735=KONIH1_29740=KONIH1_29745=KONIH1_29750=KONIH1_29755	6476	NA	6	16.3	no	0	0	0	0	0	0	0	1
KONIH1_29550=KONIH1_29555=KONIH1_29560=KONIH1_29565=KONIH1_29570	6247	NA	5	1.6	no	0	0	0	0	0	0	0	1
KONIH1_29725=KONIH1_29730=KONIH1_29735=KONIH1_29740=KONIH1_29745	6237	NA	6	17.5	no	0	0	0	0	0	0	0	1
KONIH1_29720=KONIH1_29725=KONIH1_29730=KONIH1_29735=KONIH1_29740	6139	NA	5	21.2	no	0	0	0	0	0	0	0	1
KONIH1_29780=KONIH1_29785=KONIH1_29790=KONIH1_29795=KONIH1_29800	6119	NA	5	22.6	no	0	0	0	0	0	0	0	1
KONIH1_30180=KONIH1_30185=KONIH1_30190=KONIH1_30195=KONIH1_30200	5969	NA	5	72.5	no	2	1	0	0	0	0	0	1
KONIH1_29775=KONIH1_29780=KONIH1_29785=KONIH1_29790=KONIH1_29795	5920	NA	5	18.1	no	0	0	0	0	0	0	0	1
KONIH1_30165=KONIH1_30170=KONIH1_30175=KONIH1_30180=KONIH1_30185	5871	NA	6	54.3	no	0	0	0	0	0	0	0	1
KONIH1_29765=KONIH1_29770=KONIH1_29775=KONIH1_29780=KONIH1_29785	5869	NA	6	-5.3	no	0	0	0	0	0	0	0	1
KONIH1_29740=KONIH1_29745=KONIH1_29750=KONIH1_29755=KONIH1_29760	5861	NA	6	1.1	no	0	0	0	0	0	0	0	1
KONIH1_30170=KONIH1_30175=KONIH1_30180=KONIH1_30185=KONIH1_30190	5856	NA	6	61.5	no	0	0	0	0	0	0	0	1
KONIH1_29760=KONIH1_29765=KONIH1_29770=KONIH1_29775=KONIH1_29780	5803	NA	6	-9.0	no	0	0	0	0	0	0	0	1
KONIH1_29870=KONIH1_29875=KONIH1_29880=KONIH1_29885=KONIH1_29890	5741	NA	5	20.7	no	0	0	0	0	2	0	0	1
KONIH1_30185=KONIH1_30190=KONIH1_30195=KONIH1_30200=KONIH1_30205	5566	NA	6	40.9	no	2	1	0	0	0	0	0	1
KONIH1_29865=KONIH1_29870=KONIH1_29875=KONIH1_29880=KONIH1_29885	5525	NA	5	20.3	no	0	0	0	0	1	0	0	1
KONIH1_29515=KONIH1_29520=KONIH1_29525=KONIH1_29530=KONIH1_29535	5512	NA	5	0.1	no	0	0	0	0	0	0	0	1
KONIH1_30160=KONIH1_30165=KONIH1_30170=KONIH1_30175=KONIH1_30180	5489	NA	6	54.3	no	0	0	0	0	0	0	0	1
KONIH1_30175=KONIH1_30180=KONIH1_30185=KONIH1_30190=KONIH1_30195	5467	NA	6	78.8	no	1	1	0	0	0	0	0	1
KONIH1_29800=KONIH1_29805=KONIH1_29810=KONIH1_29815=KONIH1_29820	5442	NA	6	16.3	no	0	1	0	0	0	0	0	1
KONIH1_29925=KONIH1_29930=KONIH1_29935=KONIH1_29940=KONIH1_29945	5319	NA	5	3.9	no	0	0	0	0	2	0	0	1
KONIH1_29490=KONIH1_29495=KONIH1_29505=KONIH1_29510=KONIH1_29515	5312	NA	6	10.8	no	0	0	0	0	0	0	0	1
KONIH1_29770=KONIH1_29775=KONIH1_29780=KONIH1_29785=KONIH1_29790	5300	NA	5	-1.8	no	0	0	0	0	0	0	0	1
KONIH1_29810=KONIH1_29815=KONIH1_29820=KONIH1_29825=KONIH1_29830	5238	NA	6	11.4	no	0	1	0	0	0	0	0	1
KONIH1_30190=KONIH1_30195=KONIH1_30200=KONIH1_30205=KONIH1_30210	5150	NA	5	35.9	no	2	1	0	0	0	0	0	1
KONIH1_29805=KONIH1_29810=KONIH1_29815=KONIH1_29820=KONIH1_29825	5148	NA	6	15.2	no	0	1	0	0	0	0	0	1
KONIH1_30255=KONIH1_29490=KONIH1_29495=KONIH1_29505=KONIH1_29510	5138	NA	6	14.9	no	0	0	0	0	0	0	0	1
KONIH1_29790=KONIH1_29795=KONIH1_29800=KONIH1_29805=KONIH1_29810	5100	NA	5	22.6	no	0	0	0	0	0	0	0	1
KONIH1_30250=KONIH1_30255=KONIH1_29490=KONIH1_29495=KONIH1_29505	5049	NA	6	30.1	no	0	0	0	0	0	0	0	1
KONIH1_29920=KONIH1_29925=KONIH1_29930=KONIH1_29935=KONIH1_29940	5021	NA	5	4.2	no	0	0	0	0	3	0	0	1
KONIH1_29785=KONIH1_29790=KONIH1_29795=KONIH1_29800=KONIH1_29805	4968	NA	5	22.7	no	0	0	0	0	0	0	0	1
KONIH1_29910=KONIH1_29915=KONIH1_29920=KONIH1_29925=KONIH1_29930	4934	NA	5	4.8	no	0	0	0	0	4	0	0	1
KONIH1_30205=KONIH1_30210=KONIH1_30215=KONIH1_30220=KONIH1_30225	4916	NA	6	-1.5	no	0	0	0	0	0	0	0	1
KONIH1_29505=KONIH1_29510=KONIH1_29515=KONIH1_29520=KONIH1_29525	4899	NA	5	-1.8	no	0	0	0	0	0	0	0	1
KONIH1_29560=KONIH1_29565=KONIH1_29570=KONIH1_29575=KONIH1_29580	4844	NA	5	0.6	no	0	0	0	0	0	0	0	1
KONIH1_29570=KONIH1_29575=KONIH1_29580=KONIH1_29585=KONIH1_29590	4803	NA	5	0.7	no	0	0	0	0	0	0	0	1
KONIH1_29510=KONIH1_29515=KONIH1_29520=KONIH1_29525=KONIH1_29530	4783	NA	5	-0.3	no	0	0	0	0	0	0	0	1
KONIH1_29545=KONIH1_29550=KONIH1_29555=KONIH1_29560=KONIH1_29565	4762	NA	5	2.0	no	0	0	0	0	0	0	0	1
KONIH1_29565=KONIH1_29570=KONIH1_29575=KONIH1_29580=KONIH1_29585	4752	NA	5	0.8	no	0	0	0	0	0	0	0	1
KONIH1_30245=KONIH1_30250=KONIH1_30255=KONIH1_29490=KONIH1_29495	4740	NA	5	42.9	no	0	0	0	0	0	0	0	1
KONIH1_29595=KONIH1_29600=KONIH1_29610=KONIH1_29620=KONIH1_29625	4719	NA	7	7.7	no	0	0	0	0	0	0	0	1
KONIH1_29930=KONIH1_29935=KONIH1_29940=KONIH1_29945=KONIH1_29950	4718	NA	5	2.8	no	0	0	0	0	1	0	0	1
KONIH1_30195=KONIH1_30200=KONIH1_30205=KONIH1_30210=KONIH1_30215	4693	NA	5	11.8	no	2	1	0	0	0	0	0	1
KONIH1_29555=KONIH1_29560=KONIH1_29565=KONIH1_29570=KONIH1_29575	4655	NA	4	0.6	no	0	0	0	0	0	0	0	1
KONIH1_29675=KONIH1_29680=KONIH1_29685=KONIH1_29690=KONIH1_29695	4624	NA	6	9.3	no	0	0	0	0	0	0	0	1
KONIH1_29915=KONIH1_29920=KONIH1_29925=KONIH1_29930=KONIH1_29935	4595	NA	5	4.3	no	0	0	0	0	4	0	0	1
KONIH1_30155=KONIH1_30160=KONIH1_30165=KONIH1_30170=KONIH1_30175	4581	NA	5	48.1	no	0	0	0	0	0	0	0	1
KONIH1_30215=KONIH1_30220=KONIH1_30225=KONIH1_30230=KONIH1_30235	4577	NA	6	0.7	no	0	0	0	0	0	0	0	1
KONIH1_29935=KONIH1_29940=KONIH1_29945=KONIH1_29950=KONIH1_29955	4574	NA	5	2.5	no	0	0	0	0	0	0	0	1
KONIH1_29940=KONIH1_29945=KONIH1_29950=KONIH1_29955=KONIH1_29960	4568	NA	5	1.9	no	0	0	0	0	0	0	0	1
KONIH1_29750=KONIH1_29755=KONIH1_29760=KONIH1_29765=KONIH1_29770	4532	NA	6	-12.5	no	0	0	0	0	0	0	0	1
KONIH1_29905=KONIH1_29910=KONIH1_29915=KONIH1_29920=KONIH1_29925	4523	NA	5	4.0	no	0	0	0	0	3	0	0	1
KONIH1_30210=KONIH1_30215=KONIH1_30220=KONIH1_30225=KONIH1_30230	4492	NA	6	-1.1	no	0	0	0	0	0	0	0	1
KONIH1_30200=KONIH1_30205=KONIH1_30210=KONIH1_30215=KONIH1_30220	4469	NA	5	-8.8	no	0	0	0	0	0	0	0	1
KONIH1_29495=KONIH1_29505=KONIH1_29510=KONIH1_29515=KONIH1_29520	4418	NA	6	5.9	no	0	0	0	0	0	0	0	1
KONIH1_29575=KONIH1_29580=KONIH1_29585=KONIH1_29590=KONIH1_29595	4377	NA	5	1.4	no	0	0	0	0	0	0	0	1
KONIH1_29680=KONIH1_29685=KONIH1_29690=KONIH1_29695=KONIH1_29700	4361	NA	6	4.5	no	0	0	0	0	0	0	0	1
KONIH1_29585=KONIH1_29590=KONIH1_29595=KONIH1_29600=KONIH1_29610	4355	NA	6	8.4	no	0	0	0	0	0	0	0	1
KONIH1_30070=KONIH1_30075=KONIH1_30080=KONIH1_30090=KONIH1_30095	4353	NA	6	1.5	no	0	0	0	0	0	0	0	1
KONIH1_29755=KONIH1_29760=KONIH1_29765=KONIH1_29770=KONIH1_29775	4317	NA	6	-12.5	no	0	0	0	0	0	0	0	1
KONIH1_30065=KONIH1_30070=KONIH1_30075=KONIH1_30080=KONIH1_30090	4294	NA	6	1.6	no	0	0	0	0	0	0	0	1
KONIH1_30055=KONIH1_30060=KONIH1_30065=KONIH1_30070=KONIH1_30075	4292	NA	5	7.0	no	0	0	0	0	0	0	0	1
KONIH1_30150=KONIH1_30155=KONIH1_30160=KONIH1_30165=KONIH1_30170	4273	NA	6	22.8	no	0	0	0	0	0	0	0	1
KONIH1_29815=KONIH1_29820=KONIH1_29825=KONIH1_29830=KONIH1_29835	4270	NA	6	8.0	no	0	1	0	0	0	0	0	1
KONIH1_30050=KONIH1_30055=KONIH1_30060=KONIH1_30065=KONIH1_30070	4253	NA	5	10.4	no	0	0	0	0	0	0	0	1
KONIH1_29590=KONIH1_29595=KONIH1_29600=KONIH1_29610=KONIH1_29620	4239	NA	7	7.4	no	0	0	0	0	0	0	0	1
KONIH1_30240=KONIH1_30245=KONIH1_30250=KONIH1_30255=KONIH1_29490	4210	NA	6	33.9	no	0	0	0	0	0	0	0	1
KONIH1_30060=KONIH1_30065=KONIH1_30070=KONIH1_30075=KONIH1_30080	4156	NA	5	2.1	no	0	0	0	0	0	0	0	1
KONIH1_29580=KONIH1_29585=KONIH1_29590=KONIH1_29595=KONIH1_29600	4097	NA	5	4.9	no	0	0	0	0	0	0	0	1
KONIH1_30010=KONIH1_30015=KONIH1_30020=KONIH1_30025=KONIH1_30035	4083	NA	6	2.9	no	0	0	0	0	0	0	0	1
KONIH1_29745=KONIH1_29750=KONIH1_29755=KONIH1_29760=KONIH1_29765	3971	NA	5	0.6	no	0	0	0	0	0	0	0	1
KONIH1_29795=KONIH1_29800=KONIH1_29805=KONIH1_29810=KONIH1_29815	3935	NA	5	17.8	no	0	0	0	0	0	0	0	1
KONIH1_30235=KONIH1_30240=KONIH1_30245=KONIH1_30250=KONIH1_30255	3874	NA	6	29.9	no	0	0	0	0	0	0	0	1
KONIH1_29670=KONIH1_29675=KONIH1_29680=KONIH1_29685=KONIH1_29690	3872	NA	5	18.2	no	0	0	0	0	0	0	0	1
KONIH1_29970=KONIH1_29975=KONIH1_29985=KONIH1_29990=KONIH1_29995	3842	NA	6	3.3	no	0	0	0	0	3	0	0	1
KONIH1_29600=KONIH1_29610=KONIH1_29620=KONIH1_29625=KONIH1_29630	3820	NA	7	7.4	no	0	0	0	0	0	0	0	1
KONIH1_30090=KONIH1_30095=KONIH1_30100=KONIH1_30105=KONIH1_30115	3782	NA	5	1.6	no	0	0	0	0	0	0	0	1
KONIH1_29975=KONIH1_29985=KONIH1_29990=KONIH1_29995=KONIH1_30000	3777	NA	6	20.7	no	0	0	0	0	3	0	0	1
KONIH1_29965=KONIH1_29970=KONIH1_29975=KONIH1_29985=KONIH1_29990	3775	NA	6	3.7	no	0	0	0	0	2	0	0	1
KONIH1_29900=KONIH1_29905=KONIH1_29910=KONIH1_29915=KONIH1_29920	3700	NA	5	3.2	no	0	0	0	0	2	0	0	1
KONIH1_30095=KONIH1_30100=KONIH1_30105=KONIH1_30115=KONIH1_30120	3691	NA	5	2.2	no	0	0	0	0	0	0	0	1
KONIH1_30075=KONIH1_30080=KONIH1_30090=KONIH1_30095=KONIH1_30100	3659	NA	6	1.5	no	0	0	0	0	0	0	0	1
KONIH1_30080=KONIH1_30090=KONIH1_30095=KONIH1_30100=KONIH1_30105	3658	NA	6	1.6	no	0	0	0	0	0	0	0	1
KONIH1_30145=KONIH1_30150=KONIH1_30155=KONIH1_30160=KONIH1_30165	3598	NA	6	23.3	no	0	0	0	0	0	0	0	1
KONIH1_30100=KONIH1_30105=KONIH1_30115=KONIH1_30120=KONIH1_30125	3585	NA	5	2.2	no	0	0	0	0	0	0	0	1
KONIH1_29620=KONIH1_29625=KONIH1_29630=KONIH1_29635=KONIH1_29640	3572	NA	5	5.9	no	0	0	0	0	0	0	0	1
KONIH1_29665=KONIH1_29670=KONIH1_29675=KONIH1_29680=KONIH1_29685	3572	NA	5	20.4	no	0	0	0	0	0	0	0	1
KONIH1_30005=KONIH1_30010=KONIH1_30015=KONIH1_30020=KONIH1_30025	3533	NA	5	3.1	no	0	0	0	0	0	0	0	1
KONIH1_29610=KONIH1_29620=KONIH1_29625=KONIH1_29630=KONIH1_29635	3475	NA	6	6.4	no	0	0	0	0	0	0	0	1
KONIH1_29895=KONIH1_29900=KONIH1_29905=KONIH1_29910=KONIH1_29915	3450	NA	5	4.0	no	0	0	0	0	1	0	0	1
KONIH1_30025=KONIH1_30035=KONIH1_30040=KONIH1_30045=KONIH1_30050	3419	NA	7	5.2	no	0	0	0	0	0	0	0	1
KONIH1_29985=KONIH1_29990=KONIH1_29995=KONIH1_30000=KONIH1_30005	3416	NA	5	25.1	no	0	0	0	0	3	0	0	1
KONIH1_29830=KONIH1_29835=KONIH1_29840=KONIH1_29845=KONIH1_29850	3404	NA	5	1.4	no	0	0	0	0	1	0	0	1
KONIH1_30015=KONIH1_30020=KONIH1_30025=KONIH1_30035=KONIH1_30040	3387	NA	6	2.8	no	0	0	0	0	0	0	0	1
KONIH1_29820=KONIH1_29825=KONIH1_29830=KONIH1_29835=KONIH1_29840	3379	NA	5	4.6	no	0	1	0	0	0	0	0	1
KONIH1_29625=KONIH1_29630=KONIH1_29635=KONIH1_29640=KONIH1_29645	3360	NA	5	24.3	no	0	0	0	0	0	0	0	1
KONIH1_29685=KONIH1_29690=KONIH1_29695=KONIH1_29700=KONIH1_29705	3342	NA	6	7.2	no	0	0	0	0	0	0	0	1
KONIH1_29960=KONIH1_29965=KONIH1_29970=KONIH1_29975=KONIH1_29985	3337	NA	6	3.0	no	0	0	0	0	1	0	0	1
KONIH1_29655=KONIH1_29665=KONIH1_29670=KONIH1_29675=KONIH1_29680	3307	NA	6	30.9	no	0	0	0	0	0	0	0	1
KONIH1_30000=KONIH1_30005=KONIH1_30010=KONIH1_30015=KONIH1_30020	3284	NA	5	23.8	no	0	0	0	0	0	0	0	1
KONIH1_29875=KONIH1_29880=KONIH1_29885=KONIH1_29890=KONIH1_29895	3254	NA	5	21.6	no	0	0	0	0	2	0	0	1
KONIH1_30045=KONIH1_30050=KONIH1_30055=KONIH1_30060=KONIH1_30065	3246	NA	6	9.2	no	0	0	0	0	0	0	0	1
KONIH1_30225=KONIH1_30230=KONIH1_30235=KONIH1_30240=KONIH1_30245	3168	NA	6	11.2	no	0	0	0	0	0	0	0	1
KONIH1_30105=KONIH1_30115=KONIH1_30120=KONIH1_30125=KONIH1_30130	3107	NA	5	2.3	no	0	0	0	0	0	0	0	1
KONIH1_29990=KONIH1_29995=KONIH1_30000=KONIH1_30005=KONIH1_30010	3050	NA	5	24.7	no	0	0	0	0	2	0	0	1
KONIH1_30040=KONIH1_30045=KONIH1_30050=KONIH1_30055=KONIH1_30060	3033	NA	6	9.1	no	0	0	0	0	0	0	0	1
KONIH1_29995=KONIH1_30000=KONIH1_30005=KONIH1_30010=KONIH1_30015	2960	NA	5	24.0	no	0	0	0	0	1	0	0	1
KONIH1_29825=KONIH1_29830=KONIH1_29835=KONIH1_29840=KONIH1_29845	2931	NA	5	4.3	no	0	0	0	0	0	0	0	1
KONIH1_30020=KONIH1_30025=KONIH1_30035=KONIH1_30040=KONIH1_30045	2884	NA	6	2.9	no	0	0	0	0	0	0	0	1
KONIH1_29690=KONIH1_29695=KONIH1_29700=KONIH1_29705=KONIH1_29710	2856	NA	6	12.8	no	0	0	0	0	0	0	0	1
KONIH1_30140=KONIH1_30145=KONIH1_30150=KONIH1_30155=KONIH1_30160	2842	NA	6	18.6	no	0	0	0	0	0	0	0	1
KONIH1_30130=KONIH1_30135=KONIH1_30140=KONIH1_30145=KONIH1_30150	2829	NA	5	10.1	no	0	0	0	0	0	0	0	1
KONIH1_29715=KONIH1_29720=KONIH1_29725=KONIH1_29730=KONIH1_29735	2826	NA	5	21.3	no	0	0	0	0	0	0	0	1
KONIH1_30230=KONIH1_30235=KONIH1_30240=KONIH1_30245=KONIH1_30250	2796	NA	6	25.9	no	0	0	0	0	0	0	0	1
KONIH1_30125=KONIH1_30130=KONIH1_30135=KONIH1_30140=KONIH1_30145	2770	NA	5	10.1	no	0	0	0	0	0	0	0	1
KONIH1_30220=KONIH1_30225=KONIH1_30230=KONIH1_30235=KONIH1_30240	2682	NA	5	2.6	no	0	0	0	0	0	0	0	1
KONIH1_29630=KONIH1_29635=KONIH1_29640=KONIH1_29645=KONIH1_29650	2632	NA	5	26.6	no	0	0	0	0	0	0	0	1
KONIH1_30115=KONIH1_30120=KONIH1_30125=KONIH1_30130=KONIH1_30135	2605	NA	5	2.3	no	0	0	0	0	0	0	0	1
KONIH1_29945=KONIH1_29950=KONIH1_29955=KONIH1_29960=KONIH1_29965	2586	NA	5	2.2	no	0	0	0	0	0	0	0	1
KONIH1_30135=KONIH1_30140=KONIH1_30145=KONIH1_30150=KONIH1_30155	2535	NA	5	9.7	no	0	0	0	0	0	0	0	1
KONIH1_29695=KONIH1_29700=KONIH1_29705=KONIH1_29710=KONIH1_29715	2446	NA	5	15.7	no	0	0	0	0	0	0	0	1
KONIH1_30120=KONIH1_30125=KONIH1_30130=KONIH1_30135=KONIH1_30140	2359	NA	5	10.0	no	0	0	0	0	0	0	0	1
KONIH1_29710=KONIH1_29715=KONIH1_29720=KONIH1_29725=KONIH1_29730	2354	NA	4	3.7	no	0	0	0	0	0	0	0	1
KONIH1_29640=KONIH1_29645=KONIH1_29650=KONIH1_29655=KONIH1_29665	2326	NA	6	35.0	no	0	0	0	0	0	0	0	1
KONIH1_30035=KONIH1_30040=KONIH1_30045=KONIH1_30050=KONIH1_30055	2274	NA	6	9.6	no	0	0	0	0	0	0	0	1
KONIH1_29645=KONIH1_29650=KONIH1_29655=KONIH1_29665=KONIH1_29670	2219	NA	6	40.1	no	0	0	0	0	0	0	0	1
KONIH1_29955=KONIH1_29960=KONIH1_29965=KONIH1_29970=KONIH1_29975	2212	NA	5	2.9	no	0	0	0	0	0	0	0	1
KONIH1_29705=KONIH1_29710=KONIH1_29715=KONIH1_29720=KONIH1_29725	2194	NA	5	13.2	no	0	0	0	0	0	0	0	1
KONIH1_29890=KONIH1_29895=KONIH1_29900=KONIH1_29905=KONIH1_29910	2166	NA	5	3.7	no	0	0	0	0	1	0	0	1
KONIH1_29650=KONIH1_29655=KONIH1_29665=KONIH1_29670=KONIH1_29675	2151	NA	6	32.7	no	0	0	0	0	0	0	0	1
KONIH1_29880=KONIH1_29885=KONIH1_29890=KONIH1_29895=KONIH1_29900	2129	NA	5	2.9	no	0	0	0	0	1	0	0	1
KONIH1_29700=KONIH1_29705=KONIH1_29710=KONIH1_29715=KONIH1_29720	2113	NA	5	16.4	no	0	0	0	0	0	0	0	1
KONIH1_29635=KONIH1_29640=KONIH1_29645=KONIH1_29650=KONIH1_29655	1998	NA	5	33.2	no	0	0	0	0	0	0	0	1
KONIH1_29950=KONIH1_29955=KONIH1_29960=KONIH1_29965=KONIH1_29970	1980	NA	5	2.4	no	0	0	0	0	0	0	0	1
KONIH1_29885=KONIH1_29890=KONIH1_29895=KONIH1_29900=KONIH1_29905	1812	NA	5	2.9	no	0	0	0	0	1	0	0	1
