ID	Length	Coverage	# ORFs	RDS	Circular	Inc Type(s)	# Replication	# Mobilization	# OriT	# Conjugation	# AMRs	# rRNAs	# Plasmid Hits
KONIH1_31780=KONIH1_31785=KONIH1_31790=KONIH1_31795=KONIH1_31800	12581	NA	5	3.7	no	0	0	1	0	2	0	0	1
KONIH1_31470=KONIH1_31475=KONIH1_31480=KONIH1_31485=KONIH1_31490	11829	NA	5	27.2	no	0	0	1	0	1	0	0	1
KONIH1_31775=KONIH1_31780=KONIH1_31785=KONIH1_31790=KONIH1_31795	11824	NA	5	3.9	no	0	0	1	0	2	0	0	1
KONIH1_31475=KONIH1_31480=KONIH1_31485=KONIH1_31490=KONIH1_31495	9915	NA	5	42.5	no	0	0	1	0	2	0	0	1
KONIH1_31485=KONIH1_31490=KONIH1_31495=KONIH1_31500=KONIH1_31505	9885	NA	5	49.5	no	0	0	1	0	2	0	0	1
KONIH1_31770=KONIH1_31775=KONIH1_31780=KONIH1_31785=KONIH1_31790	9849	NA	5	3.7	no	0	0	1	0	2	0	0	1
KONIH1_31480=KONIH1_31485=KONIH1_31490=KONIH1_31495=KONIH1_31500	9634	NA	5	40.5	no	0	0	1	0	2	0	0	1
KONIH1_31765=KONIH1_31770=KONIH1_31775=KONIH1_31780=KONIH1_31785	9452	NA	5	3.6	no	0	0	1	0	2	0	0	1
KONIH1_31490=KONIH1_31495=KONIH1_31500=KONIH1_31505=KONIH1_31510	8475	NA	6	27.9	no	0	0	1	0	1	0	0	1
KONIH1_32235=KONIH1_32240=KONIH1_32245=KONIH1_32250=KONIH1_32255	8202	NA	5	28.6	no	2	0	0	0	0	0	0	1
KONIH1_31465=KONIH1_31470=KONIH1_31475=KONIH1_31480=KONIH1_31485	7896	NA	5	26.3	no	0	0	0	0	1	0	0	1
KONIH1_31785=KONIH1_31790=KONIH1_31795=KONIH1_31800=KONIH1_31805	7882	NA	5	3.6	no	0	0	0	0	2	0	0	1
KONIH1_31760=KONIH1_31765=KONIH1_31770=KONIH1_31775=KONIH1_31780	7624	NA	5	3.1	no	0	0	1	0	1	0	0	1
KONIH1_31720=KONIH1_31725=KONIH1_31730=KONIH1_31735=KONIH1_31740	7375	NA	5	27.7	no	0	0	0	0	0	0	0	1
KONIH1_32240=KONIH1_32245=KONIH1_32250=KONIH1_32255=KONIH1_32260	7158	NA	5	29.0	no	2	0	0	0	0	0	0	1
KONIH1_32200=KONIH1_32205=KONIH1_32210=KONIH1_32215=KONIH1_32220	7134	NA	4	33.0	no	0	0	0	0	0	0	0	1
KONIH1_31715=KONIH1_31720=KONIH1_31725=KONIH1_31730=KONIH1_31735	7098	NA	5	28.1	no	0	0	0	0	0	0	0	1
KONIH1_32205=KONIH1_32210=KONIH1_32215=KONIH1_32220=KONIH1_32225	7098	NA	5	28.1	no	0	0	0	0	0	0	0	1
KONIH1_32245=KONIH1_32250=KONIH1_32255=KONIH1_32260=KONIH1_32265	7084	NA	5	28.0	no	0	0	0	0	0	0	0	1
KONIH1_31725=KONIH1_31730=KONIH1_31735=KONIH1_31740=KONIH1_31745	7002	NA	5	22.8	no	0	0	0	0	0	0	0	1
KONIH1_31570=KONIH1_31580=KONIH1_31590=KONIH1_31595=KONIH1_31605	6819	NA	5	-1.1	no	0	0	0	0	0	0	0	1
KONIH1_32195=KONIH1_32200=KONIH1_32205=KONIH1_32210=KONIH1_32215	6792	NA	5	24.3	no	0	0	0	0	0	0	0	1
KONIH1_32300=KONIH1_32305=KONIH1_32310=KONIH1_32315=KONIH1_32320	6702	NA	5	25.8	no	0	0	0	0	0	0	0	1
KONIH1_32110=KONIH1_32115=KONIH1_32120=KONIH1_32125=KONIH1_32130	6557	NA	6	45.8	no	0	0	0	0	0	0	0	1
KONIH1_32295=KONIH1_32300=KONIH1_32305=KONIH1_32310=KONIH1_32315	6555	NA	5	16.3	no	0	0	0	0	0	0	0	1
KONIH1_31730=KONIH1_31735=KONIH1_31740=KONIH1_31745=KONIH1_31750	6517	NA	5	17.3	no	0	0	0	0	0	0	0	1
KONIH1_32290=KONIH1_32295=KONIH1_32300=KONIH1_32305=KONIH1_32310	6490	NA	5	10.2	no	0	0	0	0	0	0	0	1
KONIH1_32230=KONIH1_32235=KONIH1_32240=KONIH1_32245=KONIH1_32250	6341	NA	5	26.8	no	2	0	0	0	0	1	0	1
KONIH1_32280=KONIH1_32285=KONIH1_32290=KONIH1_32295=KONIH1_32300	6321	NA	5	-46.7	no	0	0	0	0	0	0	0	1
KONIH1_32190=KONIH1_32195=KONIH1_32200=KONIH1_32205=KONIH1_32210	6303	NA	5	19.4	no	0	0	0	0	0	0	0	1
KONIH1_32250=KONIH1_32255=KONIH1_32260=KONIH1_32265=KONIH1_32270	6278	NA	5	28.3	no	0	0	0	0	0	0	0	1
KONIH1_32285=KONIH1_32290=KONIH1_32295=KONIH1_32300=KONIH1_32305	6216	NA	5	8.6	no	0	0	0	0	0	0	0	1
KONIH1_32255=KONIH1_32260=KONIH1_32265=KONIH1_32270=KONIH1_32275	6207	NA	6	14.5	no	0	0	0	0	0	0	0	1
KONIH1_31560=KONIH1_31565=KONIH1_31570=KONIH1_31580=KONIH1_31590	6181	NA	5	-63.0	no	0	0	0	0	0	0	0	1
KONIH1_31455=KONIH1_31460=KONIH1_31465=KONIH1_31470=KONIH1_31475	6162	NA	5	19.5	no	0	0	0	0	1	0	0	1
KONIH1_31710=KONIH1_31715=KONIH1_31720=KONIH1_31725=KONIH1_31730	6152	NA	5	33.8	no	0	0	0	0	0	1	0	1
KONIH1_32210=KONIH1_32215=KONIH1_32220=KONIH1_32225=KONIH1_32230	6152	NA	5	33.8	no	0	0	0	0	0	1	0	1
KONIH1_31565=KONIH1_31570=KONIH1_31580=KONIH1_31590=KONIH1_31595	6045	NA	5	-9.7	no	0	0	0	0	0	0	0	1
KONIH1_31450=KONIH1_31455=KONIH1_31460=KONIH1_31465=KONIH1_31470	6033	NA	5	19.1	no	0	0	0	0	2	0	0	1
KONIH1_31795=KONIH1_31800=KONIH1_31805=KONIH1_31810=KONIH1_31815	5777	NA	5	3.3	no	0	0	0	0	2	0	0	1
KONIH1_31580=KONIH1_31590=KONIH1_31595=KONIH1_31605=KONIH1_31610	5731	NA	5	7.2	no	0	0	0	0	0	0	0	1
KONIH1_32105=KONIH1_32110=KONIH1_32115=KONIH1_32120=KONIH1_32125	5720	NA	5	64.4	no	0	0	0	0	0	0	0	1
KONIH1_31460=KONIH1_31465=KONIH1_31470=KONIH1_31475=KONIH1_31480	5675	NA	5	10.6	no	0	0	0	0	0	0	0	1
KONIH1_32115=KONIH1_32120=KONIH1_32125=KONIH1_32130=KONIH1_32135	5585	NA	7	30.4	no	0	0	0	0	0	0	0	1
KONIH1_31790=KONIH1_31795=KONIH1_31800=KONIH1_31805=KONIH1_31810	5556	NA	5	3.5	no	0	0	0	0	1	0	0	1
KONIH1_32100=KONIH1_32105=KONIH1_32110=KONIH1_32115=KONIH1_32120	5454	NA	5	70.1	no	0	0	0	0	0	0	0	1
KONIH1_31690=KONIH1_31695=KONIH1_31700=KONIH1_31705=KONIH1_31710	5278	NA	4	15.4	no	0	0	0	0	0	1	0	1
KONIH1_31660=KONIH1_31665=KONIH1_31670=KONIH1_31675=KONIH1_31680	5229	NA	5	33.4	no	0	0	0	0	0	1	0	1
KONIH1_31380=KONIH1_31385=KONIH1_31390=KONIH1_31395=KONIH1_31400	5221	NA	5	42.8	no	0	0	0	0	2	0	0	1
KONIH1_31855=KONIH1_31860=KONIH1_31865=KONIH1_31870=KONIH1_31875	5221	NA	5	42.8	no	0	0	0	0	2	0	0	1
KONIH1_31535=KONIH1_31540=KONIH1_31545=KONIH1_31550=KONIH1_31555	5188	NA	7	12.7	no	0	0	0	0	0	0	0	1
KONIH1_31530=KONIH1_31535=KONIH1_31540=KONIH1_31545=KONIH1_31550	5170	NA	7	15.6	no	0	0	0	0	0	0	0	1
KONIH1_31685=KONIH1_31690=KONIH1_31695=KONIH1_31700=KONIH1_31705	5141	NA	4	5.1	no	0	0	0	0	0	1	0	1
KONIH1_31375=KONIH1_31380=KONIH1_31385=KONIH1_31390=KONIH1_31395	5122	NA	5	43.6	no	0	0	0	0	2	0	0	1
KONIH1_31860=KONIH1_31865=KONIH1_31870=KONIH1_31875=KONIH1_31880	5122	NA	5	43.6	no	0	0	0	0	2	0	0	1
KONIH1_31655=KONIH1_31660=KONIH1_31665=KONIH1_31670=KONIH1_31675	5109	NA	5	33.3	no	0	0	0	0	0	1	0	1
KONIH1_31950=KONIH1_31960=KONIH1_31970=KONIH1_31975=KONIH1_31980	4972	NA	5	-4.9	no	0	0	0	0	0	0	0	1
KONIH1_31645=KONIH1_31650=KONIH1_31655=KONIH1_31660=KONIH1_31665	4935	NA	5	36.7	no	0	0	0	0	0	0	0	1
KONIH1_32320=KONIH1_32330=KONIH1_32335=KONIH1_32340=KONIH1_32345	4926	NA	6	19.4	no	0	0	0	0	0	0	0	1
KONIH1_32225=KONIH1_32230=KONIH1_32235=KONIH1_32240=KONIH1_32245	4913	NA	5	16.4	no	2	0	0	0	0	1	0	1
KONIH1_32095=KONIH1_32100=KONIH1_32105=KONIH1_32110=KONIH1_32115	4869	NA	5	71.5	no	0	0	0	0	0	0	0	1
KONIH1_31540=KONIH1_31545=KONIH1_31550=KONIH1_31555=KONIH1_31560	4865	NA	7	-34.7	no	0	0	0	0	0	0	0	1
KONIH1_31525=KONIH1_31530=KONIH1_31535=KONIH1_31540=KONIH1_31545	4725	NA	5	39.1	no	0	0	0	0	0	0	0	1
KONIH1_31945=KONIH1_31950=KONIH1_31960=KONIH1_31970=KONIH1_31975	4716	NA	5	-7.5	no	0	0	0	0	0	0	0	1
KONIH1_31400=KONIH1_31405=KONIH1_31410=KONIH1_31415=KONIH1_31420	4677	NA	5	21.8	no	0	0	0	0	2	0	0	1
KONIH1_31835=KONIH1_31840=KONIH1_31845=KONIH1_31850=KONIH1_31855	4677	NA	5	21.8	no	0	0	0	0	2	0	0	1
KONIH1_32305=KONIH1_32310=KONIH1_32315=KONIH1_32320=KONIH1_32330	4667	NA	6	25.9	no	0	0	0	0	0	0	0	1
KONIH1_31405=KONIH1_31410=KONIH1_31415=KONIH1_31420=KONIH1_31425	4666	NA	6	34.3	no	0	0	0	0	2	0	0	1
KONIH1_31940=KONIH1_31945=KONIH1_31950=KONIH1_31960=KONIH1_31970	4636	NA	6	-5.8	no	0	0	0	0	0	0	0	1
KONIH1_31590=KONIH1_31595=KONIH1_31605=KONIH1_31610=KONIH1_31615	4621	NA	5	7.7	no	0	0	0	0	0	0	0	1
KONIH1_31705=KONIH1_31710=KONIH1_31715=KONIH1_31720=KONIH1_31725	4618	NA	5	27.5	no	0	0	0	0	0	1	0	1
KONIH1_32215=KONIH1_32220=KONIH1_32225=KONIH1_32230=KONIH1_32235	4618	NA	5	27.5	no	0	0	0	0	0	1	0	1
KONIH1_31650=KONIH1_31655=KONIH1_31660=KONIH1_31665=KONIH1_31670	4587	NA	5	39.2	no	0	0	0	0	0	0	0	1
KONIH1_32120=KONIH1_32125=KONIH1_32130=KONIH1_32135=KONIH1_32140	4587	NA	7	32.2	no	0	0	0	0	0	0	0	1
KONIH1_32420=KONIH1_32425=KONIH1_32430=KONIH1_32435=KONIH1_32440	4564	NA	5	10.5	no	0	0	0	0	0	0	0	1
KONIH1_31700=KONIH1_31705=KONIH1_31710=KONIH1_31715=KONIH1_31720	4518	NA	4	25.7	no	0	0	0	0	0	1	0	1
KONIH1_31595=KONIH1_31605=KONIH1_31610=KONIH1_31615=KONIH1_31620	4507	NA	5	18.5	no	0	0	0	0	0	0	0	1
KONIH1_31830=KONIH1_31835=KONIH1_31840=KONIH1_31845=KONIH1_31850	4468	NA	5	22.4	no	0	0	0	0	2	0	0	1
KONIH1_31695=KONIH1_31700=KONIH1_31705=KONIH1_31710=KONIH1_31715	4461	NA	4	17.6	no	0	0	0	0	0	1	0	1
KONIH1_32185=KONIH1_32190=KONIH1_32195=KONIH1_32200=KONIH1_32205	4459	NA	5	14.4	no	0	0	0	0	0	2	0	1
KONIH1_31905=KONIH1_31910=KONIH1_31915=KONIH1_31920=KONIH1_31925	4441	NA	6	47.0	no	0	0	0	0	4	0	0	1
KONIH1_31555=KONIH1_31560=KONIH1_31565=KONIH1_31570=KONIH1_31580	4426	NA	5	-55.7	no	0	0	0	0	0	0	0	1
KONIH1_32555=KONIH1_31375=KONIH1_31380=KONIH1_31385=KONIH1_31390	4423	NA	5	36.6	no	0	0	0	0	1	0	0	1
KONIH1_31865=KONIH1_31870=KONIH1_31875=KONIH1_31880=KONIH1_31885	4423	NA	5	36.6	no	0	0	0	0	1	0	0	1
KONIH1_32025=KONIH1_32030=KONIH1_32035=KONIH1_32040=KONIH1_32045	4415	NA	5	23.2	no	0	0	0	0	0	0	0	1
KONIH1_32310=KONIH1_32315=KONIH1_32320=KONIH1_32330=KONIH1_32335	4409	NA	6	25.3	no	0	0	0	0	0	0	0	1
KONIH1_31675=KONIH1_31680=KONIH1_31685=KONIH1_31690=KONIH1_31695	4390	NA	5	4.4	no	0	0	0	0	0	2	0	1
KONIH1_32220=KONIH1_32225=KONIH1_32230=KONIH1_32235=KONIH1_32240	4361	NA	5	21.6	no	0	0	0	0	0	1	0	1
KONIH1_31680=KONIH1_31685=KONIH1_31690=KONIH1_31695=KONIH1_31700	4359	NA	4	5.2	no	0	0	0	0	0	1	0	1
KONIH1_32005=KONIH1_32010=KONIH1_32020=KONIH1_32025=KONIH1_32030	4323	NA	6	13.0	no	0	0	0	0	0	0	0	1
KONIH1_32260=KONIH1_32265=KONIH1_32270=KONIH1_32275=KONIH1_32280	4320	NA	6	-41.7	no	0	0	0	0	0	0	0	1
KONIH1_32010=KONIH1_32020=KONIH1_32025=KONIH1_32030=KONIH1_32035	4314	NA	6	11.5	no	0	0	0	0	0	0	0	1
KONIH1_31415=KONIH1_31420=KONIH1_31425=KONIH1_31430=KONIH1_31435	4286	NA	6	60.2	no	0	0	0	0	3	0	0	1
KONIH1_31520=KONIH1_31525=KONIH1_31530=KONIH1_31535=KONIH1_31540	4277	NA	5	33.5	no	0	0	0	0	0	0	0	1
KONIH1_31410=KONIH1_31415=KONIH1_31420=KONIH1_31425=KONIH1_31430	4259	NA	6	46.9	no	0	0	0	0	2	0	0	1
KONIH1_32030=KONIH1_32035=KONIH1_32040=KONIH1_32045=KONIH1_32050	4227	NA	5	30.7	no	0	0	0	0	0	0	0	1
KONIH1_31665=KONIH1_31670=KONIH1_31675=KONIH1_31680=KONIH1_31685	4208	NA	5	33.3	no	0	0	0	0	0	2	0	1
KONIH1_31935=KONIH1_31940=KONIH1_31945=KONIH1_31950=KONIH1_31960	4206	NA	6	10.8	no	0	0	0	0	0	0	0	1
KONIH1_31670=KONIH1_31675=KONIH1_31680=KONIH1_31685=KONIH1_31690	4202	NA	5	14.9	no	0	0	0	0	0	2	0	1
KONIH1_32550=KONIH1_32555=KONIH1_31375=KONIH1_31380=KONIH1_31385	4198	NA	5	25.3	no	0	0	0	0	0	0	0	1
KONIH1_31870=KONIH1_31875=KONIH1_31880=KONIH1_31885=KONIH1_31890	4198	NA	5	31.3	no	0	0	0	0	0	0	0	1
KONIH1_31875=KONIH1_31880=KONIH1_31885=KONIH1_31890=KONIH1_31895	4187	NA	5	36.0	no	0	0	0	0	0	0	0	1
KONIH1_31900=KONIH1_31905=KONIH1_31910=KONIH1_31915=KONIH1_31920	4177	NA	6	33.0	no	0	0	0	0	3	0	0	1
KONIH1_31640=KONIH1_31645=KONIH1_31650=KONIH1_31655=KONIH1_31660	4157	NA	5	27.2	no	0	0	0	0	0	0	0	1
KONIH1_32450=KONIH1_32455=KONIH1_32460=KONIH1_32465=KONIH1_32470	4152	NA	5	8.1	no	0	0	0	0	0	0	0	1
KONIH1_32270=KONIH1_32275=KONIH1_32280=KONIH1_32285=KONIH1_32290	4134	NA	6	-40.5	no	0	0	0	0	0	0	0	1
KONIH1_32410=KONIH1_32415=KONIH1_32420=KONIH1_32425=KONIH1_32430	4125	NA	5	6.8	no	0	0	0	0	0	0	0	1
KONIH1_31615=KONIH1_31620=KONIH1_31625=KONIH1_31630=KONIH1_31635	4119	NA	5	12.0	no	1	0	0	0	0	0	0	1
KONIH1_32315=KONIH1_32320=KONIH1_32330=KONIH1_32335=KONIH1_32340	4085	NA	6	25.0	no	0	0	0	0	0	0	0	1
KONIH1_32020=KONIH1_32025=KONIH1_32030=KONIH1_32035=KONIH1_32040	4077	NA	5	9.9	no	0	0	0	0	0	0	0	1
KONIH1_32545=KONIH1_32550=KONIH1_32555=KONIH1_31375=KONIH1_31380	4030	NA	5	21.6	no	0	0	0	0	0	0	0	1
KONIH1_31735=KONIH1_31740=KONIH1_31745=KONIH1_31750=KONIH1_31755	4007	NA	5	12.2	no	0	0	0	0	0	0	0	1
KONIH1_31960=KONIH1_31970=KONIH1_31975=KONIH1_31980=KONIH1_31990	3994	NA	5	11.3	no	0	0	0	0	0	0	0	1
KONIH1_31895=KONIH1_31900=KONIH1_31905=KONIH1_31910=KONIH1_31915	3991	NA	7	22.6	no	0	0	0	0	2	0	0	1
KONIH1_32330=KONIH1_32335=KONIH1_32340=KONIH1_32345=KONIH1_32350	3991	NA	5	10.6	no	0	0	0	0	0	0	0	1
KONIH1_32265=KONIH1_32270=KONIH1_32275=KONIH1_32280=KONIH1_32285	3989	NA	6	-42.1	no	0	0	0	0	0	0	0	1
KONIH1_31825=KONIH1_31830=KONIH1_31835=KONIH1_31840=KONIH1_31845	3939	NA	5	23.3	no	0	0	0	0	2	0	0	1
KONIH1_31605=KONIH1_31610=KONIH1_31615=KONIH1_31620=KONIH1_31625	3889	NA	5	18.3	no	0	0	0	0	0	0	0	1
KONIH1_31610=KONIH1_31615=KONIH1_31620=KONIH1_31625=KONIH1_31630	3886	NA	5	13.6	no	1	0	0	0	0	0	0	1
KONIH1_32405=KONIH1_32410=KONIH1_32415=KONIH1_32420=KONIH1_32425	3883	NA	4	5.7	no	0	0	0	0	0	0	0	1
KONIH1_32090=KONIH1_32095=KONIH1_32100=KONIH1_32105=KONIH1_32110	3876	NA	5	77.2	no	0	0	0	0	0	0	0	1
KONIH1_31545=KONIH1_31550=KONIH1_31555=KONIH1_31560=KONIH1_31565	3853	NA	7	-43.1	no	0	0	0	0	0	0	0	1
KONIH1_32415=KONIH1_32420=KONIH1_32425=KONIH1_32430=KONIH1_32435	3839	NA	5	8.9	no	0	0	0	0	0	0	0	1
KONIH1_31420=KONIH1_31425=KONIH1_31430=KONIH1_31435=KONIH1_31440	3830	NA	6	72.6	no	0	0	0	0	2	0	0	1
KONIH1_32465=KONIH1_32470=KONIH1_32475=KONIH1_32480=KONIH1_32485	3817	NA	5	7.1	no	0	0	0	0	0	0	0	1
KONIH1_32400=KONIH1_32405=KONIH1_32410=KONIH1_32415=KONIH1_32420	3805	NA	4	3.0	no	0	0	0	0	0	0	0	1
KONIH1_32435=KONIH1_32440=KONIH1_32445=KONIH1_32450=KONIH1_32455	3773	NA	5	7.6	no	0	0	0	0	0	0	0	1
KONIH1_32085=KONIH1_32090=KONIH1_32095=KONIH1_32100=KONIH1_32105	3743	NA	5	75.0	no	0	0	0	0	0	0	0	1
KONIH1_32505=KONIH1_32510=KONIH1_32515=KONIH1_32520=KONIH1_32525	3739	NA	5	20.6	no	0	0	0	0	4	0	0	1
KONIH1_31395=KONIH1_31400=KONIH1_31405=KONIH1_31410=KONIH1_31415	3670	NA	5	12.8	no	0	0	0	0	2	0	0	1
KONIH1_31840=KONIH1_31845=KONIH1_31850=KONIH1_31855=KONIH1_31860	3670	NA	5	12.8	no	0	0	0	0	2	0	0	1
KONIH1_31445=KONIH1_31450=KONIH1_31455=KONIH1_31460=KONIH1_31465	3641	NA	5	35.0	no	0	0	0	0	3	0	0	1
KONIH1_31910=KONIH1_31915=KONIH1_31920=KONIH1_31925=KONIH1_31930	3632	NA	5	75.9	no	0	0	0	0	3	0	0	1
KONIH1_32175=KONIH1_32180=KONIH1_32185=KONIH1_32190=KONIH1_32195	3605	NA	5	18.5	no	0	0	0	0	0	3	0	1
KONIH1_31815=KONIH1_31820=KONIH1_31825=KONIH1_31830=KONIH1_31835	3597	NA	5	22.9	no	0	0	0	0	2	0	0	1
KONIH1_32345=KONIH1_32350=KONIH1_32355=KONIH1_32360=KONIH1_32365	3548	NA	5	21.4	no	0	0	0	0	0	0	0	1
KONIH1_32510=KONIH1_32515=KONIH1_32520=KONIH1_32525=KONIH1_32530	3536	NA	5	3.5	no	0	0	0	0	3	0	0	1
KONIH1_31820=KONIH1_31825=KONIH1_31830=KONIH1_31835=KONIH1_31840	3530	NA	5	24.1	no	0	0	0	0	2	0	0	1
KONIH1_31970=KONIH1_31975=KONIH1_31980=KONIH1_31990=KONIH1_31995	3524	NA	5	13.2	no	0	0	0	0	0	0	0	1
KONIH1_31390=KONIH1_31395=KONIH1_31400=KONIH1_31405=KONIH1_31410	3516	NA	5	22.9	no	0	0	0	0	2	0	0	1
KONIH1_31845=KONIH1_31850=KONIH1_31855=KONIH1_31860=KONIH1_31865	3516	NA	5	22.9	no	0	0	0	0	2	0	0	1
KONIH1_31495=KONIH1_31500=KONIH1_31505=KONIH1_31510=KONIH1_31515	3478	NA	6	27.6	no	0	0	0	0	1	0	0	1
KONIH1_32500=KONIH1_32505=KONIH1_32510=KONIH1_32515=KONIH1_32520	3467	NA	5	41.4	no	0	0	0	0	3	0	0	1
KONIH1_32170=KONIH1_32175=KONIH1_32180=KONIH1_32185=KONIH1_32190	3464	NA	5	13.9	no	0	0	0	0	0	3	0	1
KONIH1_32125=KONIH1_32130=KONIH1_32135=KONIH1_32140=KONIH1_32145	3450	NA	7	31.4	no	0	0	0	0	0	0	0	1
KONIH1_32515=KONIH1_32520=KONIH1_32525=KONIH1_32530=KONIH1_32535	3450	NA	5	2.7	no	0	0	0	0	2	0	0	1
KONIH1_32180=KONIH1_32185=KONIH1_32190=KONIH1_32195=KONIH1_32200	3443	NA	5	9.6	no	0	0	0	0	0	3	0	1
KONIH1_31915=KONIH1_31920=KONIH1_31925=KONIH1_31930=KONIH1_31935	3425	NA	5	93.6	no	0	0	0	0	3	0	0	1
KONIH1_32275=KONIH1_32280=KONIH1_32285=KONIH1_32290=KONIH1_32295	3421	NA	5	-49.2	no	0	0	0	0	0	0	0	1
KONIH1_32495=KONIH1_32500=KONIH1_32505=KONIH1_32510=KONIH1_32515	3419	NA	5	60.8	no	0	0	0	0	3	0	0	1
KONIH1_31930=KONIH1_31935=KONIH1_31940=KONIH1_31945=KONIH1_31950	3403	NA	5	16.1	no	0	0	0	0	0	0	0	1
KONIH1_32460=KONIH1_32465=KONIH1_32470=KONIH1_32475=KONIH1_32480	3396	NA	5	8.2	no	0	0	0	0	0	0	0	1
KONIH1_31550=KONIH1_31555=KONIH1_31560=KONIH1_31565=KONIH1_31570	3380	NA	5	-55.1	no	0	0	0	0	0	0	0	1
KONIH1_31515=KONIH1_31520=KONIH1_31525=KONIH1_31530=KONIH1_31535	3361	NA	5	26.9	no	0	0	0	0	0	0	0	1
KONIH1_32165=KONIH1_32170=KONIH1_32175=KONIH1_32180=KONIH1_32185	3346	NA	5	10.7	no	0	0	0	0	0	2	0	1
KONIH1_32430=KONIH1_32435=KONIH1_32440=KONIH1_32445=KONIH1_32450	3339	NA	5	9.1	no	0	0	0	0	0	0	0	1
KONIH1_31435=KONIH1_31440=KONIH1_31445=KONIH1_31450=KONIH1_31455	3316	NA	5	68.5	no	0	0	0	0	4	0	0	1
KONIH1_32080=KONIH1_32085=KONIH1_32090=KONIH1_32095=KONIH1_32100	3302	NA	5	66.8	no	0	0	0	0	0	0	0	1
KONIH1_32065=KONIH1_32070=KONIH1_32075=KONIH1_32080=KONIH1_32085	3282	NA	5	63.9	no	0	0	0	0	0	0	0	1
KONIH1_32130=KONIH1_32135=KONIH1_32140=KONIH1_32145=KONIH1_32150	3276	NA	6	32.7	no	0	0	0	0	0	0	0	1
KONIH1_31800=KONIH1_31805=KONIH1_31810=KONIH1_31815=KONIH1_31820	3254	NA	5	4.2	no	0	0	0	0	2	0	0	1
KONIH1_31385=KONIH1_31390=KONIH1_31395=KONIH1_31400=KONIH1_31405	3249	NA	5	25.8	no	0	0	0	0	2	0	0	1
KONIH1_31850=KONIH1_31855=KONIH1_31860=KONIH1_31865=KONIH1_31870	3249	NA	5	25.8	no	0	0	0	0	2	0	0	1
KONIH1_31620=KONIH1_31625=KONIH1_31630=KONIH1_31635=KONIH1_31640	3208	NA	5	12.0	no	1	0	0	0	0	0	0	1
KONIH1_31995=KONIH1_32000=KONIH1_32005=KONIH1_32010=KONIH1_32020	3170	NA	6	25.8	no	0	0	0	0	0	0	0	1
KONIH1_32055=KONIH1_32060=KONIH1_32065=KONIH1_32070=KONIH1_32075	3133	NA	5	62.9	no	0	0	0	0	0	0	0	1
KONIH1_31980=KONIH1_31990=KONIH1_31995=KONIH1_32000=KONIH1_32005	3132	NA	6	29.6	no	0	0	0	0	0	0	0	1
KONIH1_32060=KONIH1_32065=KONIH1_32070=KONIH1_32075=KONIH1_32080	3130	NA	5	60.8	no	0	0	0	0	0	0	0	1
KONIH1_31755=KONIH1_31760=KONIH1_31765=KONIH1_31770=KONIH1_31775	3124	NA	5	3.4	no	0	0	0	0	1	0	0	1
KONIH1_32050=KONIH1_32055=KONIH1_32060=KONIH1_32065=KONIH1_32070	3102	NA	5	60.0	no	0	0	0	0	0	0	0	1
KONIH1_31920=KONIH1_31925=KONIH1_31930=KONIH1_31935=KONIH1_31940	3093	NA	5	77.1	no	0	0	0	0	2	0	0	1
KONIH1_31975=KONIH1_31980=KONIH1_31990=KONIH1_31995=KONIH1_32000	3070	NA	5	31.2	no	0	0	0	0	0	0	0	1
KONIH1_32470=KONIH1_32475=KONIH1_32480=KONIH1_32485=KONIH1_32490	3065	NA	4	6.6	no	0	0	0	0	0	0	0	1
KONIH1_32475=KONIH1_32480=KONIH1_32485=KONIH1_32490=KONIH1_32495	3052	NA	4	29.4	no	0	0	0	0	0	0	0	1
KONIH1_32365=KONIH1_32370=KONIH1_32375=KONIH1_32380=KONIH1_32385	3046	NA	5	20.0	no	0	0	0	0	0	0	0	1
KONIH1_31890=KONIH1_31895=KONIH1_31900=KONIH1_31905=KONIH1_31910	3045	NA	7	15.0	no	0	0	0	0	1	0	0	1
KONIH1_32440=KONIH1_32445=KONIH1_32450=KONIH1_32455=KONIH1_32460	3036	NA	5	7.0	no	0	0	0	0	0	0	0	1
KONIH1_32445=KONIH1_32450=KONIH1_32455=KONIH1_32460=KONIH1_32465	3036	NA	4	7.4	no	0	0	0	0	0	0	0	1
KONIH1_31925=KONIH1_31930=KONIH1_31935=KONIH1_31940=KONIH1_31945	3027	NA	5	59.9	no	0	0	0	0	1	0	0	1
KONIH1_31635=KONIH1_31640=KONIH1_31645=KONIH1_31650=KONIH1_31655	2994	NA	5	28.5	no	0	0	0	0	0	0	0	1
KONIH1_32455=KONIH1_32460=KONIH1_32465=KONIH1_32470=KONIH1_32475	2973	NA	5	8.4	no	0	0	0	0	0	0	0	1
KONIH1_31500=KONIH1_31505=KONIH1_31510=KONIH1_31515=KONIH1_31520	2944	NA	6	18.9	no	0	0	0	0	0	0	0	1
KONIH1_31750=KONIH1_31755=KONIH1_31760=KONIH1_31765=KONIH1_31770	2906	NA	5	4.3	no	0	0	0	0	0	0	0	1
KONIH1_32370=KONIH1_32375=KONIH1_32380=KONIH1_32385=KONIH1_32390	2897	NA	5	7.2	no	0	0	0	0	0	0	0	1
KONIH1_32380=KONIH1_32385=KONIH1_32390=KONIH1_32395=KONIH1_32400	2884	NA	5	18.9	no	0	0	0	0	0	0	0	1
KONIH1_32375=KONIH1_32380=KONIH1_32385=KONIH1_32390=KONIH1_32395	2864	NA	5	21.0	no	0	0	0	0	0	0	0	1
KONIH1_32360=KONIH1_32365=KONIH1_32370=KONIH1_32375=KONIH1_32380	2858	NA	5	22.3	no	0	0	0	0	0	0	0	1
KONIH1_31625=KONIH1_31630=KONIH1_31635=KONIH1_31640=KONIH1_31645	2849	NA	5	25.6	no	1	0	0	0	0	0	0	1
KONIH1_32425=KONIH1_32430=KONIH1_32435=KONIH1_32440=KONIH1_32445	2843	NA	5	9.3	no	0	0	0	0	0	0	0	1
KONIH1_32070=KONIH1_32075=KONIH1_32080=KONIH1_32085=KONIH1_32090	2840	NA	5	65.3	no	0	0	0	0	0	0	0	1
KONIH1_32335=KONIH1_32340=KONIH1_32345=KONIH1_32350=KONIH1_32355	2829	NA	5	5.1	no	0	0	0	0	0	0	0	1
KONIH1_32340=KONIH1_32345=KONIH1_32350=KONIH1_32355=KONIH1_32360	2814	NA	5	7.5	no	0	0	0	0	0	0	0	1
KONIH1_31440=KONIH1_31445=KONIH1_31450=KONIH1_31455=KONIH1_31460	2801	NA	5	52.0	no	0	0	0	0	3	0	0	1
KONIH1_32040=KONIH1_32045=KONIH1_32050=KONIH1_32055=KONIH1_32060	2787	NA	5	52.7	no	0	0	0	0	0	0	0	1
KONIH1_32160=KONIH1_32165=KONIH1_32170=KONIH1_32175=KONIH1_32180	2771	NA	5	11.8	no	0	0	0	0	0	1	0	1
KONIH1_32075=KONIH1_32080=KONIH1_32085=KONIH1_32090=KONIH1_32095	2754	NA	5	65.7	no	0	0	0	0	0	0	0	1
KONIH1_31630=KONIH1_31635=KONIH1_31640=KONIH1_31645=KONIH1_31650	2704	NA	5	31.7	no	0	0	0	0	0	0	0	1
KONIH1_31740=KONIH1_31745=KONIH1_31750=KONIH1_31755=KONIH1_31760	2697	NA	5	5.8	no	0	0	0	0	0	0	0	1
KONIH1_32000=KONIH1_32005=KONIH1_32010=KONIH1_32020=KONIH1_32025	2615	NA	6	26.2	no	0	0	0	0	0	0	0	1
KONIH1_31745=KONIH1_31750=KONIH1_31755=KONIH1_31760=KONIH1_31765	2598	NA	5	5.6	no	0	0	0	0	0	0	0	1
KONIH1_31510=KONIH1_31515=KONIH1_31520=KONIH1_31525=KONIH1_31530	2578	NA	5	14.1	no	0	0	0	0	0	0	0	1
KONIH1_32035=KONIH1_32040=KONIH1_32045=KONIH1_32050=KONIH1_32055	2528	NA	5	43.3	no	0	0	0	0	0	0	0	1
KONIH1_32145=KONIH1_32150=KONIH1_32155=KONIH1_32160=KONIH1_32165	2511	NA	5	40.5	no	0	0	0	0	0	0	0	1
KONIH1_31505=KONIH1_31510=KONIH1_31515=KONIH1_31520=KONIH1_31525	2506	NA	6	8.4	no	0	0	0	0	0	0	0	1
KONIH1_32355=KONIH1_32360=KONIH1_32365=KONIH1_32370=KONIH1_32375	2493	NA	5	22.2	no	0	0	0	0	0	0	0	1
KONIH1_32350=KONIH1_32355=KONIH1_32360=KONIH1_32365=KONIH1_32370	2483	NA	5	21.5	no	0	0	0	0	0	0	0	1
KONIH1_32485=KONIH1_32490=KONIH1_32495=KONIH1_32500=KONIH1_32505	2475	NA	4	74.7	no	0	0	0	0	1	0	0	1
KONIH1_32155=KONIH1_32160=KONIH1_32165=KONIH1_32170=KONIH1_32175	2473	NA	5	28.4	no	0	0	0	0	0	0	0	1
KONIH1_32480=KONIH1_32485=KONIH1_32490=KONIH1_32495=KONIH1_32500	2456	NA	4	53.0	no	0	0	0	0	0	0	0	1
KONIH1_32490=KONIH1_32495=KONIH1_32500=KONIH1_32505=KONIH1_32510	2427	NA	4	75.2	no	0	0	0	0	2	0	0	1
KONIH1_31990=KONIH1_31995=KONIH1_32000=KONIH1_32005=KONIH1_32010	2414	NA	5	27.9	no	0	0	0	0	0	0	0	1
KONIH1_32390=KONIH1_32395=KONIH1_32400=KONIH1_32405=KONIH1_32410	2413	NA	4	21.7	no	0	0	0	0	0	0	0	1
KONIH1_32520=KONIH1_32525=KONIH1_32530=KONIH1_32535=KONIH1_32540	2364	NA	5	2.7	no	0	0	0	0	1	0	0	1
KONIH1_32135=KONIH1_32140=KONIH1_32145=KONIH1_32150=KONIH1_32155	2321	NA	5	48.4	no	0	0	0	0	0	0	0	1
KONIH1_31430=KONIH1_31435=KONIH1_31440=KONIH1_31445=KONIH1_31450	2315	NA	5	65.6	no	0	0	0	0	3	0	0	1
KONIH1_32395=KONIH1_32400=KONIH1_32405=KONIH1_32410=KONIH1_32415	2161	NA	4	19.3	no	0	0	0	0	0	0	0	1
KONIH1_31425=KONIH1_31430=KONIH1_31435=KONIH1_31440=KONIH1_31445	2155	NA	5	75.7	no	0	0	0	0	2	0	0	1
KONIH1_32525=KONIH1_32530=KONIH1_32535=KONIH1_32540=KONIH1_32545	2137	NA	5	2.5	no	0	0	0	0	1	0	0	1
KONIH1_31805=KONIH1_31810=KONIH1_31815=KONIH1_31820=KONIH1_31825	2135	NA	5	5.7	no	0	0	0	0	1	0	0	1
KONIH1_32140=KONIH1_32145=KONIH1_32150=KONIH1_32155=KONIH1_32160	2067	NA	5	45.5	no	0	0	0	0	0	0	0	1
KONIH1_32385=KONIH1_32390=KONIH1_32395=KONIH1_32400=KONIH1_32405	2057	NA	4	21.9	no	0	0	0	0	0	0	0	1
KONIH1_31885=KONIH1_31890=KONIH1_31895=KONIH1_31900=KONIH1_31905	2012	NA	6	15.6	no	0	0	0	0	0	0	0	1
KONIH1_32045=KONIH1_32050=KONIH1_32055=KONIH1_32060=KONIH1_32065	2006	NA	5	61.0	no	0	0	0	0	0	0	0	1
KONIH1_31880=KONIH1_31885=KONIH1_31890=KONIH1_31895=KONIH1_31900	2003	NA	6	16.6	no	0	0	0	0	0	0	0	1
KONIH1_32150=KONIH1_32155=KONIH1_32160=KONIH1_32165=KONIH1_32170	1997	NA	5	30.3	no	0	0	0	0	0	0	0	1
KONIH1_31810=KONIH1_31815=KONIH1_31820=KONIH1_31825=KONIH1_31830	1859	NA	5	6.3	no	0	0	0	0	1	0	0	1
KONIH1_32530=KONIH1_32535=KONIH1_32540=KONIH1_32545=KONIH1_32550	1828	NA	5	2.5	no	0	0	0	0	0	0	0	1
KONIH1_32535=KONIH1_32540=KONIH1_32545=KONIH1_32550=KONIH1_32555	1671	NA	4	4.3	no	0	0	0	0	0	0	0	1
KONIH1_32540=KONIH1_32545=KONIH1_32550=KONIH1_32555=KONIH1_31375	1635	NA	5	5.1	no	0	0	0	0	0	0	0	1
