ID	Length	Coverage	# ORFs	RDS	Circular	Inc Type(s)	# Replication	# Mobilization	# OriT	# Conjugation	# AMRs	# rRNAs	# Plasmid Hits
ECNIH2_24085=ECNIH2_24090=ECNIH2_24095=ECNIH2_24100=ECNIH2_24105	10008	NA	5	33.2	no	0	0	0	0	1	0	0	1
ECNIH2_24090=ECNIH2_24095=ECNIH2_24100=ECNIH2_24105=ECNIH2_24110	9758	NA	5	32.1	no	0	0	0	0	0	0	0	1
ECNIH2_24095=ECNIH2_24100=ECNIH2_24105=ECNIH2_24110=ECNIH2_24115	9692	NA	5	30.6	no	0	0	0	0	0	0	0	1
ECNIH2_24075=ECNIH2_24080=ECNIH2_24085=ECNIH2_24090=ECNIH2_24095	8934	NA	5	34.4	no	0	0	0	0	3	0	0	1
ECNIH2_24080=ECNIH2_24085=ECNIH2_24090=ECNIH2_24095=ECNIH2_24100	8874	NA	5	33.9	no	0	0	0	0	2	0	0	1
ECNIH2_24575=ECNIH2_24580=ECNIH2_24585=ECNIH2_24590=ECNIH2_24595	8694	NA	5	34.8	no	0	0	0	0	0	0	0	1
ECNIH2_24580=ECNIH2_24585=ECNIH2_24590=ECNIH2_24595=ECNIH2_24600	8515	NA	5	27.7	no	0	0	0	0	0	1	0	1
ECNIH2_24330=ECNIH2_24335=ECNIH2_24340=ECNIH2_24345=ECNIH2_24350	8354	NA	5	-46.0	no	0	0	0	0	0	0	0	1
ECNIH2_25120=ECNIH2_25125=ECNIH2_25130=ECNIH2_25135=ECNIH2_25140	8125	NA	5	48.9	no	0	0	0	0	2	0	0	1
ECNIH2_23995=ECNIH2_24000=ECNIH2_24005=ECNIH2_24010=ECNIH2_24015	8033	NA	5	41.3	no	0	0	1	0	1	0	0	1
ECNIH2_23660=ECNIH2_23665=ECNIH2_23670=ECNIH2_23675=ECNIH2_23685	8017	NA	6	5.3	no	0	0	1	1	1	0	0	1
ECNIH2_25115=ECNIH2_25120=ECNIH2_25125=ECNIH2_25130=ECNIH2_25135	8012	NA	5	49.0	no	0	0	0	0	2	0	0	1
ECNIH2_24570=ECNIH2_24575=ECNIH2_24580=ECNIH2_24585=ECNIH2_24590	7890	NA	5	24.8	no	0	0	0	0	0	0	0	1
ECNIH2_24480=ECNIH2_24485=ECNIH2_24490=ECNIH2_24495=ECNIH2_24500	7861	NA	6	-5.6	no	0	0	0	0	0	0	0	1
ECNIH2_24560=ECNIH2_24570=ECNIH2_24575=ECNIH2_24580=ECNIH2_24585	7789	NA	6	24.2	no	0	0	0	0	0	0	0	1
ECNIH2_24335=ECNIH2_24340=ECNIH2_24345=ECNIH2_24350=ECNIH2_24355	7589	NA	5	-12.2	no	0	0	0	0	0	0	0	1
ECNIH2_25125=ECNIH2_25130=ECNIH2_25135=ECNIH2_25140=ECNIH2_25145	7479	NA	5	49.1	no	0	0	0	0	2	0	0	1
ECNIH2_24325=ECNIH2_24330=ECNIH2_24335=ECNIH2_24340=ECNIH2_24345	7433	NA	5	-64.4	no	0	0	0	0	0	0	0	1
ECNIH2_24270=ECNIH2_24275=ECNIH2_24280=ECNIH2_24285=ECNIH2_24290	7408	NA	5	-9.0	no	0	0	0	0	0	0	0	1
ECNIH2_24765=ECNIH2_24775=ECNIH2_24780=ECNIH2_24785=ECNIH2_24790	7255	NA	5	-6.3	no	0	0	0	0	0	0	0	1
ECNIH2_24670=ECNIH2_24675=ECNIH2_24680=ECNIH2_24685=ECNIH2_24690	7237	NA	5	38.1	no	0	0	0	0	0	1	0	1
ECNIH2_24760=ECNIH2_24765=ECNIH2_24775=ECNIH2_24780=ECNIH2_24785	7229	NA	6	-6.5	no	0	0	0	0	0	0	0	1
ECNIH2_24470=ECNIH2_24475=ECNIH2_24480=ECNIH2_24485=ECNIH2_24490	7198	NA	6	-49.5	no	0	0	0	0	0	0	0	1
ECNIH2_24485=ECNIH2_24490=ECNIH2_24495=ECNIH2_24500=ECNIH2_24505	7032	NA	6	-0.7	no	0	0	0	0	0	0	0	0
ECNIH2_25130=ECNIH2_25135=ECNIH2_25140=ECNIH2_25145=ECNIH2_25150	6982	NA	5	48.7	no	0	0	0	0	1	0	0	1
ECNIH2_24665=ECNIH2_24670=ECNIH2_24675=ECNIH2_24680=ECNIH2_24685	6844	NA	5	26.1	no	0	0	0	0	0	0	0	1
ECNIH2_24005=ECNIH2_24010=ECNIH2_24015=ECNIH2_24020=ECNIH2_24025	6807	NA	5	41.9	no	0	0	1	0	1	0	0	1
ECNIH2_24275=ECNIH2_24280=ECNIH2_24285=ECNIH2_24290=ECNIH2_24295	6787	NA	5	-11.6	no	0	0	0	0	0	0	0	1
ECNIH2_23635=ECNIH2_23645=ECNIH2_23650=ECNIH2_23655=ECNIH2_23660	6785	NA	6	0.5	no	0	0	1	0	0	0	0	1
ECNIH2_23650=ECNIH2_23655=ECNIH2_23660=ECNIH2_23665=ECNIH2_23670	6767	NA	5	2.5	no	0	0	1	0	1	0	0	1
ECNIH2_24675=ECNIH2_24680=ECNIH2_24685=ECNIH2_24690=ECNIH2_24695	6752	NA	5	39.9	no	0	0	0	0	0	1	0	1
ECNIH2_24120=ECNIH2_24125=ECNIH2_24130=ECNIH2_24135=ECNIH2_24140	6751	NA	5	32.0	no	0	0	0	0	3	0	0	1
ECNIH2_23655=ECNIH2_23660=ECNIH2_23665=ECNIH2_23670=ECNIH2_23675	6747	NA	5	5.0	no	0	0	1	0	1	0	0	1
ECNIH2_24785=ECNIH2_24790=ECNIH2_24795=ECNIH2_24800=ECNIH2_24805	6692	NA	5	-10.2	no	0	0	0	0	0	0	0	1
ECNIH2_23990=ECNIH2_23995=ECNIH2_24000=ECNIH2_24005=ECNIH2_24010	6674	NA	5	36.1	no	0	0	1	0	0	0	0	1
ECNIH2_24175=ECNIH2_24180=ECNIH2_24185=ECNIH2_24190=ECNIH2_24195	6622	NA	6	28.4	no	0	0	0	0	0	0	0	1
ECNIH2_24315=ECNIH2_24320=ECNIH2_24325=ECNIH2_24330=ECNIH2_24335	6595	NA	4	-41.4	no	0	0	0	0	0	0	0	1
ECNIH2_24475=ECNIH2_24480=ECNIH2_24485=ECNIH2_24490=ECNIH2_24495	6588	NA	6	-5.6	no	0	0	0	0	0	0	0	1
ECNIH2_24960=ECNIH2_24965=ECNIH2_24970=ECNIH2_24975=ECNIH2_24980	6566	NA	5	5.4	no	0	1	0	0	0	0	0	1
ECNIH2_24955=ECNIH2_24960=ECNIH2_24965=ECNIH2_24970=ECNIH2_24975	6556	NA	5	1.6	no	0	1	0	0	0	0	0	1
ECNIH2_24490=ECNIH2_24495=ECNIH2_24500=ECNIH2_24505=ECNIH2_24510	6554	NA	5	9.7	no	0	0	0	0	0	0	0	0
ECNIH2_24825=ECNIH2_24830=ECNIH2_24835=ECNIH2_24840=ECNIH2_24850	6506	NA	6	-0.9	no	0	0	0	0	0	0	0	1
ECNIH2_24320=ECNIH2_24325=ECNIH2_24330=ECNIH2_24335=ECNIH2_24340	6500	NA	4	-85.6	no	0	0	0	0	0	0	0	1
ECNIH2_24010=ECNIH2_24015=ECNIH2_24020=ECNIH2_24025=ECNIH2_24030	6478	NA	5	41.7	no	0	0	1	0	1	0	0	1
ECNIH2_24780=ECNIH2_24785=ECNIH2_24790=ECNIH2_24795=ECNIH2_24800	6452	NA	5	-10.7	no	0	0	0	0	0	0	0	1
ECNIH2_24000=ECNIH2_24005=ECNIH2_24010=ECNIH2_24015=ECNIH2_24020	6436	NA	5	41.4	no	0	0	1	0	1	0	0	1
ECNIH2_24695=ECNIH2_24700=ECNIH2_24705=ECNIH2_24710=ECNIH2_24715	6407	NA	5	-4.9	no	0	0	0	0	0	0	0	1
ECNIH2_23730=ECNIH2_23735=ECNIH2_23740=ECNIH2_23745=ECNIH2_23750	6369	NA	7	14.9	no	1	1	0	0	0	0	0	1
ECNIH2_24700=ECNIH2_24705=ECNIH2_24710=ECNIH2_24715=ECNIH2_24720	6366	NA	5	-9.3	no	0	0	0	0	0	0	0	1
ECNIH2_23735=ECNIH2_23740=ECNIH2_23745=ECNIH2_23750=ECNIH2_23755	6359	NA	7	19.2	no	1	1	0	0	0	0	0	1
ECNIH2_24115=ECNIH2_24120=ECNIH2_24125=ECNIH2_24130=ECNIH2_24135	6345	NA	5	32.7	no	0	0	0	0	3	0	0	1
ECNIH2_25090=ECNIH2_25095=ECNIH2_25100=ECNIH2_25105=ECNIH2_25110	6318	NA	5	20.4	no	0	0	0	0	0	0	0	1
ECNIH2_24375=ECNIH2_24380=ECNIH2_24385=ECNIH2_24390=ECNIH2_24395	6260	NA	5	-57.8	no	0	0	0	0	0	0	0	1
ECNIH2_24125=ECNIH2_24130=ECNIH2_24135=ECNIH2_24140=ECNIH2_24145	6253	NA	5	31.6	no	0	0	0	0	2	0	0	1
ECNIH2_24830=ECNIH2_24835=ECNIH2_24840=ECNIH2_24850=ECNIH2_24855	6243	NA	6	0.6	no	0	0	0	0	0	0	0	1
ECNIH2_24130=ECNIH2_24135=ECNIH2_24140=ECNIH2_24145=ECNIH2_24150	6199	NA	5	31.7	no	0	0	0	0	2	0	0	1
ECNIH2_23740=ECNIH2_23745=ECNIH2_23750=ECNIH2_23755=ECNIH2_23760	6182	NA	7	27.2	no	1	1	0	0	0	1	0	1
ECNIH2_24180=ECNIH2_24185=ECNIH2_24190=ECNIH2_24195=ECNIH2_24200	6161	NA	6	28.2	no	0	0	0	0	0	0	0	1
ECNIH2_25135=ECNIH2_25140=ECNIH2_25145=ECNIH2_25150=ECNIH2_25155	6155	NA	5	41.1	no	0	0	0	0	0	0	0	1
ECNIH2_24775=ECNIH2_24780=ECNIH2_24785=ECNIH2_24790=ECNIH2_24795	6094	NA	4	-5.9	no	0	0	0	0	0	0	0	1
ECNIH2_23645=ECNIH2_23650=ECNIH2_23655=ECNIH2_23660=ECNIH2_23665	6066	NA	5	-2.0	no	0	0	1	0	0	0	0	1
ECNIH2_24170=ECNIH2_24175=ECNIH2_24180=ECNIH2_24185=ECNIH2_24190	6046	NA	5	31.0	no	0	0	0	0	0	0	0	1
ECNIH2_24585=ECNIH2_24590=ECNIH2_24595=ECNIH2_24600=ECNIH2_24605	6035	NA	5	34.5	no	0	0	0	0	0	2	0	1
ECNIH2_24370=ECNIH2_24375=ECNIH2_24380=ECNIH2_24385=ECNIH2_24390	5988	NA	5	-40.9	no	0	0	0	0	0	0	0	1
ECNIH2_24710=ECNIH2_24715=ECNIH2_24720=ECNIH2_24725=ECNIH2_24730	5929	NA	6	-29.5	no	0	0	0	0	0	0	0	1
ECNIH2_24185=ECNIH2_24190=ECNIH2_24195=ECNIH2_24200=ECNIH2_24205	5909	NA	6	28.0	no	0	0	0	0	0	0	0	1
ECNIH2_24280=ECNIH2_24285=ECNIH2_24290=ECNIH2_24295=ECNIH2_24300	5907	NA	5	-36.4	no	0	0	0	0	0	0	0	1
ECNIH2_24705=ECNIH2_24710=ECNIH2_24715=ECNIH2_24720=ECNIH2_24725	5907	NA	5	-36.4	no	0	0	0	0	0	0	0	1
ECNIH2_24835=ECNIH2_24840=ECNIH2_24850=ECNIH2_24855=ECNIH2_24860	5891	NA	6	1.0	no	0	0	0	0	0	0	0	1
ECNIH2_25070=ECNIH2_25075=ECNIH2_25080=ECNIH2_25085=ECNIH2_25090	5861	NA	6	1.1	no	0	0	0	0	0	0	0	1
ECNIH2_24380=ECNIH2_24385=ECNIH2_24390=ECNIH2_24395=ECNIH2_24400	5825	NA	5	-74.6	no	0	0	0	0	0	0	0	1
ECNIH2_24750=ECNIH2_24755=ECNIH2_24760=ECNIH2_24765=ECNIH2_24775	5820	NA	6	-7.9	no	0	0	0	0	0	0	0	1
ECNIH2_24820=ECNIH2_24825=ECNIH2_24830=ECNIH2_24835=ECNIH2_24840	5781	NA	5	10.9	no	0	0	0	0	0	0	0	1
ECNIH2_24265=ECNIH2_24270=ECNIH2_24275=ECNIH2_24280=ECNIH2_24285	5777	NA	5	-0.6	no	0	0	0	0	0	0	0	0
ECNIH2_24650=ECNIH2_24660=ECNIH2_24665=ECNIH2_24670=ECNIH2_24675	5771	NA	5	14.0	no	0	0	0	0	0	0	0	1
ECNIH2_23745=ECNIH2_23750=ECNIH2_23755=ECNIH2_23760=ECNIH2_23765	5768	NA	7	23.1	no	1	1	0	0	0	1	0	1
ECNIH2_25085=ECNIH2_25090=ECNIH2_25095=ECNIH2_25100=ECNIH2_25105	5720	NA	6	17.6	no	0	0	0	0	0	0	0	1
ECNIH2_24755=ECNIH2_24760=ECNIH2_24765=ECNIH2_24775=ECNIH2_24780	5694	NA	6	-7.3	no	0	0	0	0	0	0	0	1
ECNIH2_24525=ECNIH2_24530=ECNIH2_24540=ECNIH2_24545=ECNIH2_24550	5632	NA	6	23.5	no	0	0	0	0	0	0	0	1
ECNIH2_24945=ECNIH2_24950=ECNIH2_24955=ECNIH2_24960=ECNIH2_24965	5606	NA	5	9.1	no	0	0	0	0	0	1	0	1
ECNIH2_24135=ECNIH2_24140=ECNIH2_24145=ECNIH2_24150=ECNIH2_24155	5565	NA	6	31.0	no	0	0	0	0	1	0	0	1
ECNIH2_24950=ECNIH2_24955=ECNIH2_24960=ECNIH2_24965=ECNIH2_24970	5550	NA	5	1.3	no	0	0	0	0	0	0	0	1
ECNIH2_24285=ECNIH2_24290=ECNIH2_24295=ECNIH2_24300=ECNIH2_24305	5542	NA	5	-41.6	no	0	0	0	0	0	0	0	1
ECNIH2_24610=ECNIH2_24615=ECNIH2_24620=ECNIH2_24625=ECNIH2_24630	5525	NA	5	15.0	no	0	0	0	0	0	3	0	1
ECNIH2_24385=ECNIH2_24390=ECNIH2_24395=ECNIH2_24400=ECNIH2_24405	5467	NA	5	-59.8	no	0	0	0	0	0	0	0	1
ECNIH2_24660=ECNIH2_24665=ECNIH2_24670=ECNIH2_24675=ECNIH2_24680	5464	NA	5	26.2	no	0	0	0	0	0	0	0	1
ECNIH2_24840=ECNIH2_24850=ECNIH2_24855=ECNIH2_24860=ECNIH2_24865	5449	NA	6	-18.5	no	0	0	0	0	0	0	0	1
ECNIH2_24930=ECNIH2_24935=ECNIH2_24940=ECNIH2_24945=ECNIH2_24950	5442	NA	5	22.0	no	0	0	0	0	0	3	0	1
ECNIH2_24800=ECNIH2_24805=ECNIH2_24810=ECNIH2_24815=ECNIH2_24820	5436	NA	6	-62.5	no	0	0	0	0	0	0	0	1
ECNIH2_25110=ECNIH2_25115=ECNIH2_25120=ECNIH2_25125=ECNIH2_25130	5425	NA	5	39.7	no	0	0	0	0	2	0	0	1
ECNIH2_24715=ECNIH2_24720=ECNIH2_24725=ECNIH2_24730=ECNIH2_24735	5404	NA	6	-28.9	no	0	0	0	0	0	0	0	1
ECNIH2_23620=ECNIH2_23625=ECNIH2_23630=ECNIH2_23635=ECNIH2_23645	5377	NA	5	-8.5	no	0	0	0	0	0	0	0	1
ECNIH2_24810=ECNIH2_24815=ECNIH2_24820=ECNIH2_24825=ECNIH2_24830	5362	NA	6	-57.4	no	0	0	0	0	0	0	0	1
ECNIH2_24815=ECNIH2_24820=ECNIH2_24825=ECNIH2_24830=ECNIH2_24835	5333	NA	6	-57.1	no	0	0	0	0	0	0	0	1
ECNIH2_24615=ECNIH2_24620=ECNIH2_24625=ECNIH2_24630=ECNIH2_24635	5299	NA	5	7.3	no	0	0	0	0	0	2	0	1
ECNIH2_24530=ECNIH2_24540=ECNIH2_24545=ECNIH2_24550=ECNIH2_24555	5298	NA	6	24.0	no	0	0	0	0	0	0	0	1
ECNIH2_25080=ECNIH2_25085=ECNIH2_25090=ECNIH2_25095=ECNIH2_25100	5298	NA	6	9.0	no	0	0	0	0	0	0	0	1
ECNIH2_25075=ECNIH2_25080=ECNIH2_25085=ECNIH2_25090=ECNIH2_25095	5260	NA	6	0.9	no	0	0	0	0	0	0	0	1
ECNIH2_24100=ECNIH2_24105=ECNIH2_24110=ECNIH2_24115=ECNIH2_24120	5239	NA	5	34.2	no	0	0	0	0	1	0	0	1
ECNIH2_24690=ECNIH2_24695=ECNIH2_24700=ECNIH2_24705=ECNIH2_24710	5235	NA	5	9.3	no	0	0	0	0	0	1	0	1
ECNIH2_24105=ECNIH2_24110=ECNIH2_24115=ECNIH2_24120=ECNIH2_24125	5203	NA	5	33.0	no	0	0	0	0	1	0	0	1
ECNIH2_23615=ECNIH2_23620=ECNIH2_23625=ECNIH2_23630=ECNIH2_23635	5187	NA	5	-8.7	no	0	0	0	0	0	1	0	1
ECNIH2_23605=ECNIH2_23610=ECNIH2_23615=ECNIH2_23620=ECNIH2_23625	5180	NA	6	-7.3	no	0	0	0	0	0	2	0	1
ECNIH2_23610=ECNIH2_23615=ECNIH2_23620=ECNIH2_23625=ECNIH2_23630	5179	NA	5	-8.7	no	0	0	0	0	0	1	0	1
ECNIH2_24555=ECNIH2_24560=ECNIH2_24570=ECNIH2_24575=ECNIH2_24580	5171	NA	6	22.7	no	0	0	0	0	0	0	0	1
ECNIH2_24935=ECNIH2_24940=ECNIH2_24945=ECNIH2_24950=ECNIH2_24955	5165	NA	5	14.9	no	0	0	0	0	0	2	0	1
ECNIH2_24925=ECNIH2_24930=ECNIH2_24935=ECNIH2_24940=ECNIH2_24945	5155	NA	4	27.6	no	0	0	0	0	0	3	0	1
ECNIH2_24965=ECNIH2_24970=ECNIH2_24975=ECNIH2_24980=ECNIH2_24985	5153	NA	5	9.1	no	0	1	0	0	0	1	0	1
ECNIH2_24735=ECNIH2_24740=ECNIH2_24745=ECNIH2_24750=ECNIH2_24755	5146	NA	5	-7.2	no	0	0	0	0	0	0	0	1
ECNIH2_24165=ECNIH2_24170=ECNIH2_24175=ECNIH2_24180=ECNIH2_24185	5134	NA	5	30.8	no	0	0	0	0	0	0	0	1
ECNIH2_24340=ECNIH2_24345=ECNIH2_24350=ECNIH2_24355=ECNIH2_24365	5131	NA	5	-11.4	no	0	0	0	0	0	0	0	1
ECNIH2_24620=ECNIH2_24625=ECNIH2_24630=ECNIH2_24635=ECNIH2_24640	5118	NA	5	-0.2	no	0	0	0	0	0	2	0	1
ECNIH2_24290=ECNIH2_24295=ECNIH2_24300=ECNIH2_24305=ECNIH2_24310	5052	NA	5	-193.1	no	0	0	0	0	0	0	0	0
ECNIH2_24685=ECNIH2_24690=ECNIH2_24695=ECNIH2_24700=ECNIH2_24705	5051	NA	5	11.5	no	0	0	0	0	0	1	0	1
ECNIH2_24410=ECNIH2_24415=ECNIH2_24420=ECNIH2_24425=ECNIH2_24430	5034	NA	5	-57.5	no	0	0	0	0	0	0	0	1
ECNIH2_23600=ECNIH2_23605=ECNIH2_23610=ECNIH2_23615=ECNIH2_23620	5020	NA	6	-6.3	no	0	0	0	0	0	2	0	1
ECNIH2_25105=ECNIH2_25110=ECNIH2_25115=ECNIH2_25120=ECNIH2_25125	5018	NA	5	39.8	no	0	0	0	0	1	0	0	1
ECNIH2_25050=ECNIH2_25055=ECNIH2_25060=ECNIH2_25065=ECNIH2_25070	5015	NA	5	19.2	no	0	0	0	0	0	0	0	1
ECNIH2_24625=ECNIH2_24630=ECNIH2_24635=ECNIH2_24640=ECNIH2_24645	5007	NA	5	7.6	no	0	0	0	0	0	3	0	1
ECNIH2_24415=ECNIH2_24420=ECNIH2_24425=ECNIH2_24430=ECNIH2_24435	4962	NA	6	-49.3	no	0	0	0	0	0	0	0	1
ECNIH2_24390=ECNIH2_24395=ECNIH2_24400=ECNIH2_24405=ECNIH2_24410	4949	NA	4	-57.1	no	0	0	0	0	0	0	0	1
ECNIH2_23665=ECNIH2_23670=ECNIH2_23675=ECNIH2_23685=ECNIH2_23690	4944	NA	6	5.0	no	0	0	0	1	1	0	0	1
ECNIH2_24795=ECNIH2_24800=ECNIH2_24805=ECNIH2_24810=ECNIH2_24815	4934	NA	6	-19.9	no	0	0	0	0	0	0	0	1
ECNIH2_24605=ECNIH2_24610=ECNIH2_24615=ECNIH2_24620=ECNIH2_24625	4926	NA	4	18.6	no	0	0	0	0	0	2	0	1
ECNIH2_24805=ECNIH2_24810=ECNIH2_24815=ECNIH2_24820=ECNIH2_24825	4917	NA	6	-56.3	no	0	0	0	0	0	0	0	1
ECNIH2_24725=ECNIH2_24730=ECNIH2_24735=ECNIH2_24740=ECNIH2_24745	4915	NA	6	-27.0	no	0	0	0	0	0	0	0	1
ECNIH2_25055=ECNIH2_25060=ECNIH2_25065=ECNIH2_25070=ECNIH2_25075	4899	NA	5	9.6	no	0	0	0	0	0	0	0	1
ECNIH2_24190=ECNIH2_24195=ECNIH2_24200=ECNIH2_24205=ECNIH2_24210	4837	NA	6	28.2	no	0	0	0	0	0	0	0	1
ECNIH2_24260=ECNIH2_24265=ECNIH2_24270=ECNIH2_24275=ECNIH2_24280	4811	NA	5	7.7	no	0	0	0	0	0	0	0	0
ECNIH2_23760=ECNIH2_23765=ECNIH2_23770=ECNIH2_23775=ECNIH2_23780	4810	NA	5	42.8	no	0	0	0	0	0	1	0	1
ECNIH2_24940=ECNIH2_24945=ECNIH2_24950=ECNIH2_24955=ECNIH2_24960	4795	NA	5	11.0	no	0	0	0	0	0	2	0	1
ECNIH2_24920=ECNIH2_24925=ECNIH2_24930=ECNIH2_24935=ECNIH2_24940	4786	NA	5	21.0	no	0	0	0	0	0	4	0	1
ECNIH2_24975=ECNIH2_24980=ECNIH2_24985=ECNIH2_24990=ECNIH2_24995	4766	NA	5	16.5	no	0	1	0	0	0	3	0	1
ECNIH2_23625=ECNIH2_23630=ECNIH2_23635=ECNIH2_23645=ECNIH2_23650	4748	NA	5	-5.9	no	0	0	0	0	0	0	0	1
ECNIH2_24790=ECNIH2_24795=ECNIH2_24800=ECNIH2_24805=ECNIH2_24810	4748	NA	5	-9.6	no	0	0	0	0	0	0	0	1
ECNIH2_24310=ECNIH2_24315=ECNIH2_24320=ECNIH2_24325=ECNIH2_24330	4720	NA	4	-236.6	no	0	0	0	0	0	0	0	1
ECNIH2_24740=ECNIH2_24745=ECNIH2_24750=ECNIH2_24755=ECNIH2_24760	4715	NA	5	-7.1	no	0	0	0	0	0	0	0	1
ECNIH2_25045=ECNIH2_25050=ECNIH2_25055=ECNIH2_25060=ECNIH2_25065	4706	NA	6	31.8	no	0	0	0	0	0	0	0	1
ECNIH2_24865=ECNIH2_24870=ECNIH2_24875=ECNIH2_24880=ECNIH2_24885	4702	NA	5	-60.1	no	0	0	0	0	0	1	0	1
ECNIH2_25100=ECNIH2_25105=ECNIH2_25110=ECNIH2_25115=ECNIH2_25120	4695	NA	5	39.8	no	0	0	0	0	0	0	0	1
ECNIH2_24870=ECNIH2_24875=ECNIH2_24880=ECNIH2_24885=ECNIH2_24890	4641	NA	5	-78.9	no	0	0	0	0	0	1	0	1
ECNIH2_24730=ECNIH2_24735=ECNIH2_24740=ECNIH2_24745=ECNIH2_24750	4638	NA	5	-6.9	no	0	0	0	0	0	0	0	1
ECNIH2_24160=ECNIH2_24165=ECNIH2_24170=ECNIH2_24175=ECNIH2_24180	4636	NA	5	31.5	no	0	0	0	0	0	0	0	1
ECNIH2_24895=ECNIH2_24900=ECNIH2_24905=ECNIH2_24910=ECNIH2_24915	4636	NA	5	-10.0	no	0	0	0	0	0	1	0	1
ECNIH2_25060=ECNIH2_25065=ECNIH2_25070=ECNIH2_25075=ECNIH2_25080	4622	NA	5	0.5	no	0	0	0	0	0	0	0	1
ECNIH2_24680=ECNIH2_24685=ECNIH2_24690=ECNIH2_24695=ECNIH2_24700	4599	NA	5	26.0	no	0	0	0	0	0	1	0	1
ECNIH2_24430=ECNIH2_24435=ECNIH2_24440=ECNIH2_24445=ECNIH2_24450	4590	NA	6	-15.0	no	0	0	0	0	0	0	0	1
ECNIH2_23395=ECNIH2_23400=ECNIH2_23405=ECNIH2_23410=ECNIH2_23415	4582	NA	5	48.6	no	1	1	0	0	0	0	0	1
ECNIH2_24860=ECNIH2_24865=ECNIH2_24870=ECNIH2_24875=ECNIH2_24880	4581	NA	5	-63.7	no	0	0	0	0	0	0	0	1
ECNIH2_24875=ECNIH2_24880=ECNIH2_24885=ECNIH2_24890=ECNIH2_24895	4539	NA	5	-77.1	no	0	0	0	0	0	1	0	1
ECNIH2_23890=ECNIH2_23895=ECNIH2_23900=ECNIH2_23905=ECNIH2_23910	4536	NA	5	10.3	no	0	0	0	0	0	0	0	1
ECNIH2_23755=ECNIH2_23760=ECNIH2_23765=ECNIH2_23770=ECNIH2_23775	4512	NA	5	40.7	no	0	0	0	0	0	1	0	1
ECNIH2_24915=ECNIH2_24920=ECNIH2_24925=ECNIH2_24930=ECNIH2_24935	4505	NA	5	18.3	no	0	0	0	0	0	4	0	1
ECNIH2_23765=ECNIH2_23770=ECNIH2_23775=ECNIH2_23780=ECNIH2_23785	4487	NA	5	34.4	no	0	0	0	0	0	0	0	1
ECNIH2_24850=ECNIH2_24855=ECNIH2_24860=ECNIH2_24865=ECNIH2_24870	4480	NA	5	-44.5	no	0	0	0	0	0	0	0	1
ECNIH2_23545=ECNIH2_23550=ECNIH2_23555=ECNIH2_23560=ECNIH2_23570	4478	NA	7	27.4	no	0	0	0	0	0	0	0	1
ECNIH2_24250=ECNIH2_24255=ECNIH2_24260=ECNIH2_24265=ECNIH2_24270	4478	NA	5	23.8	no	0	0	0	0	0	0	0	1
ECNIH2_24720=ECNIH2_24725=ECNIH2_24730=ECNIH2_24735=ECNIH2_24740	4476	NA	6	-28.0	no	0	0	0	0	0	0	0	1
ECNIH2_23540=ECNIH2_23545=ECNIH2_23550=ECNIH2_23555=ECNIH2_23560	4452	NA	6	37.5	no	0	0	0	0	0	0	0	1
ECNIH2_23670=ECNIH2_23675=ECNIH2_23685=ECNIH2_23690=ECNIH2_23695	4449	NA	6	17.4	no	0	0	0	1	1	0	0	1
ECNIH2_24345=ECNIH2_24350=ECNIH2_24355=ECNIH2_24365=ECNIH2_24370	4448	NA	5	28.6	no	0	0	0	0	0	0	0	1
ECNIH2_23795=ECNIH2_23800=ECNIH2_23805=ECNIH2_23820=ECNIH2_23825	4434	NA	6	9.6	no	0	0	0	0	0	0	0	1
ECNIH2_23550=ECNIH2_23555=ECNIH2_23560=ECNIH2_23570=ECNIH2_23575	4411	NA	7	24.4	no	0	0	0	0	0	0	0	1
ECNIH2_24745=ECNIH2_24750=ECNIH2_24755=ECNIH2_24760=ECNIH2_24765	4395	NA	5	-7.8	no	0	0	0	0	0	0	0	1
ECNIH2_24880=ECNIH2_24885=ECNIH2_24890=ECNIH2_24895=ECNIH2_24900	4348	NA	5	-65.1	no	0	0	0	0	0	1	0	1
ECNIH2_23885=ECNIH2_23890=ECNIH2_23895=ECNIH2_23900=ECNIH2_23905	4347	NA	5	-4.7	no	0	0	0	0	0	0	0	1
ECNIH2_24305=ECNIH2_24310=ECNIH2_24315=ECNIH2_24320=ECNIH2_24325	4342	NA	4	-203.8	no	0	0	0	0	0	0	0	0
ECNIH2_24295=ECNIH2_24300=ECNIH2_24305=ECNIH2_24310=ECNIH2_24315	4335	NA	5	-192.7	no	0	0	0	0	0	0	0	0
ECNIH2_23880=ECNIH2_23885=ECNIH2_23890=ECNIH2_23895=ECNIH2_23900	4326	NA	5	-4.3	no	0	0	0	0	0	0	0	1
ECNIH2_23770=ECNIH2_23775=ECNIH2_23780=ECNIH2_23785=ECNIH2_23790	4295	NA	5	43.0	no	0	0	0	0	0	0	0	1
ECNIH2_23725=ECNIH2_23730=ECNIH2_23735=ECNIH2_23740=ECNIH2_23745	4271	NA	5	19.8	no	1	1	0	0	0	0	0	1
ECNIH2_24885=ECNIH2_24890=ECNIH2_24895=ECNIH2_24900=ECNIH2_24905	4271	NA	5	-57.4	no	0	0	0	0	0	1	0	1
ECNIH2_24540=ECNIH2_24545=ECNIH2_24550=ECNIH2_24555=ECNIH2_24560	4268	NA	5	19.4	no	0	0	0	0	0	0	0	1
ECNIH2_24890=ECNIH2_24895=ECNIH2_24900=ECNIH2_24905=ECNIH2_24910	4268	NA	5	-31.2	no	0	0	0	0	0	0	0	1
ECNIH2_24300=ECNIH2_24305=ECNIH2_24310=ECNIH2_24315=ECNIH2_24320	4257	NA	4	-237.6	no	0	0	0	0	0	0	0	0
ECNIH2_23875=ECNIH2_23880=ECNIH2_23885=ECNIH2_23890=ECNIH2_23895	4218	NA	5	-4.2	no	0	0	0	0	0	0	0	1
ECNIH2_24545=ECNIH2_24550=ECNIH2_24555=ECNIH2_24560=ECNIH2_24570	4214	NA	6	17.4	no	0	0	0	0	0	0	0	1
ECNIH2_24400=ECNIH2_24405=ECNIH2_24410=ECNIH2_24415=ECNIH2_24420	4213	NA	4	-85.6	no	0	0	0	0	0	0	0	1
ECNIH2_24855=ECNIH2_24860=ECNIH2_24865=ECNIH2_24870=ECNIH2_24875	4209	NA	5	-55.9	no	0	0	0	0	0	0	0	1
ECNIH2_24520=ECNIH2_24525=ECNIH2_24530=ECNIH2_24540=ECNIH2_24545	4183	NA	6	23.0	no	0	0	0	0	0	0	0	1
ECNIH2_24420=ECNIH2_24425=ECNIH2_24430=ECNIH2_24435=ECNIH2_24440	4139	NA	6	-17.3	no	0	0	0	0	0	0	0	1
ECNIH2_25165=ECNIH2_25170=ECNIH2_25175=ECNIH2_23390=ECNIH2_23395	4130	NA	6	50.0	no	1	1	0	1	0	0	0	1
ECNIH2_23800=ECNIH2_23805=ECNIH2_23820=ECNIH2_23825=ECNIH2_23830	4121	NA	6	9.8	no	0	0	0	0	0	0	0	1
ECNIH2_24450=ECNIH2_24455=ECNIH2_24460=ECNIH2_24465=ECNIH2_24470	4116	NA	6	-46.4	no	0	0	0	0	0	0	0	1
ECNIH2_24630=ECNIH2_24635=ECNIH2_24640=ECNIH2_24645=ECNIH2_24650	4104	NA	5	7.5	no	0	0	0	0	0	2	0	1
ECNIH2_23790=ECNIH2_23795=ECNIH2_23800=ECNIH2_23805=ECNIH2_23820	4074	NA	6	12.4	no	0	0	0	0	0	0	0	1
ECNIH2_24900=ECNIH2_24905=ECNIH2_24910=ECNIH2_24915=ECNIH2_24920	4057	NA	5	9.1	no	0	0	0	0	0	2	0	1
ECNIH2_23915=ECNIH2_23920=ECNIH2_23925=ECNIH2_23935=ECNIH2_23940	4045	NA	7	47.4	no	0	0	0	0	0	0	0	1
ECNIH2_24395=ECNIH2_24400=ECNIH2_24405=ECNIH2_24410=ECNIH2_24415	4041	NA	4	-100.0	no	0	0	0	0	0	0	0	1
ECNIH2_25170=ECNIH2_25175=ECNIH2_23390=ECNIH2_23395=ECNIH2_23400	4026	NA	5	48.2	no	1	1	0	1	0	0	0	1
ECNIH2_24365=ECNIH2_24370=ECNIH2_24375=ECNIH2_24380=ECNIH2_24385	4011	NA	5	-20.1	no	0	0	0	0	0	0	0	1
ECNIH2_23750=ECNIH2_23755=ECNIH2_23760=ECNIH2_23765=ECNIH2_23770	3999	NA	5	34.7	no	0	0	0	0	0	1	0	1
ECNIH2_24350=ECNIH2_24355=ECNIH2_24365=ECNIH2_24370=ECNIH2_24375	3992	NA	5	27.2	no	0	0	0	0	0	0	0	1
ECNIH2_23390=ECNIH2_23395=ECNIH2_23400=ECNIH2_23405=ECNIH2_23410	3977	NA	5	47.8	no	1	1	0	0	0	0	0	1
ECNIH2_25065=ECNIH2_25070=ECNIH2_25075=ECNIH2_25080=ECNIH2_25085	3971	NA	5	0.6	no	0	0	0	0	0	0	0	1
ECNIH2_24595=ECNIH2_24600=ECNIH2_24605=ECNIH2_24610=ECNIH2_24615	3969	NA	5	34.0	no	0	0	0	0	0	3	0	1
ECNIH2_25155=ECNIH2_25160=ECNIH2_25165=ECNIH2_25170=ECNIH2_25175	3969	NA	6	44.5	no	0	0	0	1	0	0	0	1
ECNIH2_24155=ECNIH2_24160=ECNIH2_24165=ECNIH2_24170=ECNIH2_24175	3968	NA	5	31.9	no	0	0	0	0	0	0	0	1
ECNIH2_23715=ECNIH2_23720=ECNIH2_23725=ECNIH2_23730=ECNIH2_23735	3938	NA	5	18.4	no	0	0	0	0	0	0	0	1
ECNIH2_23895=ECNIH2_23900=ECNIH2_23905=ECNIH2_23910=ECNIH2_23915	3935	NA	5	24.3	no	0	0	0	0	0	0	0	1
ECNIH2_24970=ECNIH2_24975=ECNIH2_24980=ECNIH2_24985=ECNIH2_24990	3917	NA	5	13.2	no	0	1	0	0	0	2	0	1
ECNIH2_23975=ECNIH2_23980=ECNIH2_23985=ECNIH2_23990=ECNIH2_23995	3916	NA	5	27.6	no	0	0	0	0	0	0	0	1
ECNIH2_24140=ECNIH2_24145=ECNIH2_24150=ECNIH2_24155=ECNIH2_24160	3916	NA	6	31.2	no	0	0	0	0	0	0	0	1
ECNIH2_23910=ECNIH2_23915=ECNIH2_23920=ECNIH2_23925=ECNIH2_23935	3911	NA	6	48.6	no	0	0	0	0	0	0	0	1
ECNIH2_23775=ECNIH2_23780=ECNIH2_23785=ECNIH2_23790=ECNIH2_23795	3910	NA	5	40.9	no	0	0	0	0	0	0	0	1
ECNIH2_23985=ECNIH2_23990=ECNIH2_23995=ECNIH2_24000=ECNIH2_24005	3898	NA	5	35.4	no	0	0	0	0	0	0	0	1
ECNIH2_24590=ECNIH2_24595=ECNIH2_24600=ECNIH2_24605=ECNIH2_24610	3893	NA	5	33.8	no	0	0	0	0	0	3	0	1
ECNIH2_24645=ECNIH2_24650=ECNIH2_24660=ECNIH2_24665=ECNIH2_24670	3862	NA	5	7.9	no	0	0	0	0	0	1	0	1
ECNIH2_24145=ECNIH2_24150=ECNIH2_24155=ECNIH2_24160=ECNIH2_24165	3852	NA	6	31.5	no	0	0	0	0	0	0	0	1
ECNIH2_23595=ECNIH2_23600=ECNIH2_23605=ECNIH2_23610=ECNIH2_23615	3850	NA	4	-9.6	no	0	0	0	0	0	2	0	1
ECNIH2_24635=ECNIH2_24640=ECNIH2_24645=ECNIH2_24650=ECNIH2_24660	3849	NA	5	7.5	no	0	0	0	0	0	1	0	1
ECNIH2_23630=ECNIH2_23635=ECNIH2_23645=ECNIH2_23650=ECNIH2_23655	3846	NA	5	-3.3	no	0	0	0	0	0	0	0	1
ECNIH2_23720=ECNIH2_23725=ECNIH2_23730=ECNIH2_23735=ECNIH2_23740	3832	NA	5	19.6	no	0	0	0	0	0	0	0	1
ECNIH2_24070=ECNIH2_24075=ECNIH2_24080=ECNIH2_24085=ECNIH2_24090	3812	NA	5	39.7	no	0	0	0	0	3	0	0	1
ECNIH2_24425=ECNIH2_24430=ECNIH2_24435=ECNIH2_24440=ECNIH2_24445	3770	NA	6	-15.2	no	0	0	0	0	0	0	0	1
ECNIH2_24550=ECNIH2_24555=ECNIH2_24560=ECNIH2_24570=ECNIH2_24575	3765	NA	6	27.3	no	0	0	0	0	0	0	0	1
ECNIH2_24110=ECNIH2_24115=ECNIH2_24120=ECNIH2_24125=ECNIH2_24130	3745	NA	5	32.8	no	0	0	0	0	2	0	0	1
ECNIH2_24245=ECNIH2_24250=ECNIH2_24255=ECNIH2_24260=ECNIH2_24265	3745	NA	5	29.8	no	0	0	0	0	0	0	0	1
ECNIH2_23955=ECNIH2_23960=ECNIH2_23965=ECNIH2_23970=ECNIH2_23975	3723	NA	6	34.9	no	0	0	0	0	0	0	0	1
ECNIH2_24065=ECNIH2_24070=ECNIH2_24075=ECNIH2_24080=ECNIH2_24085	3694	NA	5	40.0	no	0	0	0	0	3	0	0	1
ECNIH2_23590=ECNIH2_23595=ECNIH2_23600=ECNIH2_23605=ECNIH2_23610	3693	NA	4	-8.6	no	0	0	0	0	0	1	0	1
ECNIH2_24600=ECNIH2_24605=ECNIH2_24610=ECNIH2_24615=ECNIH2_24620	3691	NA	5	23.6	no	0	0	0	0	0	3	0	1
ECNIH2_24015=ECNIH2_24020=ECNIH2_24025=ECNIH2_24030=ECNIH2_24035	3686	NA	5	33.6	no	0	0	0	0	1	0	0	1
ECNIH2_24905=ECNIH2_24910=ECNIH2_24915=ECNIH2_24920=ECNIH2_24925	3668	NA	5	16.7	no	0	0	0	0	0	3	0	1
ECNIH2_23400=ECNIH2_23405=ECNIH2_23410=ECNIH2_23415=ECNIH2_23420	3662	NA	5	50.1	no	0	0	0	0	0	0	0	1
ECNIH2_24405=ECNIH2_24410=ECNIH2_24415=ECNIH2_24420=ECNIH2_24425	3662	NA	4	-69.0	no	0	0	0	0	0	0	0	1
ECNIH2_25160=ECNIH2_25165=ECNIH2_25170=ECNIH2_25175=ECNIH2_23390	3656	NA	6	50.6	no	0	0	0	1	0	0	0	1
ECNIH2_24910=ECNIH2_24915=ECNIH2_24920=ECNIH2_24925=ECNIH2_24930	3655	NA	5	24.4	no	0	0	0	0	0	4	0	1
ECNIH2_24440=ECNIH2_24445=ECNIH2_24450=ECNIH2_24455=ECNIH2_24460	3641	NA	6	-12.9	no	0	0	0	0	0	0	0	1
ECNIH2_24060=ECNIH2_24065=ECNIH2_24070=ECNIH2_24075=ECNIH2_24080	3629	NA	5	40.4	no	0	0	0	0	2	0	0	1
ECNIH2_25040=ECNIH2_25045=ECNIH2_25050=ECNIH2_25055=ECNIH2_25060	3628	NA	6	38.7	no	0	0	0	0	0	0	0	1
ECNIH2_23410=ECNIH2_23415=ECNIH2_23420=ECNIH2_23425=ECNIH2_23430	3613	NA	5	52.8	no	0	0	0	0	0	0	0	1
ECNIH2_24445=ECNIH2_24450=ECNIH2_24455=ECNIH2_24460=ECNIH2_24465	3613	NA	6	-1.9	no	0	0	0	0	0	0	0	1
ECNIH2_24355=ECNIH2_24365=ECNIH2_24370=ECNIH2_24375=ECNIH2_24380	3604	NA	4	-7.4	no	0	0	0	0	0	0	0	1
ECNIH2_23555=ECNIH2_23560=ECNIH2_23570=ECNIH2_23575=ECNIH2_23580	3595	NA	6	20.7	no	0	0	0	0	0	0	0	1
ECNIH2_23585=ECNIH2_23590=ECNIH2_23595=ECNIH2_23600=ECNIH2_23605	3589	NA	4	8.2	no	0	0	0	0	0	1	0	1
ECNIH2_23560=ECNIH2_23570=ECNIH2_23575=ECNIH2_23580=ECNIH2_23585	3581	NA	6	20.5	no	0	0	0	0	0	0	0	1
ECNIH2_23440=ECNIH2_23445=ECNIH2_23450=ECNIH2_23455=ECNIH2_23460	3568	NA	5	41.0	no	0	0	0	0	0	0	0	1
ECNIH2_24240=ECNIH2_24245=ECNIH2_24250=ECNIH2_24255=ECNIH2_24260	3548	NA	5	29.6	no	0	0	0	0	0	0	0	1
ECNIH2_23980=ECNIH2_23985=ECNIH2_23990=ECNIH2_23995=ECNIH2_24000	3531	NA	5	27.4	no	0	0	0	0	0	0	0	1
ECNIH2_25095=ECNIH2_25100=ECNIH2_25105=ECNIH2_25110=ECNIH2_25115	3519	NA	5	29.8	no	0	0	0	0	0	0	0	1
ECNIH2_24150=ECNIH2_24155=ECNIH2_24160=ECNIH2_24165=ECNIH2_24170	3508	NA	6	31.3	no	0	0	0	0	0	0	0	1
ECNIH2_24465=ECNIH2_24470=ECNIH2_24475=ECNIH2_24480=ECNIH2_24485	3506	NA	5	-55.8	no	0	0	0	0	0	0	0	1
ECNIH2_23405=ECNIH2_23410=ECNIH2_23415=ECNIH2_23420=ECNIH2_23425	3495	NA	5	52.7	no	0	0	0	0	0	0	0	1
ECNIH2_24980=ECNIH2_24985=ECNIH2_24990=ECNIH2_24995=ECNIH2_25000	3476	NA	5	23.0	no	0	0	0	0	0	4	0	1
ECNIH2_25150=ECNIH2_25155=ECNIH2_25160=ECNIH2_25165=ECNIH2_25170	3475	NA	6	43.5	no	0	0	0	0	0	0	0	1
ECNIH2_23430=ECNIH2_23435=ECNIH2_23440=ECNIH2_23445=ECNIH2_23450	3472	NA	5	39.8	no	0	0	0	0	0	0	0	1
ECNIH2_23780=ECNIH2_23785=ECNIH2_23790=ECNIH2_23795=ECNIH2_23800	3469	NA	5	29.2	no	0	0	0	0	0	0	0	1
ECNIH2_23905=ECNIH2_23910=ECNIH2_23915=ECNIH2_23920=ECNIH2_23925	3465	NA	5	39.5	no	0	0	0	0	0	0	0	1
ECNIH2_24235=ECNIH2_24240=ECNIH2_24245=ECNIH2_24250=ECNIH2_24255	3465	NA	5	29.3	no	0	0	0	0	0	0	0	1
ECNIH2_25035=ECNIH2_25040=ECNIH2_25045=ECNIH2_25050=ECNIH2_25055	3462	NA	6	43.1	no	0	0	0	0	0	0	0	1
ECNIH2_24255=ECNIH2_24260=ECNIH2_24265=ECNIH2_24270=ECNIH2_24275	3455	NA	5	10.2	no	0	0	0	0	0	0	0	0
ECNIH2_23435=ECNIH2_23440=ECNIH2_23445=ECNIH2_23450=ECNIH2_23455	3450	NA	5	33.6	no	0	0	0	0	0	0	0	1
ECNIH2_24640=ECNIH2_24645=ECNIH2_24650=ECNIH2_24660=ECNIH2_24665	3444	NA	5	7.9	no	0	0	0	0	0	1	0	1
ECNIH2_23940=ECNIH2_23945=ECNIH2_23950=ECNIH2_23955=ECNIH2_23960	3431	NA	5	46.4	no	0	0	0	0	0	0	0	1
ECNIH2_23805=ECNIH2_23820=ECNIH2_23825=ECNIH2_23830=ECNIH2_23835	3429	NA	6	10.1	no	0	0	0	0	0	0	0	1
ECNIH2_23960=ECNIH2_23965=ECNIH2_23970=ECNIH2_23975=ECNIH2_23980	3426	NA	6	27.4	no	0	0	0	0	0	0	0	1
ECNIH2_23945=ECNIH2_23950=ECNIH2_23955=ECNIH2_23960=ECNIH2_23965	3420	NA	5	45.5	no	0	0	0	0	0	0	0	1
ECNIH2_25175=ECNIH2_23390=ECNIH2_23395=ECNIH2_23400=ECNIH2_23405	3415	NA	5	48.0	no	1	1	0	0	0	0	0	1
ECNIH2_23535=ECNIH2_23540=ECNIH2_23545=ECNIH2_23550=ECNIH2_23555	3400	NA	6	41.1	no	0	0	0	0	0	0	0	1
ECNIH2_23580=ECNIH2_23585=ECNIH2_23590=ECNIH2_23595=ECNIH2_23600	3391	NA	4	15.2	no	0	0	0	0	0	1	0	1
ECNIH2_24460=ECNIH2_24465=ECNIH2_24470=ECNIH2_24475=ECNIH2_24480	3380	NA	5	-55.1	no	0	0	0	0	0	0	0	1
ECNIH2_23675=ECNIH2_23685=ECNIH2_23690=ECNIH2_23695=ECNIH2_23700	3379	NA	6	16.6	no	0	0	0	1	0	0	0	1
ECNIH2_24995=ECNIH2_25000=ECNIH2_25005=ECNIH2_25010=ECNIH2_25015	3370	NA	5	31.6	no	0	0	0	0	0	4	0	1
ECNIH2_23950=ECNIH2_23955=ECNIH2_23960=ECNIH2_23965=ECNIH2_23970	3353	NA	6	35.9	no	0	0	0	0	0	0	0	1
ECNIH2_24495=ECNIH2_24500=ECNIH2_24505=ECNIH2_24510=ECNIH2_24515	3336	NA	5	17.7	no	0	0	0	0	0	0	0	1
ECNIH2_25020=ECNIH2_25025=ECNIH2_25030=ECNIH2_25035=ECNIH2_25040	3336	NA	6	15.0	no	0	0	0	0	0	0	0	1
ECNIH2_23920=ECNIH2_23925=ECNIH2_23935=ECNIH2_23940=ECNIH2_23945	3314	NA	7	47.2	no	0	0	0	0	0	0	0	1
ECNIH2_24055=ECNIH2_24060=ECNIH2_24065=ECNIH2_24070=ECNIH2_24075	3314	NA	6	40.4	no	0	0	0	0	1	0	0	1
ECNIH2_23925=ECNIH2_23935=ECNIH2_23940=ECNIH2_23945=ECNIH2_23950	3306	NA	7	46.7	no	0	0	0	0	0	0	0	1
ECNIH2_25015=ECNIH2_25020=ECNIH2_25025=ECNIH2_25030=ECNIH2_25035	3288	NA	6	14.8	no	0	0	0	0	0	1	0	1
ECNIH2_24455=ECNIH2_24460=ECNIH2_24465=ECNIH2_24470=ECNIH2_24475	3267	NA	6	-46.0	no	0	0	0	0	0	0	0	1
ECNIH2_24435=ECNIH2_24440=ECNIH2_24445=ECNIH2_24450=ECNIH2_24455	3259	NA	5	-15.7	no	0	0	0	0	0	0	0	1
ECNIH2_23710=ECNIH2_23715=ECNIH2_23720=ECNIH2_23725=ECNIH2_23730	3245	NA	5	22.9	no	0	0	0	0	0	0	0	1
ECNIH2_24230=ECNIH2_24235=ECNIH2_24240=ECNIH2_24245=ECNIH2_24250	3233	NA	5	29.8	no	0	0	0	0	0	0	0	1
ECNIH2_24990=ECNIH2_24995=ECNIH2_25000=ECNIH2_25005=ECNIH2_25010	3223	NA	5	27.7	no	0	0	0	0	0	4	0	1
ECNIH2_23425=ECNIH2_23430=ECNIH2_23435=ECNIH2_23440=ECNIH2_23445	3214	NA	5	50.5	no	0	0	0	0	0	0	0	1
ECNIH2_23900=ECNIH2_23905=ECNIH2_23910=ECNIH2_23915=ECNIH2_23920	3208	NA	5	34.0	no	0	0	0	0	0	0	0	1
ECNIH2_23870=ECNIH2_23875=ECNIH2_23880=ECNIH2_23885=ECNIH2_23890	3184	NA	5	-0.9	no	0	0	0	0	0	0	0	1
ECNIH2_23445=ECNIH2_23450=ECNIH2_23455=ECNIH2_23460=ECNIH2_23465	3178	NA	5	40.8	no	0	0	0	0	0	0	0	1
ECNIH2_24500=ECNIH2_24505=ECNIH2_24510=ECNIH2_24515=ECNIH2_24520	3139	NA	5	24.7	no	0	0	0	0	0	0	0	1
ECNIH2_25010=ECNIH2_25015=ECNIH2_25020=ECNIH2_25025=ECNIH2_25030	3106	NA	6	14.5	no	0	0	0	0	0	1	0	1
ECNIH2_24985=ECNIH2_24990=ECNIH2_24995=ECNIH2_25000=ECNIH2_25005	3075	NA	5	26.9	no	0	0	0	0	0	5	0	1
ECNIH2_23705=ECNIH2_23710=ECNIH2_23715=ECNIH2_23720=ECNIH2_23725	3057	NA	7	20.6	no	0	0	0	0	0	0	0	1
ECNIH2_25140=ECNIH2_25145=ECNIH2_25150=ECNIH2_25155=ECNIH2_25160	3051	NA	5	41.4	no	0	0	0	0	0	0	0	1
ECNIH2_23575=ECNIH2_23580=ECNIH2_23585=ECNIH2_23590=ECNIH2_23595	3024	NA	4	21.6	no	0	0	0	0	0	0	0	1
ECNIH2_25000=ECNIH2_25005=ECNIH2_25010=ECNIH2_25015=ECNIH2_25020	2987	NA	5	28.8	no	0	0	0	0	0	3	0	1
ECNIH2_25030=ECNIH2_25035=ECNIH2_25040=ECNIH2_25045=ECNIH2_25050	2951	NA	6	35.7	no	0	0	0	0	0	0	0	1
ECNIH2_24045=ECNIH2_24050=ECNIH2_24055=ECNIH2_24060=ECNIH2_24065	2911	NA	6	23.5	no	0	0	0	0	0	0	0	1
ECNIH2_24515=ECNIH2_24520=ECNIH2_24525=ECNIH2_24530=ECNIH2_24540	2903	NA	6	31.7	no	0	0	0	0	0	0	0	1
ECNIH2_24195=ECNIH2_24200=ECNIH2_24205=ECNIH2_24210=ECNIH2_24215	2830	NA	5	29.7	no	0	0	0	0	0	0	0	1
ECNIH2_24040=ECNIH2_24045=ECNIH2_24050=ECNIH2_24055=ECNIH2_24060	2811	NA	6	11.3	no	0	0	0	0	0	0	0	1
ECNIH2_23570=ECNIH2_23575=ECNIH2_23580=ECNIH2_23585=ECNIH2_23590	2806	NA	5	19.8	no	0	0	0	0	0	0	0	1
ECNIH2_25005=ECNIH2_25010=ECNIH2_25015=ECNIH2_25020=ECNIH2_25025	2803	NA	5	25.3	no	0	0	0	0	0	2	0	1
ECNIH2_23420=ECNIH2_23425=ECNIH2_23430=ECNIH2_23435=ECNIH2_23440	2779	NA	5	50.2	no	0	0	0	0	0	0	0	1
ECNIH2_23785=ECNIH2_23790=ECNIH2_23795=ECNIH2_23800=ECNIH2_23805	2768	NA	5	16.9	no	0	0	0	0	0	0	0	1
ECNIH2_23835=ECNIH2_23840=ECNIH2_23845=ECNIH2_23850=ECNIH2_23855	2749	NA	5	12.5	no	0	0	0	0	0	0	0	1
ECNIH2_23450=ECNIH2_23455=ECNIH2_23460=ECNIH2_23465=ECNIH2_23470	2700	NA	5	40.0	no	0	0	0	0	0	0	0	1
ECNIH2_23690=ECNIH2_23695=ECNIH2_23700=ECNIH2_23705=ECNIH2_23710	2685	NA	7	18.8	no	0	0	0	0	0	0	0	1
ECNIH2_24025=ECNIH2_24030=ECNIH2_24035=ECNIH2_24040=ECNIH2_24045	2657	NA	5	6.4	no	0	0	0	0	0	0	0	1
ECNIH2_24510=ECNIH2_24515=ECNIH2_24520=ECNIH2_24525=ECNIH2_24530	2657	NA	5	31.2	no	0	0	0	0	0	0	0	1
ECNIH2_25025=ECNIH2_25030=ECNIH2_25035=ECNIH2_25040=ECNIH2_25045	2647	NA	6	22.5	no	0	0	0	0	0	0	0	1
ECNIH2_24200=ECNIH2_24205=ECNIH2_24210=ECNIH2_24215=ECNIH2_24220	2642	NA	5	30.3	no	0	0	0	0	0	0	0	1
ECNIH2_23935=ECNIH2_23940=ECNIH2_23945=ECNIH2_23950=ECNIH2_23955	2626	NA	6	46.1	no	0	0	0	0	0	0	0	1
ECNIH2_23845=ECNIH2_23850=ECNIH2_23855=ECNIH2_23860=ECNIH2_23865	2608	NA	5	17.7	no	0	0	0	0	0	0	0	1
ECNIH2_23840=ECNIH2_23845=ECNIH2_23850=ECNIH2_23855=ECNIH2_23860	2600	NA	5	15.9	no	0	0	0	0	0	0	0	1
ECNIH2_24205=ECNIH2_24210=ECNIH2_24215=ECNIH2_24220=ECNIH2_24230	2597	NA	6	30.3	no	0	0	0	0	0	0	0	1
ECNIH2_24050=ECNIH2_24055=ECNIH2_24060=ECNIH2_24065=ECNIH2_24070	2592	NA	6	33.8	no	0	0	0	0	0	0	0	1
ECNIH2_23700=ECNIH2_23705=ECNIH2_23710=ECNIH2_23715=ECNIH2_23720	2577	NA	7	19.7	no	0	0	0	0	0	0	0	1
ECNIH2_23695=ECNIH2_23700=ECNIH2_23705=ECNIH2_23710=ECNIH2_23715	2549	NA	7	19.7	no	0	0	0	0	0	0	0	1
ECNIH2_23415=ECNIH2_23420=ECNIH2_23425=ECNIH2_23430=ECNIH2_23435	2533	NA	5	50.4	no	0	0	0	0	0	0	0	1
ECNIH2_25145=ECNIH2_25150=ECNIH2_25155=ECNIH2_25160=ECNIH2_25165	2452	NA	5	41.6	no	0	0	0	0	0	0	0	1
ECNIH2_23460=ECNIH2_23465=ECNIH2_23470=ECNIH2_23475=ECNIH2_23480	2395	NA	5	47.6	no	0	0	0	0	0	0	0	1
ECNIH2_23820=ECNIH2_23825=ECNIH2_23830=ECNIH2_23835=ECNIH2_23840	2390	NA	5	11.8	no	0	0	0	0	0	0	0	1
ECNIH2_24035=ECNIH2_24040=ECNIH2_24045=ECNIH2_24050=ECNIH2_24055	2378	NA	5	-2.3	no	0	0	0	0	0	0	0	1
ECNIH2_23470=ECNIH2_23475=ECNIH2_23480=ECNIH2_23485=ECNIH2_23490	2351	NA	5	44.9	no	0	0	0	0	0	0	0	1
ECNIH2_23480=ECNIH2_23485=ECNIH2_23490=ECNIH2_23495=ECNIH2_23500	2327	NA	5	45.4	no	0	0	0	0	0	0	0	1
ECNIH2_24220=ECNIH2_24230=ECNIH2_24235=ECNIH2_24240=ECNIH2_24245	2320	NA	6	30.1	no	0	0	0	0	0	0	0	1
ECNIH2_24215=ECNIH2_24220=ECNIH2_24230=ECNIH2_24235=ECNIH2_24240	2319	NA	6	30.1	no	0	0	0	0	0	0	0	1
ECNIH2_23965=ECNIH2_23970=ECNIH2_23975=ECNIH2_23980=ECNIH2_23985	2303	NA	6	25.9	no	0	0	0	0	0	0	0	1
ECNIH2_23685=ECNIH2_23690=ECNIH2_23695=ECNIH2_23700=ECNIH2_23705	2278	NA	5	14.9	no	0	0	0	0	0	0	0	1
ECNIH2_23850=ECNIH2_23855=ECNIH2_23860=ECNIH2_23865=ECNIH2_23870	2278	NA	5	17.7	no	0	0	0	0	0	0	0	1
ECNIH2_24020=ECNIH2_24025=ECNIH2_24030=ECNIH2_24035=ECNIH2_24040	2273	NA	5	18.9	no	0	0	0	0	0	0	0	1
ECNIH2_23530=ECNIH2_23535=ECNIH2_23540=ECNIH2_23545=ECNIH2_23550	2270	NA	5	48.4	no	0	0	0	0	0	0	0	1
ECNIH2_23465=ECNIH2_23470=ECNIH2_23475=ECNIH2_23480=ECNIH2_23485	2250	NA	5	45.3	no	0	0	0	0	0	0	0	1
ECNIH2_24030=ECNIH2_24035=ECNIH2_24040=ECNIH2_24045=ECNIH2_24050	2172	NA	5	-2.1	no	0	0	0	0	0	0	0	1
ECNIH2_23475=ECNIH2_23480=ECNIH2_23485=ECNIH2_23490=ECNIH2_23495	2163	NA	5	45.5	no	0	0	0	0	0	0	0	1
ECNIH2_23830=ECNIH2_23835=ECNIH2_23840=ECNIH2_23845=ECNIH2_23850	2115	NA	5	13.6	no	0	0	0	0	0	0	0	1
ECNIH2_24210=ECNIH2_24215=ECNIH2_24220=ECNIH2_24230=ECNIH2_24235	2069	NA	6	30.1	no	0	0	0	0	0	0	0	1
ECNIH2_23495=ECNIH2_23500=ECNIH2_23505=ECNIH2_23510=ECNIH2_23515	2049	NA	5	50.1	no	0	0	0	0	0	0	0	1
ECNIH2_23455=ECNIH2_23460=ECNIH2_23465=ECNIH2_23470=ECNIH2_23475	2036	NA	5	50.1	no	0	0	0	0	0	0	0	1
ECNIH2_23500=ECNIH2_23505=ECNIH2_23510=ECNIH2_23515=ECNIH2_23520	2030	NA	5	40.8	no	0	0	0	0	0	0	0	1
ECNIH2_23970=ECNIH2_23975=ECNIH2_23980=ECNIH2_23985=ECNIH2_23990	2021	NA	4	24.0	no	0	0	0	0	0	0	0	1
ECNIH2_24505=ECNIH2_24510=ECNIH2_24515=ECNIH2_24520=ECNIH2_24525	2006	NA	5	30.9	no	0	0	0	0	0	0	0	1
ECNIH2_23855=ECNIH2_23860=ECNIH2_23865=ECNIH2_23870=ECNIH2_23875	1981	NA	5	17.4	no	0	0	0	0	0	0	0	1
ECNIH2_23510=ECNIH2_23515=ECNIH2_23520=ECNIH2_23525=ECNIH2_23530	1979	NA	5	40.7	no	0	0	0	0	0	0	0	1
ECNIH2_23525=ECNIH2_23530=ECNIH2_23535=ECNIH2_23540=ECNIH2_23545	1975	NA	5	48.8	no	0	0	0	0	0	0	0	1
ECNIH2_23515=ECNIH2_23520=ECNIH2_23525=ECNIH2_23530=ECNIH2_23535	1929	NA	5	40.6	no	0	0	0	0	0	0	0	1
ECNIH2_23490=ECNIH2_23495=ECNIH2_23500=ECNIH2_23505=ECNIH2_23510	1923	NA	5	50.3	no	0	0	0	0	0	0	0	1
ECNIH2_23825=ECNIH2_23830=ECNIH2_23835=ECNIH2_23840=ECNIH2_23845	1911	NA	5	14.7	no	0	0	0	0	0	0	0	1
ECNIH2_23505=ECNIH2_23510=ECNIH2_23515=ECNIH2_23520=ECNIH2_23525	1904	NA	5	40.7	no	0	0	0	0	0	0	0	1
ECNIH2_23865=ECNIH2_23870=ECNIH2_23875=ECNIH2_23880=ECNIH2_23885	1876	NA	5	5.3	no	0	0	0	0	0	0	0	1
ECNIH2_23485=ECNIH2_23490=ECNIH2_23495=ECNIH2_23500=ECNIH2_23505	1773	NA	5	47.8	no	0	0	0	0	0	0	0	1
ECNIH2_23520=ECNIH2_23525=ECNIH2_23530=ECNIH2_23535=ECNIH2_23540	1641	NA	5	40.1	no	0	0	0	0	0	0	0	1
ECNIH2_23860=ECNIH2_23865=ECNIH2_23870=ECNIH2_23875=ECNIH2_23880	1248	NA	5	13.7	no	0	0	0	0	0	0	0	1
