ID	Length	Coverage	# ORFs	RDS	Circular	Inc Type(s)	# Replication	# Mobilization	# OriT	# Conjugation	# AMRs	# rRNAs	# Plasmid Hits
AGH21_00035=AGH21_00005=AGH21_00010=AGH21_00015=AGH21_00025	3509	NA	4	5.6	no	2	0	1	0	0	0	0	1
AGH21_00005=AGH21_00010=AGH21_00015=AGH21_00025=AGH21_00030	3312	NA	3	1.1	no	1	0	1	0	0	0	0	1
AGH21_00015=AGH21_00025=AGH21_00030=AGH21_00035=AGH21_00005	3305	NA	2	10.8	no	2	0	1	0	0	0	0	1
AGH21_00030=AGH21_00035=AGH21_00005=AGH21_00010=AGH21_00015	3057	NA	4	0.9	no	1	0	1	0	0	0	0	1
AGH21_00025=AGH21_00030=AGH21_00035=AGH21_00005=AGH21_00010	2988	NA	3	7.4	no	1	0	1	0	0	0	0	1
AGH21_00010=AGH21_00015=AGH21_00025=AGH21_00030=AGH21_00035	2030	NA	2	9.7	no	2	0	0	0	0	0	0	1
