ID	Length	Coverage	# ORFs	RDS	Circular	Inc Type(s)	# Replication	# Mobilization	# OriT	# Conjugation	# AMRs	# rRNAs	# Plasmid Hits
AGE78_00050=AGE78_00030=AGE78_00035=AGE78_00040=AGE78_00045	3182	NA	4	11.5	no	1	0	1	0	0	0	0	1
AGE78_00035=AGE78_00040=AGE78_00045=AGE78_00050=AGE78_00030	3157	NA	4	11.5	no	0	0	1	0	0	0	0	1
AGE78_00030=AGE78_00035=AGE78_00040=AGE78_00045=AGE78_00050	3015	NA	4	11.5	no	0	0	1	0	0	0	0	1
AGE78_00045=AGE78_00050=AGE78_00030=AGE78_00035=AGE78_00040	2975	NA	4	11.5	no	0	0	1	0	0	0	0	1
AGE78_00040=AGE78_00045=AGE78_00050=AGE78_00030=AGE78_00035	11	NA	0	0.0	no	0	0	0	0	0	0	0	0
