ID	Length	Coverage	# ORFs	RDS	Circular	Inc Type(s)	# Replication	# Mobilization	# OriT	# Conjugation	# AMRs	# rRNAs	# Plasmid Hits
CTI61_29605=CTI61_29610=CTI61_29590=CTI61_29595=CTI61_29600	3590	NA	5	12.3	no	0	0	0	0	0	0	0	0
CTI61_29610=CTI61_29590=CTI61_29595=CTI61_29600=CTI61_29605	3196	NA	4	14.8	no	0	0	0	0	0	0	0	1
CTI61_29600=CTI61_29605=CTI61_29610=CTI61_29590=CTI61_29595	3050	NA	4	14.8	no	0	0	0	0	0	0	0	1
CTI61_29590=CTI61_29595=CTI61_29600=CTI61_29605=CTI61_29610	3021	NA	4	14.8	no	0	0	0	0	0	0	0	1
CTI61_29595=CTI61_29600=CTI61_29605=CTI61_29610=CTI61_29590	1	NA	0	0.0	no	0	0	0	0	0	0	0	0
