ID	Length	Coverage	# ORFs	RDS	Circular	Inc Type(s)	# Replication	# Mobilization	# OriT	# Conjugation	# AMRs	# rRNAs	# Plasmid Hits
CTI54_28585=CTI54_28590=CTI54_28595=CTI54_28605=CTI54_28610	3030	NA	4	0.8	no	3	0	0	0	0	0	0	1
CTI54_28580=CTI54_28585=CTI54_28590=CTI54_28595=CTI54_28605	2879	NA	4	0.7	no	3	0	0	0	0	0	0	1
CTI54_28590=CTI54_28595=CTI54_28605=CTI54_28610=CTI54_28580	2837	NA	5	0.5	no	3	0	0	0	0	0	0	1
CTI54_28595=CTI54_28605=CTI54_28610=CTI54_28580=CTI54_28585	2818	NA	3	2.0	no	2	0	1	0	0	0	0	1
CTI54_28605=CTI54_28610=CTI54_28580=CTI54_28585=CTI54_28590	2344	NA	3	7.4	no	1	0	1	0	0	0	0	1
CTI54_28610=CTI54_28580=CTI54_28585=CTI54_28590=CTI54_28595	2295	NA	3	0.0	no	1	0	0	0	0	0	0	1
