ID	Length	Coverage	# ORFs	RDS	Circular	Inc Type(s)	# Replication	# Mobilization	# OriT	# Conjugation	# AMRs	# rRNAs	# Plasmid Hits
CTI58_28320=CTI58_28325=CTI58_28330=CTI58_28335=CTI58_28315	3769	NA	6	0.6	no	0	0	1	0	0	0	0	1
CTI58_28315=CTI58_28320=CTI58_28325=CTI58_28330=CTI58_28335	3756	NA	6	0.6	no	0	0	1	0	0	0	0	1
CTI58_28330=CTI58_28335=CTI58_28315=CTI58_28320=CTI58_28325	3651	NA	5	0.6	no	0	0	1	0	0	0	0	1
CTI58_28325=CTI58_28330=CTI58_28335=CTI58_28315=CTI58_28320	11	NA	0	0.0	no	0	0	0	0	0	0	0	0
CTI58_28335=CTI58_28315=CTI58_28320=CTI58_28325=CTI58_28330	4	NA	0	0.0	no	0	0	0	0	0	0	0	0
