ID	Length	Coverage	# ORFs	RDS	Circular	Inc Type(s)	# Replication	# Mobilization	# OriT	# Conjugation	# AMRs	# rRNAs	# Plasmid Hits
CTI69_29350=CTI69_29355=CTI69_29360=CTI69_29365=CTI69_29370	3021	NA	4	14.8	no	0	0	0	0	0	0	0	1
CTI69_29355=CTI69_29360=CTI69_29365=CTI69_29370=CTI69_29375	3017	NA	4	10.6	no	0	0	0	0	0	0	0	1
CTI69_29360=CTI69_29365=CTI69_29370=CTI69_29375=CTI69_29350	2859	NA	4	6.1	no	0	0	0	0	0	0	0	1
CTI69_29375=CTI69_29350=CTI69_29355=CTI69_29360=CTI69_29365	2814	NA	3	18.8	no	0	0	0	0	0	0	0	1
CTI69_29370=CTI69_29375=CTI69_29350=CTI69_29355=CTI69_29360	2767	NA	4	14.8	no	0	0	0	0	0	0	0	1
CTI69_29365=CTI69_29370=CTI69_29375=CTI69_29350=CTI69_29355	2493	NA	4	14.8	no	0	0	0	0	0	0	0	1
