ID	Length	Coverage	# ORFs	RDS	Circular	Inc Type(s)	# Replication	# Mobilization	# OriT	# Conjugation	# AMRs	# rRNAs	# Plasmid Hits
CTI59_29610=CTI59_29615=CTI59_29620=CTI59_29595=CTI59_29600	3021	NA	4	14.8	no	1	0	0	0	0	0	0	1
CTI59_29605=CTI59_29610=CTI59_29615=CTI59_29620=CTI59_29595	3017	NA	4	10.6	no	1	0	0	0	0	0	0	1
CTI59_29600=CTI59_29605=CTI59_29610=CTI59_29615=CTI59_29620	2859	NA	4	6.1	no	1	0	0	0	0	0	0	1
CTI59_29615=CTI59_29620=CTI59_29595=CTI59_29600=CTI59_29605	2814	NA	3	18.8	no	1	0	0	0	0	0	0	1
CTI59_29620=CTI59_29595=CTI59_29600=CTI59_29605=CTI59_29610	2767	NA	4	14.8	no	0	0	0	0	0	0	0	1
CTI59_29595=CTI59_29600=CTI59_29605=CTI59_29610=CTI59_29615	2493	NA	4	14.8	no	0	0	0	0	0	0	0	1
