ID	Length	Coverage	# ORFs	RDS	Circular	Inc Type(s)	# Replication	# Mobilization	# OriT	# Conjugation	# AMRs	# rRNAs	# Plasmid Hits
CTI68_29360=CTI68_29365=CTI68_29370=CTI68_29375=CTI68_29380	3021	NA	4	14.8	no	1	0	0	0	0	0	0	1
CTI68_29355=CTI68_29360=CTI68_29365=CTI68_29370=CTI68_29375	3017	NA	4	10.6	no	1	0	0	0	0	0	0	1
CTI68_29380=CTI68_29355=CTI68_29360=CTI68_29365=CTI68_29370	2859	NA	4	6.1	no	1	0	0	0	0	0	0	1
CTI68_29365=CTI68_29370=CTI68_29375=CTI68_29380=CTI68_29355	2814	NA	3	18.8	no	1	0	0	0	0	0	0	1
CTI68_29370=CTI68_29375=CTI68_29380=CTI68_29355=CTI68_29360	2767	NA	4	14.8	no	0	0	0	0	0	0	0	1
CTI68_29375=CTI68_29380=CTI68_29355=CTI68_29360=CTI68_29365	2493	NA	4	14.8	no	0	0	0	0	0	0	0	1
