ID	Length	Coverage	# ORFs	RDS	Circular	Inc Type(s)	# Replication	# Mobilization	# OriT	# Conjugation	# AMRs	# rRNAs	# Plasmid Hits
CTI56_28420=CTI56_28425=CTI56_28430=CTI56_28435=CTI56_28415	3769	NA	6	0.6	no	0	0	1	0	0	0	0	1
CTI56_28415=CTI56_28420=CTI56_28425=CTI56_28430=CTI56_28435	3756	NA	6	0.6	no	0	0	1	0	0	0	0	1
CTI56_28430=CTI56_28435=CTI56_28415=CTI56_28420=CTI56_28425	3651	NA	5	0.6	no	0	0	1	0	0	0	0	1
CTI56_28425=CTI56_28430=CTI56_28435=CTI56_28415=CTI56_28420	11	NA	0	0.0	no	0	0	0	0	0	0	0	0
CTI56_28435=CTI56_28415=CTI56_28420=CTI56_28425=CTI56_28430	4	NA	0	0.0	no	0	0	0	0	0	0	0	0
