ID	Length	Coverage	# ORFs	RDS	Circular	Inc Type(s)	# Replication	# Mobilization	# OriT	# Conjugation	# AMRs	# rRNAs	# Plasmid Hits
CTI57_30370=CTI57_30340=CTI57_30345=CTI57_30355=CTI57_30360	3030	NA	4	0.8	no	3	0	0	0	0	0	0	1
CTI57_30345=CTI57_30355=CTI57_30360=CTI57_30365=CTI57_30370	2938	NA	3	2.0	no	2	0	1	0	0	0	0	1
CTI57_30365=CTI57_30370=CTI57_30340=CTI57_30345=CTI57_30355	2879	NA	4	0.7	no	3	0	0	0	0	0	0	1
CTI57_30340=CTI57_30345=CTI57_30355=CTI57_30360=CTI57_30365	2837	NA	5	0.5	no	3	0	0	0	0	0	0	1
CTI57_30355=CTI57_30360=CTI57_30365=CTI57_30370=CTI57_30340	2344	NA	3	7.4	no	1	0	1	0	0	0	0	1
CTI57_30360=CTI57_30365=CTI57_30370=CTI57_30340=CTI57_30345	2295	NA	3	0.0	no	1	0	0	0	0	0	0	1
