ID	Length	Coverage	# ORFs	RDS	Circular	Inc Type(s)	# Replication	# Mobilization	# OriT	# Conjugation	# AMRs	# rRNAs	# Plasmid Hits
CTI56_28450=CTI56_28455=CTI56_28460=CTI56_28465=CTI56_28440	3021	NA	4	11.5	no	1	0	1	0	0	0	0	1
CTI56_28445=CTI56_28450=CTI56_28455=CTI56_28460=CTI56_28465	2843	NA	4	11.5	no	0	0	1	0	0	0	0	1
CTI56_28455=CTI56_28460=CTI56_28465=CTI56_28440=CTI56_28445	2820	NA	3	13.1	no	0	0	1	0	0	0	0	1
CTI56_28440=CTI56_28445=CTI56_28450=CTI56_28455=CTI56_28460	2715	NA	3	9.1	no	0	0	1	0	0	0	0	1
CTI56_28460=CTI56_28465=CTI56_28440=CTI56_28445=CTI56_28450	2616	NA	3	13.5	no	0	0	1	0	0	0	0	1
CTI56_28465=CTI56_28440=CTI56_28445=CTI56_28450=CTI56_28455	1674	NA	3	10.3	no	0	0	0	0	0	0	0	1
