ID	Length	Coverage	# ORFs	RDS	Circular	Inc Type(s)	# Replication	# Mobilization	# OriT	# Conjugation	# AMRs	# rRNAs	# Plasmid Hits
CTI58_28355=CTI58_28360=CTI58_28340=CTI58_28345=CTI58_28350	3157	NA	4	11.5	no	0	0	1	0	0	0	0	1
CTI58_28345=CTI58_28350=CTI58_28355=CTI58_28360=CTI58_28340	3049	NA	4	11.5	no	0	0	1	0	0	0	0	1
CTI58_28340=CTI58_28345=CTI58_28350=CTI58_28355=CTI58_28360	3021	NA	4	11.5	no	1	0	1	0	0	0	0	1
CTI58_28360=CTI58_28340=CTI58_28345=CTI58_28350=CTI58_28355	3015	NA	4	11.5	no	0	0	1	0	0	0	0	1
CTI58_28350=CTI58_28355=CTI58_28360=CTI58_28340=CTI58_28345	11	NA	0	0.0	no	0	0	0	0	0	0	0	0
