ID	Length	Coverage	# ORFs	RDS	Circular	Inc Type(s)	# Replication	# Mobilization	# OriT	# Conjugation	# AMRs	# rRNAs	# Plasmid Hits
CTI52_28510=CTI52_28515=CTI52_28520=CTI52_28525=CTI52_28505	3881	NA	8	-149.0	no	0	0	0	0	0	0	0	1
CTI52_28505=CTI52_28510=CTI52_28515=CTI52_28520=CTI52_28525	3846	NA	8	-149.0	no	0	0	0	0	0	0	0	1
CTI52_28515=CTI52_28520=CTI52_28525=CTI52_28505=CTI52_28510	3784	NA	9	-132.4	no	0	0	0	0	0	0	0	0
CTI52_28525=CTI52_28505=CTI52_28510=CTI52_28515=CTI52_28520	3432	NA	6	-11.8	no	0	0	0	0	0	0	0	0
CTI52_28520=CTI52_28525=CTI52_28505=CTI52_28510=CTI52_28515	1	NA	0	0.0	no	0	0	0	0	0	0	0	0
