ID	Length	Coverage	# ORFs	RDS	Circular	Inc Type(s)	# Replication	# Mobilization	# OriT	# Conjugation	# AMRs	# rRNAs	# Plasmid Hits
ECNIH2_26890|ECNIH2_26895|ECNIH2_26900|ECNIH2_26905|ECNIH2_26910	7386	NA	4	18.9	no	0	0	0	0	0	0	0	0
ECNIH2_26895|ECNIH2_26900|ECNIH2_26905|ECNIH2_26910|ECNIH2_26915	7164	NA	5	24.0	no	0	0	0	0	0	0	0	0
ECNIH2_26900|ECNIH2_26905|ECNIH2_26910|ECNIH2_26915|ECNIH2_26920	7020	NA	5	45.9	no	0	0	0	0	0	1	0	0
ECNIH2_26885|ECNIH2_26890|ECNIH2_26895|ECNIH2_26900|ECNIH2_26905	6816	NA	4	18.0	no	0	0	0	0	0	0	0	0
ECNIH2_26880|ECNIH2_26885|ECNIH2_26890|ECNIH2_26895|ECNIH2_26900	5982	NA	4	25.1	no	0	0	0	0	0	1	0	0
ECNIH2_26820|ECNIH2_26825|ECNIH2_26830|ECNIH2_26835|ECNIH2_26840	5553	NA	5	6.6	no	0	0	0	0	1	0	0	0
ECNIH2_26870|ECNIH2_26875|ECNIH2_26880|ECNIH2_26885|ECNIH2_26890	5421	NA	5	24.0	no	0	0	0	0	0	1	0	0
ECNIH2_26860|ECNIH2_26865|ECNIH2_26870|ECNIH2_26875|ECNIH2_26880	5312	NA	5	17.8	no	0	0	0	0	0	1	0	0
ECNIH2_26815|ECNIH2_26820|ECNIH2_26825|ECNIH2_26830|ECNIH2_26835	5187	NA	5	6.7	no	0	0	0	0	1	0	0	1
ECNIH2_26850|ECNIH2_26855|ECNIH2_26860|ECNIH2_26865|ECNIH2_26870	5024	NA	5	7.0	no	0	0	0	0	1	0	0	0
ECNIH2_26780|ECNIH2_26785|ECNIH2_26790|ECNIH2_26795|ECNIH2_26800	5010	NA	5	7.1	no	0	0	1	0	0	0	0	0
ECNIH2_26855|ECNIH2_26860|ECNIH2_26865|ECNIH2_26870|ECNIH2_26875	4967	NA	5	5.7	no	0	0	0	0	0	0	0	0
ECNIH2_26865|ECNIH2_26870|ECNIH2_26875|ECNIH2_26880|ECNIH2_26885	4964	NA	5	18.1	no	0	0	0	0	0	1	0	0
ECNIH2_26785|ECNIH2_26790|ECNIH2_26795|ECNIH2_26800|ECNIH2_26805	4899	NA	5	7.0	no	0	0	1	0	0	0	0	0
ECNIH2_26690|ECNIH2_26695|ECNIH2_26700|ECNIH2_26705|ECNIH2_26710	4854	NA	5	28.9	no	1	0	0	0	0	0	0	0
ECNIH2_26685|ECNIH2_26690|ECNIH2_26695|ECNIH2_26700|ECNIH2_26705	4803	NA	5	27.5	no	1	0	0	0	0	0	0	0
ECNIH2_26680|ECNIH2_26685|ECNIH2_26690|ECNIH2_26695|ECNIH2_26700	4593	NA	5	27.5	no	1	0	0	0	0	0	0	0
ECNIH2_26800|ECNIH2_26805|ECNIH2_26810|ECNIH2_26815|ECNIH2_26820	4587	NA	4	5.3	no	0	0	0	0	0	0	0	0
ECNIH2_26775|ECNIH2_26780|ECNIH2_26785|ECNIH2_26790|ECNIH2_26795	4524	NA	5	7.2	no	0	0	1	0	0	0	0	0
ECNIH2_26810|ECNIH2_26815|ECNIH2_26820|ECNIH2_26825|ECNIH2_26830	4488	NA	5	5.8	no	0	0	0	0	0	0	0	1
ECNIH2_26835|ECNIH2_26840|ECNIH2_26845|ECNIH2_26850|ECNIH2_26855	4449	NA	5	5.0	no	0	0	0	0	2	0	0	1
ECNIH2_26695|ECNIH2_26700|ECNIH2_26705|ECNIH2_26710|ECNIH2_26715	4446	NA	5	28.9	no	0	0	0	0	0	0	0	0
ECNIH2_26805|ECNIH2_26810|ECNIH2_26815|ECNIH2_26820|ECNIH2_26825	4377	NA	4	5.5	no	0	0	0	0	0	0	0	1
ECNIH2_26830|ECNIH2_26835|ECNIH2_26840|ECNIH2_26845|ECNIH2_26850	4371	NA	5	6.4	no	0	0	0	0	2	0	0	1
ECNIH2_26790|ECNIH2_26795|ECNIH2_26800|ECNIH2_26805|ECNIH2_26810	4347	NA	4	5.2	no	0	0	1	0	0	0	0	0
ECNIH2_26875|ECNIH2_26880|ECNIH2_26885|ECNIH2_26890|ECNIH2_26895	4326	NA	4	17.3	no	0	0	0	0	0	1	0	0
ECNIH2_26905|ECNIH2_26910|ECNIH2_26915|ECNIH2_26920|ECNIH2_26675	4305	NA	5	39.6	no	0	0	0	0	0	1	0	0
ECNIH2_26675|ECNIH2_26680|ECNIH2_26685|ECNIH2_26690|ECNIH2_26695	4248	NA	5	15.3	no	1	0	0	0	0	0	0	0
ECNIH2_26770|ECNIH2_26775|ECNIH2_26780|ECNIH2_26785|ECNIH2_26790	4176	NA	5	7.3	no	0	0	0	0	0	0	0	0
ECNIH2_26840|ECNIH2_26845|ECNIH2_26850|ECNIH2_26855|ECNIH2_26860	4161	NA	5	5.5	no	0	0	0	0	1	0	0	1
ECNIH2_26825|ECNIH2_26830|ECNIH2_26835|ECNIH2_26840|ECNIH2_26845	3807	NA	5	6.5	no	0	0	0	0	1	0	0	0
ECNIH2_26845|ECNIH2_26850|ECNIH2_26855|ECNIH2_26860|ECNIH2_26865	3758	NA	5	5.0	no	0	0	0	0	1	0	0	0
ECNIH2_26910|ECNIH2_26915|ECNIH2_26920|ECNIH2_26675|ECNIH2_26680	2829	NA	5	34.7	no	0	0	0	0	0	1	0	0
ECNIH2_26795|ECNIH2_26800|ECNIH2_26805|ECNIH2_26810|ECNIH2_26815	2721	NA	4	5.2	no	0	0	1	0	0	0	0	0
ECNIH2_26765|ECNIH2_26770|ECNIH2_26775|ECNIH2_26780|ECNIH2_26785	2559	NA	5	7.3	no	0	0	0	0	0	0	0	0
ECNIH2_26720|ECNIH2_26725|ECNIH2_26730|ECNIH2_26735|ECNIH2_26740	2502	NA	5	7.2	no	0	0	0	0	0	0	0	0
ECNIH2_26725|ECNIH2_26730|ECNIH2_26735|ECNIH2_26740|ECNIH2_26745	2442	NA	5	7.3	no	0	0	0	0	0	0	0	0
ECNIH2_26715|ECNIH2_26720|ECNIH2_26725|ECNIH2_26730|ECNIH2_26735	2316	NA	5	5.7	no	0	0	0	0	0	0	0	0
ECNIH2_26920|ECNIH2_26675|ECNIH2_26680|ECNIH2_26685|ECNIH2_26690	2211	NA	5	23.3	no	1	0	0	0	0	1	0	0
ECNIH2_26760|ECNIH2_26765|ECNIH2_26770|ECNIH2_26775|ECNIH2_26780	2196	NA	5	7.3	no	0	0	0	0	0	0	0	0
ECNIH2_26915|ECNIH2_26920|ECNIH2_26675|ECNIH2_26680|ECNIH2_26685	2157	NA	5	32.2	no	0	0	0	0	0	1	0	0
ECNIH2_26730|ECNIH2_26735|ECNIH2_26740|ECNIH2_26745|ECNIH2_26750	2118	NA	5	7.1	no	0	0	0	0	0	0	0	0
ECNIH2_26755|ECNIH2_26760|ECNIH2_26765|ECNIH2_26770|ECNIH2_26775	1986	NA	5	7.4	no	0	0	0	0	0	0	0	0
ECNIH2_26735|ECNIH2_26740|ECNIH2_26745|ECNIH2_26750|ECNIH2_26755	1923	NA	5	7.2	no	0	0	0	0	0	0	0	0
ECNIH2_26705|ECNIH2_26710|ECNIH2_26715|ECNIH2_26720|ECNIH2_26725	1842	NA	5	5.8	no	0	0	0	0	0	0	0	0
ECNIH2_26710|ECNIH2_26715|ECNIH2_26720|ECNIH2_26725|ECNIH2_26730	1836	NA	5	5.8	no	0	0	0	0	0	0	0	0
ECNIH2_26700|ECNIH2_26705|ECNIH2_26710|ECNIH2_26715|ECNIH2_26720	1800	NA	5	16.6	no	0	0	0	0	0	0	0	0
ECNIH2_26750|ECNIH2_26755|ECNIH2_26760|ECNIH2_26765|ECNIH2_26770	1773	NA	5	7.2	no	0	0	0	0	0	0	0	0
ECNIH2_26740|ECNIH2_26745|ECNIH2_26750|ECNIH2_26755|ECNIH2_26760	1620	NA	5	7.3	no	0	0	0	0	0	0	0	0
ECNIH2_26745|ECNIH2_26750|ECNIH2_26755|ECNIH2_26760|ECNIH2_26765	1599	NA	5	7.2	no	0	0	0	0	0	0	0	0
