ID	Length	Coverage	# ORFs	RDS	Circular	Inc Type(s)	# Replication	# Mobilization	# OriT	# Conjugation	# AMRs	# rRNAs	# Plasmid Hits
KONIH1_30770|KONIH1_30775|KONIH1_30780|KONIH1_30785|KONIH1_30790	9660	NA	5	33.2	no	0	0	0	0	1	0	0	0
KONIH1_30780|KONIH1_30785|KONIH1_30790|KONIH1_30795|KONIH1_30800	9537	NA	5	30.6	no	0	0	0	0	0	0	0	0
KONIH1_30775|KONIH1_30780|KONIH1_30785|KONIH1_30790|KONIH1_30795	9399	NA	5	32.1	no	0	0	0	0	0	0	0	0
KONIH1_30760|KONIH1_30765|KONIH1_30770|KONIH1_30775|KONIH1_30780	8736	NA	6	22.4	no	0	0	0	0	2	0	0	0
KONIH1_30765|KONIH1_30770|KONIH1_30775|KONIH1_30780|KONIH1_30785	8526	NA	6	22.0	no	0	0	0	0	1	0	0	0
KONIH1_31090|KONIH1_31095|KONIH1_31100|KONIH1_31105|KONIH1_31110	8400	NA	5	27.3	no	0	0	0	0	0	1	0	0
KONIH1_31085|KONIH1_31090|KONIH1_31095|KONIH1_31100|KONIH1_31105	8259	NA	5	34.8	no	0	0	0	0	0	0	0	0
KONIH1_31315|KONIH1_31320|KONIH1_31325|KONIH1_31330|KONIH1_31335	7953	NA	5	48.9	no	0	0	0	0	2	0	0	0
KONIH1_30695|KONIH1_30700|KONIH1_30705|KONIH1_30710|KONIH1_30715	7884	NA	5	41.3	no	0	0	1	0	1	0	0	0
KONIH1_31310|KONIH1_31315|KONIH1_31320|KONIH1_31325|KONIH1_31330	7869	NA	5	49.0	no	0	0	0	0	2	0	0	0
KONIH1_30860|KONIH1_30865|KONIH1_30870|KONIH1_30885|KONIH1_30890	7704	NA	6	0.0	no	0	0	0	0	0	0	0	0
KONIH1_31080|KONIH1_31085|KONIH1_31090|KONIH1_31095|KONIH1_31100	7647	NA	5	24.8	no	0	0	0	0	0	0	0	1
KONIH1_30855|KONIH1_30860|KONIH1_30865|KONIH1_30870|KONIH1_30885	7358	NA	6	0.1	no	0	0	0	0	0	0	0	0
KONIH1_31070|KONIH1_31080|KONIH1_31085|KONIH1_31090|KONIH1_31095	7329	NA	5	21.6	no	0	0	0	0	0	0	0	1
KONIH1_30865|KONIH1_30870|KONIH1_30885|KONIH1_30890|KONIH1_30895	6756	NA	6	1.8	no	0	0	0	0	0	0	0	0
KONIH1_31320|KONIH1_31325|KONIH1_31330|KONIH1_31335|KONIH1_31340	6714	NA	5	49.1	no	0	0	0	0	2	0	0	1
KONIH1_30705|KONIH1_30710|KONIH1_30715|KONIH1_30720|KONIH1_30725	6672	NA	5	41.9	no	0	0	1	0	1	0	0	1
KONIH1_30805|KONIH1_30810|KONIH1_30815|KONIH1_30820|KONIH1_30825	6606	NA	5	32.0	no	0	0	0	0	3	0	0	0
KONIH1_30690|KONIH1_30695|KONIH1_30700|KONIH1_30705|KONIH1_30710	6513	NA	5	36.1	no	0	0	1	0	0	0	0	0
KONIH1_30710|KONIH1_30715|KONIH1_30720|KONIH1_30725|KONIH1_30730	6501	NA	5	41.7	no	0	0	1	0	1	0	0	1
KONIH1_30700|KONIH1_30705|KONIH1_30710|KONIH1_30715|KONIH1_30720	6276	NA	5	41.4	no	0	0	1	0	1	0	0	1
KONIH1_30800|KONIH1_30805|KONIH1_30810|KONIH1_30815|KONIH1_30820	6276	NA	5	32.7	no	0	0	0	0	3	0	0	0
KONIH1_30850|KONIH1_30855|KONIH1_30860|KONIH1_30865|KONIH1_30870	6234	NA	5	6.4	no	0	0	0	0	0	0	0	0
KONIH1_31325|KONIH1_31330|KONIH1_31335|KONIH1_31340|KONIH1_31345	6219	NA	5	48.7	no	0	0	0	0	1	0	0	1
KONIH1_31095|KONIH1_31100|KONIH1_31105|KONIH1_31110|KONIH1_31115	6204	NA	5	26.0	no	0	0	0	0	0	2	0	0
KONIH1_30870|KONIH1_30885|KONIH1_30890|KONIH1_30895|KONIH1_30900	6117	NA	6	1.4	no	0	0	0	0	0	0	0	0
KONIH1_30810|KONIH1_30815|KONIH1_30820|KONIH1_30825|KONIH1_30830	5982	NA	5	31.6	no	0	0	0	0	2	0	0	0
KONIH1_31285|KONIH1_31290|KONIH1_31295|KONIH1_31300|KONIH1_31305	5838	NA	5	20.4	no	0	0	0	0	0	0	0	0
KONIH1_30815|KONIH1_30820|KONIH1_30825|KONIH1_30830|KONIH1_30835	5631	NA	4	24.0	no	0	0	0	0	2	0	0	0
KONIH1_30920|KONIH1_30925|KONIH1_30930|KONIH1_30935|KONIH1_30940	5616	NA	5	30.5	no	0	0	0	0	0	0	0	0
KONIH1_30995|KONIH1_31000|KONIH1_31005|KONIH1_31010|KONIH1_31015	5454	NA	5	29.7	no	0	0	0	0	0	0	0	0
KONIH1_31140|KONIH1_31145|KONIH1_31150|KONIH1_31155|KONIH1_31160	5433	NA	5	26.6	yes	0	0	0	0	0	3	0	0
KONIH1_31330|KONIH1_31335|KONIH1_31340|KONIH1_31345|KONIH1_31350	5394	NA	5	41.1	no	0	0	0	0	0	0	0	0
KONIH1_30915|KONIH1_30920|KONIH1_30925|KONIH1_30930|KONIH1_30935	5322	NA	5	24.3	no	0	0	0	0	0	0	0	0
KONIH1_31305|KONIH1_31310|KONIH1_31315|KONIH1_31320|KONIH1_31325	5295	NA	5	39.7	no	0	0	0	0	2	0	0	0
KONIH1_31105|KONIH1_31110|KONIH1_31115|KONIH1_31120|KONIH1_31125	5283	NA	5	10.6	no	0	0	0	0	0	3	0	0
KONIH1_30785|KONIH1_30790|KONIH1_30795|KONIH1_30800|KONIH1_30805	5271	NA	5	34.2	no	0	0	0	0	1	0	0	0
KONIH1_30790|KONIH1_30795|KONIH1_30800|KONIH1_30805|KONIH1_30810	5235	NA	5	33.0	no	0	0	0	0	1	0	0	0
KONIH1_30845|KONIH1_30850|KONIH1_30855|KONIH1_30860|KONIH1_30865	5214	NA	5	13.0	no	0	0	0	0	0	0	0	0
KONIH1_31265|KONIH1_31270|KONIH1_31275|KONIH1_31280|KONIH1_31285	5151	NA	5	0.9	no	0	0	0	0	0	0	0	0
KONIH1_30925|KONIH1_30930|KONIH1_30935|KONIH1_30940|KONIH1_30945	5127	NA	5	30.3	no	0	0	0	0	0	0	0	0
KONIH1_31145|KONIH1_31150|KONIH1_31155|KONIH1_31160|KONIH1_31165	5094	NA	5	19.9	no	0	0	0	0	0	2	0	0
KONIH1_31280|KONIH1_31285|KONIH1_31290|KONIH1_31295|KONIH1_31300	5058	NA	5	20.6	no	0	0	0	0	0	0	0	0
KONIH1_30930|KONIH1_30935|KONIH1_30940|KONIH1_30945|KONIH1_30950	5001	NA	5	30.0	no	0	0	0	0	0	0	0	0
KONIH1_30885|KONIH1_30890|KONIH1_30895|KONIH1_30900|KONIH1_30905	4953	NA	6	0.2	no	0	0	0	0	0	0	0	0
KONIH1_31110|KONIH1_31115|KONIH1_31120|KONIH1_31125|KONIH1_31130	4902	NA	5	-0.1	no	0	0	0	0	0	4	0	0
KONIH1_30820|KONIH1_30825|KONIH1_30830|KONIH1_30835|KONIH1_30840	4809	NA	3	20.6	no	0	0	0	0	1	0	0	0
KONIH1_31275|KONIH1_31280|KONIH1_31285|KONIH1_31290|KONIH1_31295	4803	NA	5	10.4	no	0	0	0	0	0	0	0	1
KONIH1_31300|KONIH1_31305|KONIH1_31310|KONIH1_31315|KONIH1_31320	4737	NA	5	39.8	no	0	0	0	0	1	0	0	0
KONIH1_31195|KONIH1_31200|KONIH1_31205|KONIH1_31210|KONIH1_31215	4671	NA	5	15.0	no	0	0	0	0	0	3	0	0
KONIH1_31270|KONIH1_31275|KONIH1_31280|KONIH1_31285|KONIH1_31290	4644	NA	5	0.7	no	0	0	0	0	0	0	0	0
KONIH1_31065|KONIH1_31070|KONIH1_31080|KONIH1_31085|KONIH1_31090	4635	NA	5	19.8	no	0	0	0	0	0	0	0	0
KONIH1_31125|KONIH1_31130|KONIH1_31135|KONIH1_31140|KONIH1_31145	4629	NA	5	20.8	no	0	0	0	0	0	4	0	0
KONIH1_30470|KONIH1_30475|KONIH1_30480|KONIH1_30485|KONIH1_30490	4593	NA	5	-9.4	no	0	0	0	0	0	2	0	0
KONIH1_31100|KONIH1_31105|KONIH1_31110|KONIH1_31115|KONIH1_31120	4581	NA	5	17.0	no	0	0	0	0	0	2	0	0
KONIH1_31200|KONIH1_31205|KONIH1_31210|KONIH1_31215|KONIH1_31220	4536	NA	5	7.3	no	0	0	0	0	0	2	0	0
KONIH1_31245|KONIH1_31250|KONIH1_31255|KONIH1_31260|KONIH1_31265	4524	NA	5	19.2	no	0	0	0	0	0	0	0	0
KONIH1_31155|KONIH1_31160|KONIH1_31165|KONIH1_31170|KONIH1_31175	4473	NA	5	25.2	no	0	0	0	0	0	2	0	0
KONIH1_30475|KONIH1_30480|KONIH1_30485|KONIH1_30490|KONIH1_30495	4440	NA	4	-11.7	no	0	0	0	0	0	1	0	0
KONIH1_30480|KONIH1_30485|KONIH1_30490|KONIH1_30495|KONIH1_30500	4440	NA	4	-11.7	no	0	0	0	0	0	1	0	0
KONIH1_31120|KONIH1_31125|KONIH1_31130|KONIH1_31135|KONIH1_31140	4431	NA	5	15.8	no	0	0	0	0	0	4	0	0
KONIH1_30465|KONIH1_30470|KONIH1_30475|KONIH1_30480|KONIH1_30485	4425	NA	5	-8.3	no	0	0	0	0	0	3	0	0
KONIH1_31115|KONIH1_31120|KONIH1_31125|KONIH1_31130|KONIH1_31135	4383	NA	5	8.0	no	0	0	0	0	0	4	0	0
KONIH1_31250|KONIH1_31255|KONIH1_31260|KONIH1_31265|KONIH1_31270	4320	NA	5	9.6	no	0	0	0	0	0	0	0	0
KONIH1_31230|KONIH1_31245|KONIH1_31250|KONIH1_31255|KONIH1_31260	4272	NA	5	27.4	no	0	0	0	0	0	0	0	0
KONIH1_31135|KONIH1_31140|KONIH1_31145|KONIH1_31150|KONIH1_31155	4233	NA	4	27.6	no	0	0	0	0	0	3	0	0
KONIH1_31205|KONIH1_31210|KONIH1_31215|KONIH1_31220|KONIH1_31225	4224	NA	5	5.6	no	0	0	0	0	0	2	0	0
KONIH1_31005|KONIH1_31010|KONIH1_31015|KONIH1_31020|KONIH1_31025	4206	NA	5	30.8	no	0	0	0	0	0	0	0	0
KONIH1_31295|KONIH1_31300|KONIH1_31305|KONIH1_31310|KONIH1_31315	4200	NA	5	39.8	no	0	0	0	0	0	0	0	0
KONIH1_31160|KONIH1_31165|KONIH1_31170|KONIH1_31175|KONIH1_31180	4167	NA	5	18.0	no	0	0	0	0	0	2	0	0
KONIH1_31190|KONIH1_31195|KONIH1_31200|KONIH1_31205|KONIH1_31210	4134	NA	4	18.6	no	0	0	0	0	0	2	0	0
KONIH1_30590|KONIH1_30595|KONIH1_30600|KONIH1_30605|KONIH1_30610	4125	NA	5	10.3	no	0	0	0	0	0	0	0	0
KONIH1_31210|KONIH1_31215|KONIH1_31220|KONIH1_31225|KONIH1_31230	4122	NA	5	13.9	no	0	0	0	0	0	2	0	0
KONIH1_31150|KONIH1_31155|KONIH1_31160|KONIH1_31165|KONIH1_31170	4116	NA	5	16.6	no	0	0	0	0	0	3	0	0
KONIH1_30585|KONIH1_30590|KONIH1_30595|KONIH1_30600|KONIH1_30605	4095	NA	5	-4.7	no	0	0	0	0	0	0	0	0
KONIH1_31000|KONIH1_31005|KONIH1_31010|KONIH1_31015|KONIH1_31020	4032	NA	5	29.7	no	0	0	0	0	0	0	0	0
KONIH1_31130|KONIH1_31135|KONIH1_31140|KONIH1_31145|KONIH1_31150	4026	NA	5	22.3	no	0	0	0	0	0	4	0	0
KONIH1_30580|KONIH1_30585|KONIH1_30590|KONIH1_30595|KONIH1_30600	3996	NA	5	-4.3	no	0	0	0	0	0	0	0	0
KONIH1_30935|KONIH1_30940|KONIH1_30945|KONIH1_30950|KONIH1_30955	3948	NA	5	30.2	no	0	0	0	0	0	0	0	0
KONIH1_31255|KONIH1_31260|KONIH1_31265|KONIH1_31270|KONIH1_31275	3930	NA	5	0.3	no	0	0	0	0	0	0	0	0
KONIH1_31010|KONIH1_31015|KONIH1_31020|KONIH1_31025|KONIH1_31030	3921	NA	5	30.7	no	0	0	0	0	0	0	0	0
KONIH1_30575|KONIH1_30580|KONIH1_30585|KONIH1_30590|KONIH1_30595	3909	NA	5	-4.2	no	0	0	0	0	0	0	0	0
KONIH1_30715|KONIH1_30720|KONIH1_30725|KONIH1_30730|KONIH1_30735	3900	NA	5	41.4	no	0	0	0	0	1	0	0	0
KONIH1_30910|KONIH1_30915|KONIH1_30920|KONIH1_30925|KONIH1_30930	3891	NA	4	22.2	no	0	0	0	0	0	0	0	0
KONIH1_30840|KONIH1_30845|KONIH1_30850|KONIH1_30855|KONIH1_30860	3837	NA	5	19.7	no	0	0	0	0	0	0	0	0
KONIH1_31040|KONIH1_31045|KONIH1_31055|KONIH1_31060|KONIH1_31065	3837	NA	5	32.7	no	0	0	0	0	0	0	0	0
KONIH1_30755|KONIH1_30760|KONIH1_30765|KONIH1_30770|KONIH1_30775	3831	NA	6	26.8	no	0	0	0	0	2	0	0	1
KONIH1_30685|KONIH1_30690|KONIH1_30695|KONIH1_30700|KONIH1_30705	3813	NA	5	35.4	no	0	0	0	0	0	0	0	1
KONIH1_30795|KONIH1_30800|KONIH1_30805|KONIH1_30810|KONIH1_30815	3795	NA	5	32.8	no	0	0	0	0	2	0	0	0
KONIH1_30675|KONIH1_30680|KONIH1_30685|KONIH1_30690|KONIH1_30695	3786	NA	5	27.6	no	0	0	0	0	0	0	0	0
KONIH1_30265|KONIH1_30270|KONIH1_30275|KONIH1_30280|KONIH1_30285	3783	NA	5	50.8	no	1	1	0	0	0	0	0	0
KONIH1_31035|KONIH1_31040|KONIH1_31045|KONIH1_31055|KONIH1_31060	3777	NA	5	32.1	no	0	0	0	0	0	0	0	0
KONIH1_30595|KONIH1_30600|KONIH1_30605|KONIH1_30610|KONIH1_30615	3765	NA	5	24.3	no	0	0	0	0	0	0	0	0
KONIH1_31015|KONIH1_31020|KONIH1_31025|KONIH1_31030|KONIH1_31035	3753	NA	5	30.6	no	0	0	0	0	0	0	0	0
KONIH1_30750|KONIH1_30755|KONIH1_30760|KONIH1_30765|KONIH1_30770	3720	NA	6	27.1	no	0	0	0	0	2	0	0	1
KONIH1_30405|KONIH1_30410|KONIH1_30415|KONIH1_30420|KONIH1_30425	3693	NA	4	25.4	no	0	0	0	0	0	0	0	0
KONIH1_30410|KONIH1_30415|KONIH1_30420|KONIH1_30425|KONIH1_30435	3687	NA	5	32.6	no	0	0	0	0	0	0	0	0
KONIH1_30415|KONIH1_30420|KONIH1_30425|KONIH1_30435|KONIH1_30440	3618	NA	5	28.4	no	0	0	0	0	0	0	0	0
KONIH1_30460|KONIH1_30465|KONIH1_30470|KONIH1_30475|KONIH1_30480	3567	NA	4	-9.6	no	0	0	0	0	0	3	0	0
KONIH1_31260|KONIH1_31265|KONIH1_31270|KONIH1_31275|KONIH1_31280	3561	NA	5	0.6	no	0	0	0	0	0	0	0	0
KONIH1_30260|KONIH1_30265|KONIH1_30270|KONIH1_30275|KONIH1_30280	3549	NA	5	50.5	no	1	1	0	0	0	0	0	0
KONIH1_30485|KONIH1_30490|KONIH1_30495|KONIH1_30500|KONIH1_30505	3543	NA	4	-11.7	no	0	0	0	0	0	0	0	0
KONIH1_31045|KONIH1_31055|KONIH1_31060|KONIH1_31065|KONIH1_31070	3519	NA	5	30.1	no	0	0	0	0	0	0	0	0
KONIH1_31370|KONIH1_30260|KONIH1_30265|KONIH1_30270|KONIH1_30275	3507	NA	5	50.5	no	1	1	0	0	0	0	0	0
KONIH1_30745|KONIH1_30750|KONIH1_30755|KONIH1_30760|KONIH1_30765	3507	NA	5	40.4	no	0	0	0	0	2	0	0	1
KONIH1_30305|KONIH1_30310|KONIH1_30315|KONIH1_30320|KONIH1_30325	3483	NA	5	41.0	no	0	0	0	0	0	0	0	0
KONIH1_30295|KONIH1_30300|KONIH1_30305|KONIH1_30310|KONIH1_30315	3462	NA	5	34.1	no	0	0	0	0	0	0	0	1
KONIH1_30640|KONIH1_30645|KONIH1_30650|KONIH1_30655|KONIH1_30660	3444	NA	5	46.4	no	0	0	0	0	0	0	0	1
KONIH1_30905|KONIH1_30910|KONIH1_30915|KONIH1_30920|KONIH1_30925	3438	NA	4	13.0	no	0	0	0	0	0	0	0	0
KONIH1_30645|KONIH1_30650|KONIH1_30655|KONIH1_30660|KONIH1_30665	3426	NA	5	45.5	no	0	0	0	0	0	0	0	1
KONIH1_30655|KONIH1_30660|KONIH1_30665|KONIH1_30670|KONIH1_30675	3423	NA	5	38.4	no	0	0	0	0	0	0	0	0
KONIH1_30300|KONIH1_30305|KONIH1_30310|KONIH1_30315|KONIH1_30320	3417	NA	5	33.6	no	0	0	0	0	0	0	0	1
KONIH1_30680|KONIH1_30685|KONIH1_30690|KONIH1_30695|KONIH1_30700	3402	NA	5	27.4	no	0	0	0	0	0	0	0	1
KONIH1_30425|KONIH1_30435|KONIH1_30440|KONIH1_30445|KONIH1_30450	3381	NA	5	24.4	no	0	0	0	0	0	0	0	0
KONIH1_31365|KONIH1_31370|KONIH1_30260|KONIH1_30265|KONIH1_30270	3375	NA	5	50.5	no	1	1	0	0	0	0	0	0
KONIH1_31060|KONIH1_31065|KONIH1_31070|KONIH1_31080|KONIH1_31085	3375	NA	5	25.2	no	0	0	0	0	0	0	0	0
KONIH1_31175|KONIH1_31180|KONIH1_31185|KONIH1_31190|KONIH1_31195	3369	NA	5	29.4	no	0	0	0	0	0	4	0	0
KONIH1_31360|KONIH1_31365|KONIH1_31370|KONIH1_30260|KONIH1_30265	3360	NA	5	49.9	no	1	1	0	0	0	0	0	0
KONIH1_30900|KONIH1_30905|KONIH1_30910|KONIH1_30915|KONIH1_30920	3351	NA	4	4.5	no	0	0	0	0	0	0	0	0
KONIH1_30420|KONIH1_30425|KONIH1_30435|KONIH1_30440|KONIH1_30445	3315	NA	5	24.6	no	0	0	0	0	0	0	0	0
KONIH1_31220|KONIH1_31225|KONIH1_31230|KONIH1_31245|KONIH1_31250	3309	NA	5	32.7	no	0	0	0	0	0	0	0	0
KONIH1_30450|KONIH1_30455|KONIH1_30460|KONIH1_30465|KONIH1_30470	3306	NA	4	8.2	no	0	0	0	0	0	2	0	0
KONIH1_30990|KONIH1_30995|KONIH1_31000|KONIH1_31005|KONIH1_31010	3303	NA	5	29.8	no	0	0	0	0	0	0	0	0
KONIH1_31185|KONIH1_31190|KONIH1_31195|KONIH1_31200|KONIH1_31205	3291	NA	5	25.2	no	0	0	0	0	0	3	0	0
KONIH1_30890|KONIH1_30895|KONIH1_30900|KONIH1_30905|KONIH1_30910	3286	NA	5	-172.3	no	0	0	0	0	0	0	0	0
KONIH1_30985|KONIH1_30990|KONIH1_30995|KONIH1_31000|KONIH1_31005	3261	NA	5	29.6	no	0	0	0	0	0	0	0	0
KONIH1_30455|KONIH1_30460|KONIH1_30465|KONIH1_30470|KONIH1_30475	3255	NA	4	-8.6	no	0	0	0	0	0	2	0	0
KONIH1_30610|KONIH1_30615|KONIH1_30620|KONIH1_30625|KONIH1_30635	3255	NA	5	48.2	no	0	0	0	0	0	0	0	0
KONIH1_31165|KONIH1_31170|KONIH1_31175|KONIH1_31180|KONIH1_31185	3252	NA	5	15.7	no	0	0	0	0	0	3	0	0
KONIH1_30275|KONIH1_30280|KONIH1_30285|KONIH1_30290|KONIH1_30295	3243	NA	5	52.8	no	0	0	0	0	0	0	0	0
KONIH1_31225|KONIH1_31230|KONIH1_31245|KONIH1_31250|KONIH1_31255	3234	NA	5	32.8	no	0	0	0	0	0	0	0	0
KONIH1_30270|KONIH1_30275|KONIH1_30280|KONIH1_30285|KONIH1_30290	3204	NA	5	52.7	no	0	0	0	0	0	0	0	0
KONIH1_30605|KONIH1_30610|KONIH1_30615|KONIH1_30620|KONIH1_30625	3189	NA	5	39.5	no	0	0	0	0	0	0	0	0
KONIH1_31215|KONIH1_31220|KONIH1_31225|KONIH1_31230|KONIH1_31245	3183	NA	5	23.6	no	0	0	0	0	0	1	0	0
KONIH1_30615|KONIH1_30620|KONIH1_30625|KONIH1_30635|KONIH1_30640	3144	NA	5	47.0	no	0	0	0	0	0	0	0	0
KONIH1_30445|KONIH1_30450|KONIH1_30455|KONIH1_30460|KONIH1_30465	3141	NA	4	15.2	no	0	0	0	0	0	1	0	0
KONIH1_30650|KONIH1_30655|KONIH1_30660|KONIH1_30665|KONIH1_30670	3138	NA	5	39.6	no	0	0	0	0	0	0	0	1
KONIH1_31350|KONIH1_31355|KONIH1_31360|KONIH1_31365|KONIH1_31370	3132	NA	5	43.3	no	0	0	0	0	0	0	0	0
KONIH1_30660|KONIH1_30665|KONIH1_30670|KONIH1_30675|KONIH1_30680	3129	NA	5	29.5	no	0	0	0	0	0	0	0	0
KONIH1_30290|KONIH1_30295|KONIH1_30300|KONIH1_30305|KONIH1_30310	3123	NA	5	44.8	no	0	0	0	0	0	0	0	1
KONIH1_31180|KONIH1_31185|KONIH1_31190|KONIH1_31195|KONIH1_31200	3120	NA	5	25.8	no	0	0	0	0	0	4	0	0
KONIH1_30570|KONIH1_30575|KONIH1_30580|KONIH1_30585|KONIH1_30590	3117	NA	5	-0.9	no	0	0	0	0	0	0	0	0
KONIH1_31170|KONIH1_31175|KONIH1_31180|KONIH1_31185|KONIH1_31190	3099	NA	5	22.7	no	0	0	0	0	0	4	0	0
KONIH1_31345|KONIH1_31350|KONIH1_31355|KONIH1_31360|KONIH1_31365	3099	NA	5	42.0	no	0	0	0	0	0	0	0	0
KONIH1_30310|KONIH1_30315|KONIH1_30320|KONIH1_30325|KONIH1_30330	3075	NA	5	40.8	no	0	0	0	0	0	0	0	0
KONIH1_30980|KONIH1_30985|KONIH1_30990|KONIH1_30995|KONIH1_31000	3060	NA	5	29.3	no	0	0	0	0	0	0	0	0
KONIH1_31055|KONIH1_31060|KONIH1_31065|KONIH1_31070|KONIH1_31080	3036	NA	5	24.5	no	0	0	0	0	0	0	0	0
KONIH1_31290|KONIH1_31295|KONIH1_31300|KONIH1_31305|KONIH1_31310	3036	NA	5	29.8	no	0	0	0	0	0	0	0	0
KONIH1_30830|KONIH1_30835|KONIH1_30840|KONIH1_30845|KONIH1_30850	3027	NA	3	21.6	no	0	0	0	0	0	0	0	0
KONIH1_30600|KONIH1_30605|KONIH1_30610|KONIH1_30615|KONIH1_30620	3003	NA	5	34.0	no	0	0	0	0	0	0	0	0
KONIH1_30825|KONIH1_30830|KONIH1_30835|KONIH1_30840|KONIH1_30845	2979	NA	3	21.0	no	0	0	0	0	0	0	0	0
KONIH1_30500|KONIH1_30505|KONIH1_30510|KONIH1_30525|KONIH1_30530	2961	NA	4	-2.2	no	0	0	0	0	0	0	0	0
KONIH1_30490|KONIH1_30495|KONIH1_30500|KONIH1_30505|KONIH1_30510	2946	NA	3	-14.2	no	0	0	0	0	0	0	0	0
KONIH1_30835|KONIH1_30840|KONIH1_30845|KONIH1_30850|KONIH1_30855	2889	NA	5	26.0	no	0	0	0	0	0	0	0	0
KONIH1_30740|KONIH1_30745|KONIH1_30750|KONIH1_30755|KONIH1_30760	2856	NA	5	40.5	no	0	0	0	0	1	0	0	0
KONIH1_30495|KONIH1_30500|KONIH1_30505|KONIH1_30510|KONIH1_30525	2820	NA	3	-11.6	no	0	0	0	0	0	0	0	0
KONIH1_30975|KONIH1_30980|KONIH1_30985|KONIH1_30990|KONIH1_30995	2820	NA	5	29.8	no	0	0	0	0	0	0	0	0
KONIH1_31355|KONIH1_31360|KONIH1_31365|KONIH1_31370|KONIH1_30260	2811	NA	5	50.6	no	0	0	0	0	0	0	0	0
KONIH1_30435|KONIH1_30440|KONIH1_30445|KONIH1_30450|KONIH1_30455	2754	NA	5	19.8	no	0	0	0	0	0	0	0	0
KONIH1_30440|KONIH1_30445|KONIH1_30450|KONIH1_30455|KONIH1_30460	2739	NA	4	21.6	no	0	0	0	0	0	0	0	0
KONIH1_30720|KONIH1_30725|KONIH1_30730|KONIH1_30735|KONIH1_30740	2703	NA	5	40.7	no	0	0	0	0	0	0	0	0
KONIH1_30400|KONIH1_30405|KONIH1_30410|KONIH1_30415|KONIH1_30420	2700	NA	4	30.8	no	0	0	0	0	0	0	0	0
KONIH1_30895|KONIH1_30900|KONIH1_30905|KONIH1_30910|KONIH1_30915	2682	NA	5	-173.0	no	0	0	0	0	0	0	0	0
KONIH1_30285|KONIH1_30290|KONIH1_30295|KONIH1_30300|KONIH1_30305	2667	NA	5	44.4	no	0	0	0	0	0	0	0	0
KONIH1_30315|KONIH1_30320|KONIH1_30325|KONIH1_30330|KONIH1_30335	2616	NA	5	40.0	no	0	0	0	0	0	0	0	0
KONIH1_30540|KONIH1_30545|KONIH1_30550|KONIH1_30555|KONIH1_30560	2556	NA	5	12.5	no	0	0	0	0	0	0	0	0
KONIH1_30550|KONIH1_30555|KONIH1_30560|KONIH1_30565|KONIH1_30570	2547	NA	5	17.7	no	0	0	0	0	0	0	0	0
KONIH1_30940|KONIH1_30945|KONIH1_30950|KONIH1_30955|KONIH1_30960	2541	NA	5	29.7	no	0	0	0	0	0	0	0	0
KONIH1_31025|KONIH1_31030|KONIH1_31035|KONIH1_31040|KONIH1_31045	2538	NA	5	31.2	no	0	0	0	0	0	0	0	0
KONIH1_30625|KONIH1_30635|KONIH1_30640|KONIH1_30645|KONIH1_30650	2529	NA	5	46.0	no	0	0	0	0	0	0	0	0
KONIH1_30545|KONIH1_30550|KONIH1_30555|KONIH1_30560|KONIH1_30565	2523	NA	5	13.9	no	0	0	0	0	0	0	0	0
KONIH1_30725|KONIH1_30730|KONIH1_30735|KONIH1_30740|KONIH1_30745	2484	NA	5	40.1	no	0	0	0	0	0	0	0	1
KONIH1_30510|KONIH1_30525|KONIH1_30530|KONIH1_30535|KONIH1_30540	2472	NA	5	12.2	no	0	0	0	0	0	0	0	0
KONIH1_30620|KONIH1_30625|KONIH1_30635|KONIH1_30640|KONIH1_30645	2469	NA	5	46.7	no	0	0	0	0	0	0	0	0
KONIH1_30945|KONIH1_30950|KONIH1_30955|KONIH1_30960|KONIH1_30965	2454	NA	5	30.3	no	0	0	0	0	0	0	0	0
KONIH1_30505|KONIH1_30510|KONIH1_30525|KONIH1_30530|KONIH1_30535	2442	NA	4	14.6	no	0	0	0	0	0	0	0	0
KONIH1_30280|KONIH1_30285|KONIH1_30290|KONIH1_30295|KONIH1_30300	2421	NA	5	44.6	no	0	0	0	0	0	0	0	0
KONIH1_30325|KONIH1_30330|KONIH1_30335|KONIH1_30340|KONIH1_30345	2415	NA	5	47.6	no	0	0	0	0	0	0	0	1
KONIH1_30635|KONIH1_30640|KONIH1_30645|KONIH1_30650|KONIH1_30655	2394	NA	5	46.0	no	0	0	0	0	0	0	0	1
KONIH1_31340|KONIH1_31345|KONIH1_31350|KONIH1_31355|KONIH1_31360	2388	NA	5	41.6	no	0	0	0	0	0	0	0	1
KONIH1_30555|KONIH1_30560|KONIH1_30565|KONIH1_30570|KONIH1_30575	2340	NA	5	17.6	no	0	0	0	0	0	0	0	0
KONIH1_31335|KONIH1_31340|KONIH1_31345|KONIH1_31350|KONIH1_31355	2331	NA	5	41.4	no	0	0	0	0	0	0	0	1
KONIH1_30335|KONIH1_30340|KONIH1_30345|KONIH1_30350|KONIH1_30355	2325	NA	5	44.9	no	0	0	0	0	0	0	0	1
KONIH1_31030|KONIH1_31035|KONIH1_31040|KONIH1_31045|KONIH1_31055	2319	NA	5	31.3	no	0	0	0	0	0	0	0	0
KONIH1_30735|KONIH1_30740|KONIH1_30745|KONIH1_30750|KONIH1_30755	2316	NA	5	40.5	no	0	0	0	0	0	0	0	0
KONIH1_30330|KONIH1_30335|KONIH1_30340|KONIH1_30345|KONIH1_30350	2244	NA	5	45.3	no	0	0	0	0	0	0	0	1
KONIH1_30950|KONIH1_30955|KONIH1_30960|KONIH1_30965|KONIH1_30975	2145	NA	5	30.2	no	0	0	0	0	0	0	0	0
KONIH1_30345|KONIH1_30350|KONIH1_30355|KONIH1_30360|KONIH1_30365	2142	NA	5	45.4	no	0	0	0	0	0	0	0	0
KONIH1_30395|KONIH1_30400|KONIH1_30405|KONIH1_30410|KONIH1_30415	2139	NA	4	36.5	no	0	0	0	0	0	0	0	0
KONIH1_30730|KONIH1_30735|KONIH1_30740|KONIH1_30745|KONIH1_30750	2136	NA	5	40.1	no	0	0	0	0	0	0	0	0
KONIH1_30525|KONIH1_30530|KONIH1_30535|KONIH1_30540|KONIH1_30545	2115	NA	5	11.8	no	0	0	0	0	0	0	0	0
KONIH1_30340|KONIH1_30345|KONIH1_30350|KONIH1_30355|KONIH1_30360	2079	NA	5	45.5	no	0	0	0	0	0	0	0	1
KONIH1_30535|KONIH1_30540|KONIH1_30545|KONIH1_30550|KONIH1_30555	2046	NA	5	13.6	no	0	0	0	0	0	0	0	0
KONIH1_30560|KONIH1_30565|KONIH1_30570|KONIH1_30575|KONIH1_30580	2007	NA	5	14.0	no	0	0	0	0	0	0	0	0
KONIH1_30320|KONIH1_30325|KONIH1_30330|KONIH1_30335|KONIH1_30340	1986	NA	5	50.1	no	0	0	0	0	0	0	0	0
KONIH1_30665|KONIH1_30670|KONIH1_30675|KONIH1_30680|KONIH1_30685	1980	NA	5	27.7	no	0	0	0	0	0	0	0	0
KONIH1_31020|KONIH1_31025|KONIH1_31030|KONIH1_31035|KONIH1_31040	1857	NA	5	30.9	no	0	0	0	0	0	0	0	0
KONIH1_30530|KONIH1_30535|KONIH1_30540|KONIH1_30545|KONIH1_30550	1848	NA	5	14.7	no	0	0	0	0	0	0	0	0
KONIH1_30380|KONIH1_30385|KONIH1_30390|KONIH1_30395|KONIH1_30400	1839	NA	5	40.6	no	0	0	0	0	0	0	0	0
KONIH1_30390|KONIH1_30395|KONIH1_30400|KONIH1_30405|KONIH1_30410	1836	NA	4	37.1	no	0	0	0	0	0	0	0	0
KONIH1_30565|KONIH1_30570|KONIH1_30575|KONIH1_30580|KONIH1_30585	1824	NA	5	5.3	no	0	0	0	0	0	0	0	0
KONIH1_30670|KONIH1_30675|KONIH1_30680|KONIH1_30685|KONIH1_30690	1812	NA	4	24.0	no	0	0	0	0	0	0	0	0
KONIH1_30360|KONIH1_30365|KONIH1_30370|KONIH1_30375|KONIH1_30380	1770	NA	5	50.1	no	0	0	0	0	0	0	0	0
KONIH1_30355|KONIH1_30360|KONIH1_30365|KONIH1_30370|KONIH1_30375	1749	NA	5	50.3	no	0	0	0	0	0	0	0	0
KONIH1_30365|KONIH1_30370|KONIH1_30375|KONIH1_30380|KONIH1_30385	1749	NA	5	40.8	no	0	0	0	0	0	0	0	0
KONIH1_30960|KONIH1_30965|KONIH1_30975|KONIH1_30980|KONIH1_30985	1734	NA	5	30.0	no	0	0	0	0	0	0	0	0
KONIH1_30375|KONIH1_30380|KONIH1_30385|KONIH1_30390|KONIH1_30395	1719	NA	5	40.7	no	0	0	0	0	0	0	0	0
KONIH1_30370|KONIH1_30375|KONIH1_30380|KONIH1_30385|KONIH1_30390	1650	NA	5	40.7	no	0	0	0	0	0	0	0	0
KONIH1_30965|KONIH1_30975|KONIH1_30980|KONIH1_30985|KONIH1_30990	1647	NA	5	30.0	no	0	0	0	0	0	0	0	0
KONIH1_30385|KONIH1_30390|KONIH1_30395|KONIH1_30400|KONIH1_30405	1626	NA	4	48.8	no	0	0	0	0	0	0	0	1
KONIH1_30955|KONIH1_30960|KONIH1_30965|KONIH1_30975|KONIH1_30980	1614	NA	5	30.0	no	0	0	0	0	0	0	0	0
KONIH1_30350|KONIH1_30355|KONIH1_30360|KONIH1_30365|KONIH1_30370	1587	NA	5	47.8	no	0	0	0	0	0	0	0	0
