ID	Length	Coverage	# ORFs	RDS	Circular	Inc Type(s)	# Replication	# Mobilization	# OriT	# Conjugation	# AMRs	# rRNAs	# Plasmid Hits
ECNIH2_24085|ECNIH2_24090|ECNIH2_24095|ECNIH2_24100|ECNIH2_24105	9660	NA	5	33.2	no	0	0	0	0	1	0	0	0
ECNIH2_24095|ECNIH2_24100|ECNIH2_24105|ECNIH2_24110|ECNIH2_24115	9537	NA	5	30.6	no	0	0	0	0	0	0	0	0
ECNIH2_24090|ECNIH2_24095|ECNIH2_24100|ECNIH2_24105|ECNIH2_24110	9399	NA	5	32.1	no	0	0	0	0	0	0	0	0
ECNIH2_24075|ECNIH2_24080|ECNIH2_24085|ECNIH2_24090|ECNIH2_24095	8736	NA	5	34.4	no	0	0	0	0	3	0	0	0
ECNIH2_24080|ECNIH2_24085|ECNIH2_24090|ECNIH2_24095|ECNIH2_24100	8526	NA	5	33.9	no	0	0	0	0	2	0	0	0
ECNIH2_24575|ECNIH2_24580|ECNIH2_24585|ECNIH2_24590|ECNIH2_24595	8259	NA	5	34.8	no	0	0	0	0	0	0	0	0
ECNIH2_24580|ECNIH2_24585|ECNIH2_24590|ECNIH2_24595|ECNIH2_24600	8067	NA	5	27.9	no	0	0	0	0	0	1	0	1
ECNIH2_25120|ECNIH2_25125|ECNIH2_25130|ECNIH2_25135|ECNIH2_25140	7953	NA	5	48.9	no	0	0	0	0	2	0	0	0
ECNIH2_23995|ECNIH2_24000|ECNIH2_24005|ECNIH2_24010|ECNIH2_24015	7884	NA	5	41.3	no	0	0	1	0	1	0	0	0
ECNIH2_25115|ECNIH2_25120|ECNIH2_25125|ECNIH2_25130|ECNIH2_25135	7869	NA	5	49.0	no	0	0	0	0	2	0	0	0
ECNIH2_24570|ECNIH2_24575|ECNIH2_24580|ECNIH2_24585|ECNIH2_24590	7647	NA	5	24.8	no	0	0	0	0	0	0	0	1
ECNIH2_24330|ECNIH2_24335|ECNIH2_24340|ECNIH2_24345|ECNIH2_24350	7427	NA	5	-46.0	no	0	0	0	0	0	0	0	0
ECNIH2_24560|ECNIH2_24570|ECNIH2_24575|ECNIH2_24580|ECNIH2_24585	7329	NA	5	21.6	no	0	0	0	0	0	0	0	1
ECNIH2_23660|ECNIH2_23665|ECNIH2_23670|ECNIH2_23675|ECNIH2_23685	6852	NA	5	3.0	no	0	0	1	0	1	0	0	0
ECNIH2_24270|ECNIH2_24275|ECNIH2_24280|ECNIH2_24285|ECNIH2_24290	6795	NA	5	-9.0	no	0	0	0	0	0	0	0	0
ECNIH2_25125|ECNIH2_25130|ECNIH2_25135|ECNIH2_25140|ECNIH2_25145	6714	NA	5	49.1	no	0	0	0	0	2	0	0	1
ECNIH2_24325|ECNIH2_24330|ECNIH2_24335|ECNIH2_24340|ECNIH2_24345	6689	NA	5	-64.4	no	0	0	0	0	0	0	0	0
ECNIH2_24005|ECNIH2_24010|ECNIH2_24015|ECNIH2_24020|ECNIH2_24025	6672	NA	5	41.9	no	0	0	1	0	1	0	0	1
ECNIH2_24120|ECNIH2_24125|ECNIH2_24130|ECNIH2_24135|ECNIH2_24140	6606	NA	5	32.0	no	0	0	0	0	3	0	0	0
ECNIH2_24670|ECNIH2_24675|ECNIH2_24680|ECNIH2_24685|ECNIH2_24690	6606	NA	5	38.1	no	0	0	0	0	0	1	0	0
ECNIH2_23650|ECNIH2_23655|ECNIH2_23660|ECNIH2_23665|ECNIH2_23670	6513	NA	5	2.5	no	0	0	1	0	1	0	0	0
ECNIH2_23990|ECNIH2_23995|ECNIH2_24000|ECNIH2_24005|ECNIH2_24010	6513	NA	5	36.1	no	0	0	1	0	0	0	0	0
ECNIH2_23655|ECNIH2_23660|ECNIH2_23665|ECNIH2_23670|ECNIH2_23675	6501	NA	5	5.0	no	0	0	1	0	1	0	0	0
ECNIH2_24010|ECNIH2_24015|ECNIH2_24020|ECNIH2_24025|ECNIH2_24030	6501	NA	5	41.7	no	0	0	1	0	1	0	0	1
ECNIH2_24665|ECNIH2_24670|ECNIH2_24675|ECNIH2_24680|ECNIH2_24685	6429	NA	5	26.1	no	0	0	0	0	0	0	0	0
ECNIH2_24955|ECNIH2_24960|ECNIH2_24965|ECNIH2_24970|ECNIH2_24975	6396	NA	5	1.6	no	0	1	0	0	0	0	0	0
ECNIH2_24335|ECNIH2_24340|ECNIH2_24345|ECNIH2_24350|ECNIH2_24355	6335	NA	4	-15.2	no	0	0	0	0	0	0	0	0
ECNIH2_24960|ECNIH2_24965|ECNIH2_24970|ECNIH2_24975|ECNIH2_24980	6318	NA	5	5.4	no	0	1	0	0	0	0	0	0
ECNIH2_24000|ECNIH2_24005|ECNIH2_24010|ECNIH2_24015|ECNIH2_24020	6276	NA	5	41.4	no	0	0	1	0	1	0	0	1
ECNIH2_24115|ECNIH2_24120|ECNIH2_24125|ECNIH2_24130|ECNIH2_24135	6276	NA	5	32.7	no	0	0	0	0	3	0	0	0
ECNIH2_24700|ECNIH2_24705|ECNIH2_24710|ECNIH2_24715|ECNIH2_24720	6267	NA	5	-9.3	no	0	0	0	0	0	0	0	1
ECNIH2_25130|ECNIH2_25135|ECNIH2_25140|ECNIH2_25145|ECNIH2_25150	6219	NA	5	48.7	no	0	0	0	0	1	0	0	1
ECNIH2_24275|ECNIH2_24280|ECNIH2_24285|ECNIH2_24290|ECNIH2_24295	6198	NA	5	-11.6	no	0	0	0	0	0	0	0	0
ECNIH2_24695|ECNIH2_24700|ECNIH2_24705|ECNIH2_24710|ECNIH2_24715	6177	NA	5	-4.9	no	0	0	0	0	0	0	0	1
ECNIH2_24375|ECNIH2_24380|ECNIH2_24385|ECNIH2_24390|ECNIH2_24395	6138	NA	5	-57.8	no	0	0	0	0	0	0	0	0
ECNIH2_24675|ECNIH2_24680|ECNIH2_24685|ECNIH2_24690|ECNIH2_24695	6045	NA	5	39.9	no	0	0	0	0	0	1	0	0
ECNIH2_24315|ECNIH2_24320|ECNIH2_24325|ECNIH2_24330|ECNIH2_24335	6006	NA	5	-162.8	no	0	0	0	0	0	0	0	0
ECNIH2_24125|ECNIH2_24130|ECNIH2_24135|ECNIH2_24140|ECNIH2_24145	5982	NA	5	31.6	no	0	0	0	0	2	0	0	0
ECNIH2_24490|ECNIH2_24495|ECNIH2_24500|ECNIH2_24505|ECNIH2_24510	5979	NA	5	9.7	no	0	0	0	0	0	0	0	0
ECNIH2_24480|ECNIH2_24485|ECNIH2_24490|ECNIH2_24495|ECNIH2_24500	5970	NA	5	-5.5	no	0	0	0	0	0	0	0	0
ECNIH2_24320|ECNIH2_24325|ECNIH2_24330|ECNIH2_24335|ECNIH2_24340	5955	NA	4	-85.6	no	0	0	0	0	0	0	0	0
ECNIH2_24370|ECNIH2_24375|ECNIH2_24380|ECNIH2_24385|ECNIH2_24390	5952	NA	5	-40.9	no	0	0	0	0	0	0	0	0
ECNIH2_24280|ECNIH2_24285|ECNIH2_24290|ECNIH2_24295|ECNIH2_24300	5841	NA	5	-36.4	no	0	0	0	0	0	0	0	1
ECNIH2_24705|ECNIH2_24710|ECNIH2_24715|ECNIH2_24720|ECNIH2_24725	5841	NA	5	-36.4	no	0	0	0	0	0	0	0	1
ECNIH2_25090|ECNIH2_25095|ECNIH2_25100|ECNIH2_25105|ECNIH2_25110	5838	NA	5	20.4	no	0	0	0	0	0	0	0	0
ECNIH2_23645|ECNIH2_23650|ECNIH2_23655|ECNIH2_23660|ECNIH2_23665	5718	NA	5	-2.0	no	0	0	1	0	0	0	0	0
ECNIH2_24380|ECNIH2_24385|ECNIH2_24390|ECNIH2_24395|ECNIH2_24400	5703	NA	5	-74.6	no	0	0	0	0	0	0	0	0
ECNIH2_23635|ECNIH2_23645|ECNIH2_23650|ECNIH2_23655|ECNIH2_23660	5685	NA	5	0.2	no	0	0	1	0	0	0	0	0
ECNIH2_24485|ECNIH2_24490|ECNIH2_24495|ECNIH2_24500|ECNIH2_24505	5670	NA	5	0.9	no	0	0	0	0	0	0	0	0
ECNIH2_24130|ECNIH2_24135|ECNIH2_24140|ECNIH2_24145|ECNIH2_24150	5631	NA	4	24.0	no	0	0	0	0	2	0	0	0
ECNIH2_24175|ECNIH2_24180|ECNIH2_24185|ECNIH2_24190|ECNIH2_24195	5616	NA	5	30.5	no	0	0	0	0	0	0	0	0
ECNIH2_24170|ECNIH2_24175|ECNIH2_24180|ECNIH2_24185|ECNIH2_24190	5607	NA	5	31.0	no	0	0	0	0	0	0	0	0
ECNIH2_24470|ECNIH2_24475|ECNIH2_24480|ECNIH2_24485|ECNIH2_24490	5463	NA	5	-58.2	no	0	0	0	0	0	0	0	0
ECNIH2_24585|ECNIH2_24590|ECNIH2_24595|ECNIH2_24600|ECNIH2_24605	5427	NA	5	34.7	no	0	0	0	0	0	2	0	0
ECNIH2_24285|ECNIH2_24290|ECNIH2_24295|ECNIH2_24300|ECNIH2_24305	5406	NA	5	-41.6	no	0	0	0	0	0	0	0	0
ECNIH2_24760|ECNIH2_24765|ECNIH2_24775|ECNIH2_24780|ECNIH2_24785	5403	NA	5	-6.3	no	0	0	0	0	0	0	0	0
ECNIH2_25135|ECNIH2_25140|ECNIH2_25145|ECNIH2_25150|ECNIH2_25155	5394	NA	5	41.1	no	0	0	0	0	0	0	0	0
ECNIH2_24785|ECNIH2_24790|ECNIH2_24795|ECNIH2_24800|ECNIH2_24805	5340	NA	4	-13.7	no	0	0	0	0	0	0	0	0
ECNIH2_24660|ECNIH2_24665|ECNIH2_24670|ECNIH2_24675|ECNIH2_24680	5316	NA	5	26.2	no	0	0	0	0	0	0	0	0
ECNIH2_25110|ECNIH2_25115|ECNIH2_25120|ECNIH2_25125|ECNIH2_25130	5295	NA	5	39.7	no	0	0	0	0	2	0	0	0
ECNIH2_24100|ECNIH2_24105|ECNIH2_24110|ECNIH2_24115|ECNIH2_24120	5271	NA	5	34.2	no	0	0	0	0	1	0	0	0
ECNIH2_24105|ECNIH2_24110|ECNIH2_24115|ECNIH2_24120|ECNIH2_24125	5235	NA	5	33.0	no	0	0	0	0	1	0	0	0
ECNIH2_24950|ECNIH2_24955|ECNIH2_24960|ECNIH2_24965|ECNIH2_24970	5217	NA	5	1.3	no	0	0	0	0	0	0	0	0
ECNIH2_24650|ECNIH2_24660|ECNIH2_24665|ECNIH2_24670|ECNIH2_24675	5211	NA	5	14.0	no	0	0	0	0	0	0	0	0
ECNIH2_24780|ECNIH2_24785|ECNIH2_24790|ECNIH2_24795|ECNIH2_24800	5208	NA	4	-12.9	no	0	0	0	0	0	0	0	0
ECNIH2_24945|ECNIH2_24950|ECNIH2_24955|ECNIH2_24960|ECNIH2_24965	5196	NA	5	9.1	no	0	0	0	0	0	1	0	0
ECNIH2_25070|ECNIH2_25075|ECNIH2_25080|ECNIH2_25085|ECNIH2_25090	5151	NA	5	0.9	no	0	0	0	0	0	0	0	0
ECNIH2_24180|ECNIH2_24185|ECNIH2_24190|ECNIH2_24195|ECNIH2_24200	5127	NA	5	30.3	no	0	0	0	0	0	0	0	0
ECNIH2_24265|ECNIH2_24270|ECNIH2_24275|ECNIH2_24280|ECNIH2_24285	5064	NA	5	-0.6	no	0	0	0	0	0	0	0	0
ECNIH2_24825|ECNIH2_24830|ECNIH2_24835|ECNIH2_24840|ECNIH2_24850	5061	NA	5	0.9	no	0	0	0	0	0	0	0	0
ECNIH2_25085|ECNIH2_25090|ECNIH2_25095|ECNIH2_25100|ECNIH2_25105	5058	NA	5	20.6	no	0	0	0	0	0	0	0	0
ECNIH2_24765|ECNIH2_24775|ECNIH2_24780|ECNIH2_24785|ECNIH2_24790	5052	NA	4	-6.0	no	0	0	0	0	0	0	0	0
ECNIH2_24965|ECNIH2_24970|ECNIH2_24975|ECNIH2_24980|ECNIH2_24985	5031	NA	5	9.1	no	0	1	0	0	0	1	0	0
ECNIH2_24185|ECNIH2_24190|ECNIH2_24195|ECNIH2_24200|ECNIH2_24205	5001	NA	5	30.0	no	0	0	0	0	0	0	0	0
ECNIH2_24385|ECNIH2_24390|ECNIH2_24395|ECNIH2_24400|ECNIH2_24405	4971	NA	5	-59.8	no	0	0	0	0	0	0	0	0
ECNIH2_24820|ECNIH2_24825|ECNIH2_24830|ECNIH2_24835|ECNIH2_24840	4968	NA	5	12.9	no	0	0	0	0	0	0	0	0
ECNIH2_24690|ECNIH2_24695|ECNIH2_24700|ECNIH2_24705|ECNIH2_24710	4941	NA	5	9.3	no	0	0	0	0	0	1	0	0
ECNIH2_24710|ECNIH2_24715|ECNIH2_24720|ECNIH2_24725|ECNIH2_24730	4893	NA	5	-35.4	no	0	0	0	0	0	0	0	1
ECNIH2_24830|ECNIH2_24835|ECNIH2_24840|ECNIH2_24850|ECNIH2_24855	4842	NA	5	0.8	no	0	0	0	0	0	0	0	0
ECNIH2_24525|ECNIH2_24530|ECNIH2_24540|ECNIH2_24545|ECNIH2_24550	4833	NA	5	21.5	no	0	0	0	0	0	0	0	0
ECNIH2_24775|ECNIH2_24780|ECNIH2_24785|ECNIH2_24790|ECNIH2_24795	4818	NA	4	-5.9	no	0	0	0	0	0	0	0	0
ECNIH2_24135|ECNIH2_24140|ECNIH2_24145|ECNIH2_24150|ECNIH2_24155	4809	NA	3	20.6	no	0	0	0	0	1	0	0	0
ECNIH2_24835|ECNIH2_24840|ECNIH2_24850|ECNIH2_24855|ECNIH2_24860	4806	NA	5	1.2	no	0	0	0	0	0	0	0	0
ECNIH2_25080|ECNIH2_25085|ECNIH2_25090|ECNIH2_25095|ECNIH2_25100	4803	NA	5	10.4	no	0	0	0	0	0	0	0	1
ECNIH2_24735|ECNIH2_24740|ECNIH2_24745|ECNIH2_24750|ECNIH2_24755	4748	NA	5	-7.2	no	0	0	0	0	0	0	0	0
ECNIH2_25105|ECNIH2_25110|ECNIH2_25115|ECNIH2_25120|ECNIH2_25125	4737	NA	5	39.8	no	0	0	0	0	1	0	0	0
ECNIH2_24165|ECNIH2_24170|ECNIH2_24175|ECNIH2_24180|ECNIH2_24185	4719	NA	5	30.8	no	0	0	0	0	0	0	0	0
ECNIH2_24475|ECNIH2_24480|ECNIH2_24485|ECNIH2_24490|ECNIH2_24495	4683	NA	5	-5.5	no	0	0	0	0	0	0	0	0
ECNIH2_24975|ECNIH2_24980|ECNIH2_24985|ECNIH2_24990|ECNIH2_24995	4683	NA	5	16.5	no	0	1	0	0	0	3	0	0
ECNIH2_24610|ECNIH2_24615|ECNIH2_24620|ECNIH2_24625|ECNIH2_24630	4671	NA	5	15.0	no	0	0	0	0	0	3	0	0
ECNIH2_25075|ECNIH2_25080|ECNIH2_25085|ECNIH2_25090|ECNIH2_25095	4644	NA	5	0.7	no	0	0	0	0	0	0	0	0
ECNIH2_24555|ECNIH2_24560|ECNIH2_24570|ECNIH2_24575|ECNIH2_24580	4635	NA	5	19.8	no	0	0	0	0	0	0	0	0
ECNIH2_24290|ECNIH2_24295|ECNIH2_24300|ECNIH2_24305|ECNIH2_24310	4620	NA	5	-193.1	no	0	0	0	0	0	0	0	0
ECNIH2_23605|ECNIH2_23610|ECNIH2_23615|ECNIH2_23620|ECNIH2_23625	4594	NA	5	-8.7	no	0	0	0	0	0	1	0	0
ECNIH2_24530|ECNIH2_24540|ECNIH2_24545|ECNIH2_24550|ECNIH2_24555	4554	NA	5	22.1	no	0	0	0	0	0	0	0	0
ECNIH2_24615|ECNIH2_24620|ECNIH2_24625|ECNIH2_24630|ECNIH2_24635	4536	NA	5	7.3	no	0	0	0	0	0	2	0	0
ECNIH2_25050|ECNIH2_25055|ECNIH2_25060|ECNIH2_25065|ECNIH2_25070	4524	NA	5	19.2	no	0	0	0	0	0	0	0	0
ECNIH2_24840|ECNIH2_24850|ECNIH2_24855|ECNIH2_24860|ECNIH2_24865	4503	NA	5	-22.2	no	0	0	0	0	0	0	0	0
ECNIH2_24685|ECNIH2_24690|ECNIH2_24695|ECNIH2_24700|ECNIH2_24705	4494	NA	5	11.5	no	0	0	0	0	0	1	0	0
ECNIH2_24415|ECNIH2_24420|ECNIH2_24425|ECNIH2_24430|ECNIH2_24435	4470	NA	6	-49.3	no	0	0	0	0	0	0	0	0
ECNIH2_23610|ECNIH2_23615|ECNIH2_23620|ECNIH2_23625|ECNIH2_23630	4441	NA	5	-8.7	no	0	0	0	0	0	1	0	0
ECNIH2_23615|ECNIH2_23620|ECNIH2_23625|ECNIH2_23630|ECNIH2_23635	4441	NA	5	-8.7	no	0	0	0	0	0	1	0	0
ECNIH2_23600|ECNIH2_23605|ECNIH2_23610|ECNIH2_23615|ECNIH2_23620	4426	NA	5	-7.6	no	0	0	0	0	0	3	0	0
ECNIH2_24865|ECNIH2_24870|ECNIH2_24875|ECNIH2_24880|ECNIH2_24885	4419	NA	5	-60.1	no	0	0	0	0	0	1	0	0
ECNIH2_24160|ECNIH2_24165|ECNIH2_24170|ECNIH2_24175|ECNIH2_24180	4410	NA	5	31.5	no	0	0	0	0	0	0	0	0
ECNIH2_24410|ECNIH2_24415|ECNIH2_24420|ECNIH2_24425|ECNIH2_24430	4395	NA	6	-156.0	no	0	0	0	0	0	0	0	0
ECNIH2_24800|ECNIH2_24805|ECNIH2_24810|ECNIH2_24815|ECNIH2_24820	4395	NA	5	-11.2	no	0	0	0	0	0	0	0	0
ECNIH2_24930|ECNIH2_24935|ECNIH2_24940|ECNIH2_24945|ECNIH2_24950	4386	NA	5	22.0	no	0	0	0	0	0	3	0	0
ECNIH2_24895|ECNIH2_24900|ECNIH2_24905|ECNIH2_24910|ECNIH2_24915	4383	NA	5	93.6	no	0	0	0	0	0	1	0	0
ECNIH2_24850|ECNIH2_24855|ECNIH2_24860|ECNIH2_24865|ECNIH2_24870	4377	NA	5	-44.5	no	0	0	0	0	0	0	0	0
ECNIH2_24390|ECNIH2_24395|ECNIH2_24400|ECNIH2_24405|ECNIH2_24410	4344	NA	4	-57.1	no	0	0	0	0	0	0	0	0
ECNIH2_24935|ECNIH2_24940|ECNIH2_24945|ECNIH2_24950|ECNIH2_24955	4332	NA	5	14.9	no	0	0	0	0	0	2	0	0
ECNIH2_25055|ECNIH2_25060|ECNIH2_25065|ECNIH2_25070|ECNIH2_25075	4320	NA	5	9.6	no	0	0	0	0	0	0	0	0
ECNIH2_24860|ECNIH2_24865|ECNIH2_24870|ECNIH2_24875|ECNIH2_24880	4314	NA	5	-63.7	no	0	0	0	0	0	0	0	1
ECNIH2_24940|ECNIH2_24945|ECNIH2_24950|ECNIH2_24955|ECNIH2_24960	4308	NA	5	11.0	no	0	0	0	0	0	2	0	0
ECNIH2_24740|ECNIH2_24745|ECNIH2_24750|ECNIH2_24755|ECNIH2_24760	4283	NA	5	-7.1	no	0	0	0	0	0	0	0	0
ECNIH2_24750|ECNIH2_24755|ECNIH2_24760|ECNIH2_24765|ECNIH2_24775	4262	NA	5	-7.9	no	0	0	0	0	0	0	0	0
ECNIH2_24855|ECNIH2_24860|ECNIH2_24865|ECNIH2_24870|ECNIH2_24875	4257	NA	5	-55.9	no	0	0	0	0	0	0	0	1
ECNIH2_24715|ECNIH2_24720|ECNIH2_24725|ECNIH2_24730|ECNIH2_24735	4251	NA	5	-34.6	no	0	0	0	0	0	0	0	0
ECNIH2_24925|ECNIH2_24930|ECNIH2_24935|ECNIH2_24940|ECNIH2_24945	4233	NA	5	30.2	no	0	0	0	0	0	4	0	0
ECNIH2_24625|ECNIH2_24630|ECNIH2_24635|ECNIH2_24640|ECNIH2_24645	4212	NA	5	8.0	no	0	0	0	0	0	3	0	0
ECNIH2_24730|ECNIH2_24735|ECNIH2_24740|ECNIH2_24745|ECNIH2_24750	4211	NA	5	-6.9	no	0	0	0	0	0	0	0	0
ECNIH2_25100|ECNIH2_25105|ECNIH2_25110|ECNIH2_25115|ECNIH2_25120	4200	NA	5	39.8	no	0	0	0	0	0	0	0	0
ECNIH2_24810|ECNIH2_24815|ECNIH2_24820|ECNIH2_24825|ECNIH2_24830	4158	NA	5	-1.8	no	0	0	0	0	0	0	0	0
ECNIH2_23760|ECNIH2_23765|ECNIH2_23770|ECNIH2_23775|ECNIH2_23780	4149	NA	5	42.8	no	0	0	0	0	0	1	0	0
ECNIH2_24605|ECNIH2_24610|ECNIH2_24615|ECNIH2_24620|ECNIH2_24625	4134	NA	5	23.0	no	0	0	0	0	0	3	0	0
ECNIH2_23890|ECNIH2_23895|ECNIH2_23900|ECNIH2_23905|ECNIH2_23910	4125	NA	5	10.3	no	0	0	0	0	0	0	0	0
ECNIH2_23885|ECNIH2_23890|ECNIH2_23895|ECNIH2_23900|ECNIH2_23905	4095	NA	5	-4.7	no	0	0	0	0	0	0	0	0
ECNIH2_24620|ECNIH2_24625|ECNIH2_24630|ECNIH2_24635|ECNIH2_24640	4080	NA	5	0.2	no	0	0	0	0	0	2	0	0
ECNIH2_24815|ECNIH2_24820|ECNIH2_24825|ECNIH2_24830|ECNIH2_24835	4080	NA	5	-1.5	no	0	0	0	0	0	0	0	0
ECNIH2_24870|ECNIH2_24875|ECNIH2_24880|ECNIH2_24885|ECNIH2_24890	4059	NA	5	-78.9	no	0	0	0	0	0	1	0	0
ECNIH2_24365|ECNIH2_24370|ECNIH2_24375|ECNIH2_24380|ECNIH2_24385	4035	NA	5	-23.2	no	0	0	0	0	0	0	0	1
ECNIH2_24250|ECNIH2_24255|ECNIH2_24260|ECNIH2_24265|ECNIH2_24270	4026	NA	5	23.8	no	0	0	0	0	0	0	0	0
ECNIH2_24890|ECNIH2_24895|ECNIH2_24900|ECNIH2_24905|ECNIH2_24910	4011	NA	5	72.3	no	0	0	0	0	0	0	0	0
ECNIH2_24745|ECNIH2_24750|ECNIH2_24755|ECNIH2_24760|ECNIH2_24765	4004	NA	5	-7.8	no	0	0	0	0	0	0	0	0
ECNIH2_23620|ECNIH2_23625|ECNIH2_23630|ECNIH2_23635|ECNIH2_23645	3997	NA	5	-8.8	no	0	0	0	0	0	0	0	0
ECNIH2_23880|ECNIH2_23885|ECNIH2_23890|ECNIH2_23895|ECNIH2_23900	3996	NA	5	-4.3	no	0	0	0	0	0	0	0	0
ECNIH2_23665|ECNIH2_23670|ECNIH2_23675|ECNIH2_23685|ECNIH2_23690	3984	NA	5	2.6	no	0	0	0	0	1	0	0	0
ECNIH2_25045|ECNIH2_25050|ECNIH2_25055|ECNIH2_25060|ECNIH2_25065	3951	NA	5	19.0	no	0	0	0	0	0	0	0	0
ECNIH2_24190|ECNIH2_24195|ECNIH2_24200|ECNIH2_24205|ECNIH2_24210	3948	NA	5	30.2	no	0	0	0	0	0	0	0	0
ECNIH2_23765|ECNIH2_23770|ECNIH2_23775|ECNIH2_23780|ECNIH2_23785	3942	NA	5	34.4	no	0	0	0	0	0	0	0	0
ECNIH2_25060|ECNIH2_25065|ECNIH2_25070|ECNIH2_25075|ECNIH2_25080	3930	NA	5	0.3	no	0	0	0	0	0	0	0	0
ECNIH2_24545|ECNIH2_24550|ECNIH2_24555|ECNIH2_24560|ECNIH2_24570	3924	NA	5	13.4	no	0	0	0	0	0	0	0	0
ECNIH2_24880|ECNIH2_24885|ECNIH2_24890|ECNIH2_24895|ECNIH2_24900	3921	NA	5	-65.1	no	0	0	0	0	0	1	0	0
ECNIH2_24310|ECNIH2_24315|ECNIH2_24320|ECNIH2_24325|ECNIH2_24330	3912	NA	5	-319.0	no	0	0	0	0	0	0	0	0
ECNIH2_23875|ECNIH2_23880|ECNIH2_23885|ECNIH2_23890|ECNIH2_23895	3909	NA	5	-4.2	no	0	0	0	0	0	0	0	0
ECNIH2_24540|ECNIH2_24545|ECNIH2_24550|ECNIH2_24555|ECNIH2_24560	3909	NA	5	19.4	no	0	0	0	0	0	0	0	0
ECNIH2_24795|ECNIH2_24800|ECNIH2_24805|ECNIH2_24810|ECNIH2_24815	3885	NA	5	-24.7	no	0	0	0	0	0	0	0	0
ECNIH2_23770|ECNIH2_23775|ECNIH2_23780|ECNIH2_23785|ECNIH2_23790	3882	NA	5	43.0	no	0	0	0	0	0	0	0	0
ECNIH2_24875|ECNIH2_24880|ECNIH2_24885|ECNIH2_24890|ECNIH2_24895	3882	NA	5	-77.1	no	0	0	0	0	0	1	0	0
ECNIH2_24885|ECNIH2_24890|ECNIH2_24895|ECNIH2_24900|ECNIH2_24905	3864	NA	5	46.2	no	0	0	0	0	0	1	0	0
ECNIH2_24920|ECNIH2_24925|ECNIH2_24930|ECNIH2_24935|ECNIH2_24940	3858	NA	5	21.0	no	0	0	0	0	0	4	0	0
ECNIH2_24260|ECNIH2_24265|ECNIH2_24270|ECNIH2_24275|ECNIH2_24280	3852	NA	5	7.7	no	0	0	0	0	0	0	0	0
ECNIH2_24680|ECNIH2_24685|ECNIH2_24690|ECNIH2_24695|ECNIH2_24700	3852	NA	5	26.0	no	0	0	0	0	0	1	0	0
ECNIH2_24970|ECNIH2_24975|ECNIH2_24980|ECNIH2_24985|ECNIH2_24990	3849	NA	5	13.2	no	0	1	0	0	0	2	0	0
ECNIH2_24915|ECNIH2_24920|ECNIH2_24925|ECNIH2_24930|ECNIH2_24935	3834	NA	5	18.3	no	0	0	0	0	0	4	0	0
ECNIH2_24070|ECNIH2_24075|ECNIH2_24080|ECNIH2_24085|ECNIH2_24090	3831	NA	5	39.7	no	0	0	0	0	3	0	0	1
ECNIH2_23985|ECNIH2_23990|ECNIH2_23995|ECNIH2_24000|ECNIH2_24005	3813	NA	5	35.4	no	0	0	0	0	0	0	0	1
ECNIH2_24110|ECNIH2_24115|ECNIH2_24120|ECNIH2_24125|ECNIH2_24130	3795	NA	5	32.8	no	0	0	0	0	2	0	0	0
ECNIH2_24805|ECNIH2_24810|ECNIH2_24815|ECNIH2_24820|ECNIH2_24825	3795	NA	5	-3.8	no	0	0	0	0	0	0	0	0
ECNIH2_23975|ECNIH2_23980|ECNIH2_23985|ECNIH2_23990|ECNIH2_23995	3786	NA	5	27.6	no	0	0	0	0	0	0	0	0
ECNIH2_23895|ECNIH2_23900|ECNIH2_23905|ECNIH2_23910|ECNIH2_23915	3765	NA	5	24.3	no	0	0	0	0	0	0	0	0
ECNIH2_23775|ECNIH2_23780|ECNIH2_23785|ECNIH2_23790|ECNIH2_23795	3759	NA	5	40.9	no	0	0	0	0	0	0	0	0
ECNIH2_24900|ECNIH2_24905|ECNIH2_24910|ECNIH2_24915|ECNIH2_24920	3759	NA	5	112.7	no	0	0	0	0	0	2	0	0
ECNIH2_24430|ECNIH2_24435|ECNIH2_24440|ECNIH2_24445|ECNIH2_24450	3756	NA	6	-15.5	no	0	0	0	0	0	0	0	0
ECNIH2_23755|ECNIH2_23760|ECNIH2_23765|ECNIH2_23770|ECNIH2_23775	3729	NA	5	40.7	no	0	0	0	0	0	1	0	0
ECNIH2_24065|ECNIH2_24070|ECNIH2_24075|ECNIH2_24080|ECNIH2_24085	3720	NA	5	40.0	no	0	0	0	0	3	0	0	1
ECNIH2_24015|ECNIH2_24020|ECNIH2_24025|ECNIH2_24030|ECNIH2_24035	3702	NA	5	33.6	no	0	0	0	0	1	0	0	0
ECNIH2_23540|ECNIH2_23545|ECNIH2_23550|ECNIH2_23555|ECNIH2_23560	3693	NA	4	25.4	no	0	0	0	0	0	0	0	0
ECNIH2_23730|ECNIH2_23735|ECNIH2_23740|ECNIH2_23745|ECNIH2_23750	3690	NA	5	20.8	no	1	1	0	0	0	0	0	0
ECNIH2_24790|ECNIH2_24795|ECNIH2_24800|ECNIH2_24805|ECNIH2_24810	3690	NA	4	-12.9	no	0	0	0	0	0	0	0	0
ECNIH2_23545|ECNIH2_23550|ECNIH2_23555|ECNIH2_23560|ECNIH2_23570	3687	NA	5	32.6	no	0	0	0	0	0	0	0	0
ECNIH2_24340|ECNIH2_24345|ECNIH2_24350|ECNIH2_24355|ECNIH2_24365	3668	NA	4	-18.1	no	0	0	0	0	0	0	0	0
ECNIH2_24295|ECNIH2_24300|ECNIH2_24305|ECNIH2_24310|ECNIH2_24315	3636	NA	5	-192.7	no	0	0	0	0	0	0	0	0
ECNIH2_24450|ECNIH2_24455|ECNIH2_24460|ECNIH2_24465|ECNIH2_24470	3633	NA	5	-55.7	no	0	0	0	0	0	0	0	0
ECNIH2_23550|ECNIH2_23555|ECNIH2_23560|ECNIH2_23570|ECNIH2_23575	3618	NA	5	28.4	no	0	0	0	0	0	0	0	0
ECNIH2_24755|ECNIH2_24760|ECNIH2_24765|ECNIH2_24775|ECNIH2_24780	3588	NA	5	-7.3	no	0	0	0	0	0	0	0	0
ECNIH2_24155|ECNIH2_24160|ECNIH2_24165|ECNIH2_24170|ECNIH2_24175	3585	NA	5	31.9	no	0	0	0	0	0	0	0	0
ECNIH2_23595|ECNIH2_23600|ECNIH2_23605|ECNIH2_23610|ECNIH2_23615	3567	NA	4	-9.6	no	0	0	0	0	0	3	0	0
ECNIH2_23725|ECNIH2_23730|ECNIH2_23735|ECNIH2_23740|ECNIH2_23745	3561	NA	5	19.8	no	1	1	0	0	0	0	0	0
ECNIH2_25065|ECNIH2_25070|ECNIH2_25075|ECNIH2_25080|ECNIH2_25085	3561	NA	5	0.6	no	0	0	0	0	0	0	0	0
ECNIH2_23395|ECNIH2_23400|ECNIH2_23405|ECNIH2_23410|ECNIH2_23415	3543	NA	5	48.6	no	1	1	0	0	0	0	0	0
ECNIH2_24725|ECNIH2_24730|ECNIH2_24735|ECNIH2_24740|ECNIH2_24745	3513	NA	5	-32.4	no	0	0	0	0	0	0	0	0
ECNIH2_24060|ECNIH2_24065|ECNIH2_24070|ECNIH2_24075|ECNIH2_24080	3507	NA	5	40.4	no	0	0	0	0	2	0	0	1
ECNIH2_24595|ECNIH2_24600|ECNIH2_24605|ECNIH2_24610|ECNIH2_24615	3501	NA	5	34.2	no	0	0	0	0	0	3	0	0
ECNIH2_23440|ECNIH2_23445|ECNIH2_23450|ECNIH2_23455|ECNIH2_23460	3483	NA	5	41.0	no	0	0	0	0	0	0	0	0
ECNIH2_24300|ECNIH2_24305|ECNIH2_24310|ECNIH2_24315|ECNIH2_24320	3483	NA	5	-319.8	no	0	0	0	0	0	0	0	0
ECNIH2_24305|ECNIH2_24310|ECNIH2_24315|ECNIH2_24320|ECNIH2_24325	3471	NA	5	-292.7	no	0	0	0	0	0	0	0	0
ECNIH2_23430|ECNIH2_23435|ECNIH2_23440|ECNIH2_23445|ECNIH2_23450	3462	NA	5	34.1	no	0	0	0	0	0	0	0	1
ECNIH2_24420|ECNIH2_24425|ECNIH2_24430|ECNIH2_24435|ECNIH2_24440	3447	NA	6	-17.3	no	0	0	0	0	0	0	0	0
ECNIH2_23940|ECNIH2_23945|ECNIH2_23950|ECNIH2_23955|ECNIH2_23960	3444	NA	5	46.4	no	0	0	0	0	0	0	0	1
ECNIH2_23735|ECNIH2_23740|ECNIH2_23745|ECNIH2_23750|ECNIH2_23755	3438	NA	5	26.8	no	1	1	0	0	0	0	0	0
ECNIH2_24980|ECNIH2_24985|ECNIH2_24990|ECNIH2_24995|ECNIH2_25000	3429	NA	5	23.0	no	0	0	0	0	0	4	0	1
ECNIH2_23945|ECNIH2_23950|ECNIH2_23955|ECNIH2_23960|ECNIH2_23965	3426	NA	5	45.5	no	0	0	0	0	0	0	0	1
ECNIH2_23955|ECNIH2_23960|ECNIH2_23965|ECNIH2_23970|ECNIH2_23975	3423	NA	5	38.4	no	0	0	0	0	0	0	0	0
ECNIH2_23435|ECNIH2_23440|ECNIH2_23445|ECNIH2_23450|ECNIH2_23455	3417	NA	5	33.6	no	0	0	0	0	0	0	0	1
ECNIH2_23980|ECNIH2_23985|ECNIH2_23990|ECNIH2_23995|ECNIH2_24000	3402	NA	5	27.4	no	0	0	0	0	0	0	0	1
ECNIH2_23560|ECNIH2_23570|ECNIH2_23575|ECNIH2_23580|ECNIH2_23585	3381	NA	5	24.4	no	0	0	0	0	0	0	0	0
ECNIH2_24550|ECNIH2_24555|ECNIH2_24560|ECNIH2_24570|ECNIH2_24575	3375	NA	5	25.2	no	0	0	0	0	0	0	0	0
ECNIH2_25165|ECNIH2_25170|ECNIH2_25175|ECNIH2_23390|ECNIH2_23395	3360	NA	5	49.9	no	1	1	0	0	0	0	0	0
ECNIH2_24345|ECNIH2_24350|ECNIH2_24355|ECNIH2_24365|ECNIH2_24370	3353	NA	4	31.8	no	0	0	0	0	0	0	0	0
ECNIH2_23670|ECNIH2_23675|ECNIH2_23685|ECNIH2_23690|ECNIH2_23695	3348	NA	5	17.5	no	0	0	0	0	1	0	0	0
ECNIH2_24395|ECNIH2_24400|ECNIH2_24405|ECNIH2_24410|ECNIH2_24415	3345	NA	5	-209.7	no	0	0	0	0	0	0	0	0
ECNIH2_23715|ECNIH2_23720|ECNIH2_23725|ECNIH2_23730|ECNIH2_23735	3330	NA	5	18.4	no	0	0	0	0	0	0	0	0
ECNIH2_24520|ECNIH2_24525|ECNIH2_24530|ECNIH2_24540|ECNIH2_24545	3324	NA	5	20.9	no	0	0	0	0	0	0	0	0
ECNIH2_23555|ECNIH2_23560|ECNIH2_23570|ECNIH2_23575|ECNIH2_23580	3315	NA	5	24.6	no	0	0	0	0	0	0	0	0
ECNIH2_24400|ECNIH2_24405|ECNIH2_24410|ECNIH2_24415|ECNIH2_24420	3315	NA	5	-198.2	no	0	0	0	0	0	0	0	0
ECNIH2_23585|ECNIH2_23590|ECNIH2_23595|ECNIH2_23600|ECNIH2_23605	3306	NA	4	8.2	no	0	0	0	0	0	2	0	0
ECNIH2_24245|ECNIH2_24250|ECNIH2_24255|ECNIH2_24260|ECNIH2_24265	3303	NA	5	29.8	no	0	0	0	0	0	0	0	0
ECNIH2_24350|ECNIH2_24355|ECNIH2_24365|ECNIH2_24370|ECNIH2_24375	3300	NA	4	30.1	no	0	0	0	0	0	0	0	0
ECNIH2_24910|ECNIH2_24915|ECNIH2_24920|ECNIH2_24925|ECNIH2_24930	3300	NA	5	24.4	no	0	0	0	0	0	4	0	0
ECNIH2_24355|ECNIH2_24365|ECNIH2_24370|ECNIH2_24375|ECNIH2_24380	3294	NA	4	-11.3	no	0	0	0	0	0	0	0	1
ECNIH2_24590|ECNIH2_24595|ECNIH2_24600|ECNIH2_24605|ECNIH2_24610	3294	NA	5	34.0	no	0	0	0	0	0	3	0	0
ECNIH2_23720|ECNIH2_23725|ECNIH2_23730|ECNIH2_23735|ECNIH2_23740	3267	NA	5	19.6	no	0	0	0	0	0	0	0	0
ECNIH2_24240|ECNIH2_24245|ECNIH2_24250|ECNIH2_24255|ECNIH2_24260	3261	NA	5	29.6	no	0	0	0	0	0	0	0	0
ECNIH2_23590|ECNIH2_23595|ECNIH2_23600|ECNIH2_23605|ECNIH2_23610	3255	NA	4	-8.6	no	0	0	0	0	0	2	0	0
ECNIH2_23780|ECNIH2_23785|ECNIH2_23790|ECNIH2_23795|ECNIH2_23800	3255	NA	5	29.2	no	0	0	0	0	0	0	0	0
ECNIH2_23910|ECNIH2_23915|ECNIH2_23920|ECNIH2_23925|ECNIH2_23935	3255	NA	5	48.2	no	0	0	0	0	0	0	0	0
ECNIH2_23625|ECNIH2_23630|ECNIH2_23635|ECNIH2_23645|ECNIH2_23650	3252	NA	5	-6.3	no	0	0	0	0	0	0	0	0
ECNIH2_23410|ECNIH2_23415|ECNIH2_23420|ECNIH2_23425|ECNIH2_23430	3243	NA	5	52.8	no	0	0	0	0	0	0	0	0
ECNIH2_24630|ECNIH2_24635|ECNIH2_24640|ECNIH2_24645|ECNIH2_24650	3237	NA	5	7.9	no	0	0	0	0	0	2	0	0
ECNIH2_25170|ECNIH2_25175|ECNIH2_23390|ECNIH2_23395|ECNIH2_23400	3222	NA	5	48.2	no	1	1	0	0	0	0	0	0
ECNIH2_23390|ECNIH2_23395|ECNIH2_23400|ECNIH2_23405|ECNIH2_23410	3222	NA	5	47.8	no	1	1	0	0	0	0	0	0
ECNIH2_24995|ECNIH2_25000|ECNIH2_25005|ECNIH2_25010|ECNIH2_25015	3219	NA	5	31.6	no	0	0	0	0	0	4	0	0
ECNIH2_23405|ECNIH2_23410|ECNIH2_23415|ECNIH2_23420|ECNIH2_23425	3204	NA	5	52.7	no	0	0	0	0	0	0	0	0
ECNIH2_24600|ECNIH2_24605|ECNIH2_24610|ECNIH2_24615|ECNIH2_24620	3192	NA	5	23.6	no	0	0	0	0	0	3	0	0
ECNIH2_23905|ECNIH2_23910|ECNIH2_23915|ECNIH2_23920|ECNIH2_23925	3189	NA	5	39.5	no	0	0	0	0	0	0	0	0
ECNIH2_24905|ECNIH2_24910|ECNIH2_24915|ECNIH2_24920|ECNIH2_24925	3165	NA	5	16.7	no	0	0	0	0	0	3	0	0
ECNIH2_24645|ECNIH2_24650|ECNIH2_24660|ECNIH2_24665|ECNIH2_24670	3150	NA	5	7.9	no	0	0	0	0	0	1	0	0
ECNIH2_23915|ECNIH2_23920|ECNIH2_23925|ECNIH2_23935|ECNIH2_23940	3144	NA	5	47.0	no	0	0	0	0	0	0	0	0
ECNIH2_23580|ECNIH2_23585|ECNIH2_23590|ECNIH2_23595|ECNIH2_23600	3141	NA	4	15.2	no	0	0	0	0	0	1	0	0
ECNIH2_23950|ECNIH2_23955|ECNIH2_23960|ECNIH2_23965|ECNIH2_23970	3138	NA	5	39.6	no	0	0	0	0	0	0	0	1
ECNIH2_25155|ECNIH2_25160|ECNIH2_25165|ECNIH2_25170|ECNIH2_25175	3132	NA	5	43.3	no	0	0	0	0	0	0	0	0
ECNIH2_23960|ECNIH2_23965|ECNIH2_23970|ECNIH2_23975|ECNIH2_23980	3129	NA	5	29.5	no	0	0	0	0	0	0	0	0
ECNIH2_24460|ECNIH2_24465|ECNIH2_24470|ECNIH2_24475|ECNIH2_24480	3126	NA	5	-55.7	no	0	0	0	0	0	0	0	0
ECNIH2_24990|ECNIH2_24995|ECNIH2_25000|ECNIH2_25005|ECNIH2_25010	3126	NA	5	27.7	no	0	0	0	0	0	4	0	0
ECNIH2_23425|ECNIH2_23430|ECNIH2_23435|ECNIH2_23440|ECNIH2_23445	3123	NA	5	44.8	no	0	0	0	0	0	0	0	1
ECNIH2_23740|ECNIH2_23745|ECNIH2_23750|ECNIH2_23755|ECNIH2_23760	3120	NA	5	38.1	no	1	1	0	0	0	1	0	0
ECNIH2_23870|ECNIH2_23875|ECNIH2_23880|ECNIH2_23885|ECNIH2_23890	3117	NA	5	-0.9	no	0	0	0	0	0	0	0	0
ECNIH2_23795|ECNIH2_23800|ECNIH2_23805|ECNIH2_23820|ECNIH2_23825	3108	NA	5	11.5	no	0	0	0	0	0	0	0	0
ECNIH2_25150|ECNIH2_25155|ECNIH2_25160|ECNIH2_25165|ECNIH2_25170	3099	NA	5	42.0	no	0	0	0	0	0	0	0	0
ECNIH2_23750|ECNIH2_23755|ECNIH2_23760|ECNIH2_23765|ECNIH2_23770	3090	NA	5	34.7	no	0	0	0	0	0	1	0	0
ECNIH2_23445|ECNIH2_23450|ECNIH2_23455|ECNIH2_23460|ECNIH2_23465	3075	NA	5	40.8	no	0	0	0	0	0	0	0	0
ECNIH2_24405|ECNIH2_24410|ECNIH2_24415|ECNIH2_24420|ECNIH2_24425	3069	NA	5	-184.9	no	0	0	0	0	0	0	0	0
ECNIH2_24720|ECNIH2_24725|ECNIH2_24730|ECNIH2_24735|ECNIH2_24740	3066	NA	5	-33.6	no	0	0	0	0	0	0	0	0
ECNIH2_25040|ECNIH2_25045|ECNIH2_25050|ECNIH2_25055|ECNIH2_25060	3063	NA	5	36.9	no	0	0	0	0	0	0	0	0
ECNIH2_24235|ECNIH2_24240|ECNIH2_24245|ECNIH2_24250|ECNIH2_24255	3060	NA	5	29.3	no	0	0	0	0	0	0	0	0
ECNIH2_23745|ECNIH2_23750|ECNIH2_23755|ECNIH2_23760|ECNIH2_23765	3045	NA	5	32.3	no	1	1	0	0	0	1	0	0
ECNIH2_24255|ECNIH2_24260|ECNIH2_24265|ECNIH2_24270|ECNIH2_24275	3036	NA	5	15.5	no	0	0	0	0	0	0	0	0
ECNIH2_25095|ECNIH2_25100|ECNIH2_25105|ECNIH2_25110|ECNIH2_25115	3036	NA	5	29.8	no	0	0	0	0	0	0	0	0
ECNIH2_24145|ECNIH2_24150|ECNIH2_24155|ECNIH2_24160|ECNIH2_24165	3027	NA	3	21.6	no	0	0	0	0	0	0	0	0
ECNIH2_23900|ECNIH2_23905|ECNIH2_23910|ECNIH2_23915|ECNIH2_23920	3003	NA	5	34.0	no	0	0	0	0	0	0	0	0
ECNIH2_24985|ECNIH2_24990|ECNIH2_24995|ECNIH2_25000|ECNIH2_25005	2997	NA	5	26.9	no	0	0	0	0	0	5	0	0
ECNIH2_24140|ECNIH2_24145|ECNIH2_24150|ECNIH2_24155|ECNIH2_24160	2979	NA	3	21.0	no	0	0	0	0	0	0	0	0
ECNIH2_24495|ECNIH2_24500|ECNIH2_24505|ECNIH2_24510|ECNIH2_24515	2973	NA	5	17.7	no	0	0	0	0	0	0	0	0
ECNIH2_23790|ECNIH2_23795|ECNIH2_23800|ECNIH2_23805|ECNIH2_23820	2967	NA	5	14.9	no	0	0	0	0	0	0	0	0
ECNIH2_23400|ECNIH2_23405|ECNIH2_23410|ECNIH2_23415|ECNIH2_23420	2964	NA	5	50.1	no	0	0	0	0	0	0	0	0
ECNIH2_24425|ECNIH2_24430|ECNIH2_24435|ECNIH2_24440|ECNIH2_24445	2955	NA	6	-15.8	no	0	0	0	0	0	0	0	0
ECNIH2_24445|ECNIH2_24450|ECNIH2_24455|ECNIH2_24460|ECNIH2_24465	2955	NA	5	-2.8	no	0	0	0	0	0	0	0	0
ECNIH2_24150|ECNIH2_24155|ECNIH2_24160|ECNIH2_24165|ECNIH2_24170	2916	NA	5	31.9	no	0	0	0	0	0	0	0	0
ECNIH2_25020|ECNIH2_25025|ECNIH2_25030|ECNIH2_25035|ECNIH2_25040	2901	NA	5	17.8	no	0	0	0	0	0	0	0	0
ECNIH2_23800|ECNIH2_23805|ECNIH2_23820|ECNIH2_23825|ECNIH2_23830	2895	NA	5	11.7	no	0	0	0	0	0	0	0	0
ECNIH2_25035|ECNIH2_25040|ECNIH2_25045|ECNIH2_25050|ECNIH2_25055	2886	NA	5	42.2	no	0	0	0	0	0	0	0	0
ECNIH2_24500|ECNIH2_24505|ECNIH2_24510|ECNIH2_24515|ECNIH2_24520	2862	NA	5	24.7	no	0	0	0	0	0	0	0	0
ECNIH2_24440|ECNIH2_24445|ECNIH2_24450|ECNIH2_24455|ECNIH2_24460	2859	NA	5	-16.2	no	0	0	0	0	0	0	0	0
ECNIH2_24055|ECNIH2_24060|ECNIH2_24065|ECNIH2_24070|ECNIH2_24075	2856	NA	5	40.5	no	0	0	0	0	1	0	0	0
ECNIH2_24455|ECNIH2_24460|ECNIH2_24465|ECNIH2_24470|ECNIH2_24475	2832	NA	5	-55.2	no	0	0	0	0	0	0	0	0
ECNIH2_24230|ECNIH2_24235|ECNIH2_24240|ECNIH2_24245|ECNIH2_24250	2820	NA	5	29.8	no	0	0	0	0	0	0	0	0
ECNIH2_25160|ECNIH2_25165|ECNIH2_25170|ECNIH2_25175|ECNIH2_23390	2811	NA	5	50.6	no	0	0	0	0	0	0	0	0
ECNIH2_23710|ECNIH2_23715|ECNIH2_23720|ECNIH2_23725|ECNIH2_23730	2778	NA	5	22.9	no	0	0	0	0	0	0	0	0
ECNIH2_25000|ECNIH2_25005|ECNIH2_25010|ECNIH2_25015|ECNIH2_25020	2760	NA	5	28.8	no	0	0	0	0	0	3	0	0
ECNIH2_23570|ECNIH2_23575|ECNIH2_23580|ECNIH2_23585|ECNIH2_23590	2754	NA	5	19.8	no	0	0	0	0	0	0	0	0
ECNIH2_25015|ECNIH2_25020|ECNIH2_25025|ECNIH2_25030|ECNIH2_25035	2754	NA	5	17.5	no	0	0	0	0	0	1	0	0
ECNIH2_23575|ECNIH2_23580|ECNIH2_23585|ECNIH2_23590|ECNIH2_23595	2739	NA	4	21.6	no	0	0	0	0	0	0	0	0
ECNIH2_23535|ECNIH2_23540|ECNIH2_23545|ECNIH2_23550|ECNIH2_23555	2700	NA	4	30.8	no	0	0	0	0	0	0	0	0
ECNIH2_25175|ECNIH2_23390|ECNIH2_23395|ECNIH2_23400|ECNIH2_23405	2673	NA	5	48.0	no	1	1	0	0	0	0	0	0
ECNIH2_23420|ECNIH2_23425|ECNIH2_23430|ECNIH2_23435|ECNIH2_23440	2667	NA	5	44.4	no	0	0	0	0	0	0	0	0
ECNIH2_25010|ECNIH2_25015|ECNIH2_25020|ECNIH2_25025|ECNIH2_25030	2667	NA	5	17.2	no	0	0	0	0	0	1	0	0
ECNIH2_23630|ECNIH2_23635|ECNIH2_23645|ECNIH2_23650|ECNIH2_23655	2655	NA	4	-4.5	no	0	0	0	0	0	0	0	0
ECNIH2_23450|ECNIH2_23455|ECNIH2_23460|ECNIH2_23465|ECNIH2_23470	2616	NA	5	40.0	no	0	0	0	0	0	0	0	0
ECNIH2_25005|ECNIH2_25010|ECNIH2_25015|ECNIH2_25020|ECNIH2_25025	2607	NA	5	25.3	no	0	0	0	0	0	2	0	0
ECNIH2_24025|ECNIH2_24030|ECNIH2_24035|ECNIH2_24040|ECNIH2_24045	2594	NA	5	6.4	no	0	0	0	0	0	0	0	0
ECNIH2_24465|ECNIH2_24470|ECNIH2_24475|ECNIH2_24480|ECNIH2_24485	2586	NA	5	-56.4	no	0	0	0	0	0	0	0	0
ECNIH2_24635|ECNIH2_24640|ECNIH2_24645|ECNIH2_24650|ECNIH2_24660	2559	NA	5	7.9	no	0	0	0	0	0	1	0	0
ECNIH2_24640|ECNIH2_24645|ECNIH2_24650|ECNIH2_24660|ECNIH2_24665	2559	NA	5	7.9	no	0	0	0	0	0	1	0	0
ECNIH2_23835|ECNIH2_23840|ECNIH2_23845|ECNIH2_23850|ECNIH2_23855	2556	NA	5	12.5	no	0	0	0	0	0	0	0	0
ECNIH2_24040|ECNIH2_24045|ECNIH2_24050|ECNIH2_24055|ECNIH2_24060	2546	NA	5	5.6	no	0	0	0	0	0	0	0	0
ECNIH2_24195|ECNIH2_24200|ECNIH2_24205|ECNIH2_24210|ECNIH2_24215	2541	NA	5	29.7	no	0	0	0	0	0	0	0	0
ECNIH2_24510|ECNIH2_24515|ECNIH2_24520|ECNIH2_24525|ECNIH2_24530	2538	NA	5	31.2	no	0	0	0	0	0	0	0	0
ECNIH2_23925|ECNIH2_23935|ECNIH2_23940|ECNIH2_23945|ECNIH2_23950	2529	NA	5	46.0	no	0	0	0	0	0	0	0	0
ECNIH2_23845|ECNIH2_23850|ECNIH2_23855|ECNIH2_23860|ECNIH2_23865	2502	NA	5	17.7	no	0	0	0	0	0	0	0	0
ECNIH2_23805|ECNIH2_23820|ECNIH2_23825|ECNIH2_23830|ECNIH2_23835	2472	NA	5	12.2	no	0	0	0	0	0	0	0	0
ECNIH2_23840|ECNIH2_23845|ECNIH2_23850|ECNIH2_23855|ECNIH2_23860	2472	NA	5	15.9	no	0	0	0	0	0	0	0	0
ECNIH2_23920|ECNIH2_23925|ECNIH2_23935|ECNIH2_23940|ECNIH2_23945	2469	NA	5	46.7	no	0	0	0	0	0	0	0	0
ECNIH2_24045|ECNIH2_24050|ECNIH2_24055|ECNIH2_24060|ECNIH2_24065	2459	NA	5	20.2	no	0	0	0	0	0	0	0	0
ECNIH2_24200|ECNIH2_24205|ECNIH2_24210|ECNIH2_24215|ECNIH2_24220	2454	NA	5	30.3	no	0	0	0	0	0	0	0	0
ECNIH2_23415|ECNIH2_23420|ECNIH2_23425|ECNIH2_23430|ECNIH2_23435	2421	NA	5	44.6	no	0	0	0	0	0	0	0	0
ECNIH2_23460|ECNIH2_23465|ECNIH2_23470|ECNIH2_23475|ECNIH2_23480	2415	NA	5	47.6	no	0	0	0	0	0	0	0	1
ECNIH2_23785|ECNIH2_23790|ECNIH2_23795|ECNIH2_23800|ECNIH2_23805	2397	NA	5	16.9	no	0	0	0	0	0	0	0	0
ECNIH2_23935|ECNIH2_23940|ECNIH2_23945|ECNIH2_23950|ECNIH2_23955	2394	NA	5	46.0	no	0	0	0	0	0	0	0	1
ECNIH2_25145|ECNIH2_25150|ECNIH2_25155|ECNIH2_25160|ECNIH2_25165	2388	NA	5	41.6	no	0	0	0	0	0	0	0	1
ECNIH2_24435|ECNIH2_24440|ECNIH2_24445|ECNIH2_24450|ECNIH2_24455	2373	NA	5	-16.3	no	0	0	0	0	0	0	0	0
ECNIH2_24035|ECNIH2_24040|ECNIH2_24045|ECNIH2_24050|ECNIH2_24055	2360	NA	5	-2.3	no	0	0	0	0	0	0	0	0
ECNIH2_25140|ECNIH2_25145|ECNIH2_25150|ECNIH2_25155|ECNIH2_25160	2331	NA	5	41.4	no	0	0	0	0	0	0	0	1
ECNIH2_23470|ECNIH2_23475|ECNIH2_23480|ECNIH2_23485|ECNIH2_23490	2325	NA	5	44.9	no	0	0	0	0	0	0	0	1
ECNIH2_24515|ECNIH2_24520|ECNIH2_24525|ECNIH2_24530|ECNIH2_24540	2319	NA	5	31.3	no	0	0	0	0	0	0	0	0
ECNIH2_23465|ECNIH2_23470|ECNIH2_23475|ECNIH2_23480|ECNIH2_23485	2244	NA	5	45.3	no	0	0	0	0	0	0	0	1
ECNIH2_24020|ECNIH2_24025|ECNIH2_24030|ECNIH2_24035|ECNIH2_24040	2211	NA	5	18.9	no	0	0	0	0	0	0	0	0
ECNIH2_25030|ECNIH2_25035|ECNIH2_25040|ECNIH2_25045|ECNIH2_25050	2211	NA	5	33.3	no	0	0	0	0	0	0	0	0
ECNIH2_23850|ECNIH2_23855|ECNIH2_23860|ECNIH2_23865|ECNIH2_23870	2175	NA	5	17.7	no	0	0	0	0	0	0	0	0
ECNIH2_23675|ECNIH2_23685|ECNIH2_23690|ECNIH2_23695|ECNIH2_23700	2169	NA	5	16.5	no	0	0	0	0	0	0	0	0
ECNIH2_24205|ECNIH2_24210|ECNIH2_24215|ECNIH2_24220|ECNIH2_24230	2145	NA	5	30.2	no	0	0	0	0	0	0	0	0
ECNIH2_24030|ECNIH2_24035|ECNIH2_24040|ECNIH2_24045|ECNIH2_24050	2144	NA	5	-2.1	no	0	0	0	0	0	0	0	0
ECNIH2_23480|ECNIH2_23485|ECNIH2_23490|ECNIH2_23495|ECNIH2_23500	2142	NA	5	45.4	no	0	0	0	0	0	0	0	0
ECNIH2_23530|ECNIH2_23535|ECNIH2_23540|ECNIH2_23545|ECNIH2_23550	2139	NA	4	36.5	no	0	0	0	0	0	0	0	0
ECNIH2_24050|ECNIH2_24055|ECNIH2_24060|ECNIH2_24065|ECNIH2_24070	2118	NA	5	32.7	no	0	0	0	0	0	0	0	0
ECNIH2_23820|ECNIH2_23825|ECNIH2_23830|ECNIH2_23835|ECNIH2_23840	2115	NA	5	11.8	no	0	0	0	0	0	0	0	0
ECNIH2_23475|ECNIH2_23480|ECNIH2_23485|ECNIH2_23490|ECNIH2_23495	2079	NA	5	45.5	no	0	0	0	0	0	0	0	1
ECNIH2_23830|ECNIH2_23835|ECNIH2_23840|ECNIH2_23845|ECNIH2_23850	2046	NA	5	13.6	no	0	0	0	0	0	0	0	0
ECNIH2_23855|ECNIH2_23860|ECNIH2_23865|ECNIH2_23870|ECNIH2_23875	1992	NA	5	17.4	no	0	0	0	0	0	0	0	1
ECNIH2_23455|ECNIH2_23460|ECNIH2_23465|ECNIH2_23470|ECNIH2_23475	1986	NA	5	50.1	no	0	0	0	0	0	0	0	0
ECNIH2_23965|ECNIH2_23970|ECNIH2_23975|ECNIH2_23980|ECNIH2_23985	1980	NA	5	27.7	no	0	0	0	0	0	0	0	0
ECNIH2_25025|ECNIH2_25030|ECNIH2_25035|ECNIH2_25040|ECNIH2_25045	1947	NA	5	26.8	no	0	0	0	0	0	0	0	0
ECNIH2_23685|ECNIH2_23690|ECNIH2_23695|ECNIH2_23700|ECNIH2_23705	1932	NA	5	14.9	no	0	0	0	0	0	0	0	0
ECNIH2_24505|ECNIH2_24510|ECNIH2_24515|ECNIH2_24520|ECNIH2_24525	1857	NA	5	30.9	no	0	0	0	0	0	0	0	0
ECNIH2_23825|ECNIH2_23830|ECNIH2_23835|ECNIH2_23840|ECNIH2_23845	1848	NA	5	14.7	no	0	0	0	0	0	0	0	0
ECNIH2_23515|ECNIH2_23520|ECNIH2_23525|ECNIH2_23530|ECNIH2_23535	1839	NA	5	40.6	no	0	0	0	0	0	0	0	0
ECNIH2_23525|ECNIH2_23530|ECNIH2_23535|ECNIH2_23540|ECNIH2_23545	1836	NA	4	37.1	no	0	0	0	0	0	0	0	0
ECNIH2_23865|ECNIH2_23870|ECNIH2_23875|ECNIH2_23880|ECNIH2_23885	1824	NA	5	5.3	no	0	0	0	0	0	0	0	0
ECNIH2_23970|ECNIH2_23975|ECNIH2_23980|ECNIH2_23985|ECNIH2_23990	1812	NA	5	22.6	no	0	0	0	0	0	0	0	0
ECNIH2_23495|ECNIH2_23500|ECNIH2_23505|ECNIH2_23510|ECNIH2_23515	1770	NA	5	50.1	no	0	0	0	0	0	0	0	0
ECNIH2_23490|ECNIH2_23495|ECNIH2_23500|ECNIH2_23505|ECNIH2_23510	1749	NA	5	50.3	no	0	0	0	0	0	0	0	0
ECNIH2_23500|ECNIH2_23505|ECNIH2_23510|ECNIH2_23515|ECNIH2_23520	1749	NA	5	40.8	no	0	0	0	0	0	0	0	0
ECNIH2_24215|ECNIH2_24220|ECNIH2_24230|ECNIH2_24235|ECNIH2_24240	1734	NA	5	30.0	no	0	0	0	0	0	0	0	0
ECNIH2_23510|ECNIH2_23515|ECNIH2_23520|ECNIH2_23525|ECNIH2_23530	1719	NA	5	40.7	no	0	0	0	0	0	0	0	0
ECNIH2_23705|ECNIH2_23710|ECNIH2_23715|ECNIH2_23720|ECNIH2_23725	1692	NA	5	21.9	no	0	0	0	0	0	0	0	0
ECNIH2_23505|ECNIH2_23510|ECNIH2_23515|ECNIH2_23520|ECNIH2_23525	1650	NA	5	40.7	no	0	0	0	0	0	0	0	0
ECNIH2_24220|ECNIH2_24230|ECNIH2_24235|ECNIH2_24240|ECNIH2_24245	1647	NA	5	30.0	no	0	0	0	0	0	0	0	0
ECNIH2_23520|ECNIH2_23525|ECNIH2_23530|ECNIH2_23535|ECNIH2_23540	1626	NA	5	40.1	no	0	0	0	0	0	0	0	1
ECNIH2_24210|ECNIH2_24215|ECNIH2_24220|ECNIH2_24230|ECNIH2_24235	1614	NA	5	30.0	no	0	0	0	0	0	0	0	0
ECNIH2_23485|ECNIH2_23490|ECNIH2_23495|ECNIH2_23500|ECNIH2_23505	1587	NA	5	47.8	no	0	0	0	0	0	0	0	0
ECNIH2_23700|ECNIH2_23705|ECNIH2_23710|ECNIH2_23715|ECNIH2_23720	1572	NA	5	20.8	no	0	0	0	0	0	0	0	0
ECNIH2_23695|ECNIH2_23700|ECNIH2_23705|ECNIH2_23710|ECNIH2_23715	1491	NA	5	20.7	no	0	0	0	0	0	0	0	0
ECNIH2_23690|ECNIH2_23695|ECNIH2_23700|ECNIH2_23705|ECNIH2_23710	1455	NA	5	19.5	no	0	0	0	0	0	0	0	0
ECNIH2_23860|ECNIH2_23865|ECNIH2_23870|ECNIH2_23875|ECNIH2_23880	1266	NA	5	13.7	no	0	0	0	0	0	0	0	1
