ID	Length	Coverage	# ORFs	RDS	Circular	Inc Type(s)	# Replication	# Mobilization	# OriT	# Conjugation	# AMRs	# rRNAs	# Plasmid Hits
ECNIH2_25310|ECNIH2_25315|ECNIH2_25320|ECNIH2_25330|ECNIH2_25335	10578	NA	5	37.7	no	0	0	0	0	1	0	0	0
ECNIH2_25320|ECNIH2_25330|ECNIH2_25335|ECNIH2_25340|ECNIH2_25345	8418	NA	5	37.8	no	0	0	0	0	1	0	0	0
ECNIH2_26200|ECNIH2_26205|ECNIH2_26210|ECNIH2_26215|ECNIH2_26220	8187	NA	5	26.0	no	0	0	1	0	2	0	0	1
ECNIH2_25815|ECNIH2_25820|ECNIH2_25825|ECNIH2_25830|ECNIH2_25835	8015	NA	6	15.3	no	0	0	0	0	0	1	0	0
ECNIH2_26155|ECNIH2_26160|ECNIH2_26165|ECNIH2_26170|ECNIH2_26175	7983	NA	5	22.3	no	0	0	0	0	1	0	0	1
ECNIH2_25305|ECNIH2_25310|ECNIH2_25315|ECNIH2_25320|ECNIH2_25330	7944	NA	5	37.9	no	0	0	0	0	0	0	0	0
ECNIH2_25330|ECNIH2_25335|ECNIH2_25340|ECNIH2_25345|ECNIH2_25350	7779	NA	5	37.8	no	0	0	0	0	1	0	0	0
ECNIH2_26195|ECNIH2_26200|ECNIH2_26205|ECNIH2_26210|ECNIH2_26215	7743	NA	5	25.9	no	0	0	1	0	2	0	0	1
ECNIH2_25810|ECNIH2_25815|ECNIH2_25820|ECNIH2_25825|ECNIH2_25830	7649	NA	6	16.7	no	0	0	0	0	0	1	0	0
ECNIH2_26190|ECNIH2_26195|ECNIH2_26200|ECNIH2_26205|ECNIH2_26210	7566	NA	5	25.7	no	0	0	1	0	1	0	0	1
ECNIH2_26585|ECNIH2_26590|ECNIH2_26595|ECNIH2_26600|ECNIH2_26605	7518	NA	5	25.1	no	0	0	0	0	0	0	0	0
ECNIH2_26150|ECNIH2_26155|ECNIH2_26160|ECNIH2_26165|ECNIH2_26170	7494	NA	5	16.7	no	0	0	0	0	0	0	0	0
ECNIH2_26165|ECNIH2_26170|ECNIH2_26175|ECNIH2_26180|ECNIH2_26185	7470	NA	5	22.5	no	0	0	0	0	1	0	0	1
ECNIH2_26580|ECNIH2_26585|ECNIH2_26590|ECNIH2_26595|ECNIH2_26600	7407	NA	5	19.7	no	0	0	0	0	0	0	0	0
ECNIH2_25785|ECNIH2_25790|ECNIH2_25795|ECNIH2_25800|ECNIH2_25805	7386	NA	8	5.5	no	0	0	0	0	0	0	0	0
ECNIH2_25820|ECNIH2_25825|ECNIH2_25830|ECNIH2_25835|ECNIH2_25840	7385	NA	6	5.4	no	0	0	0	0	0	0	0	0
ECNIH2_25300|ECNIH2_25305|ECNIH2_25310|ECNIH2_25315|ECNIH2_25320	7311	NA	5	35.4	no	0	0	0	0	0	0	0	0
ECNIH2_26185|ECNIH2_26190|ECNIH2_26195|ECNIH2_26200|ECNIH2_26205	7257	NA	5	25.6	no	0	0	1	0	1	0	0	1
ECNIH2_26160|ECNIH2_26165|ECNIH2_26170|ECNIH2_26175|ECNIH2_26180	7176	NA	5	19.6	no	0	0	0	0	1	0	0	1
ECNIH2_25780|ECNIH2_25785|ECNIH2_25790|ECNIH2_25795|ECNIH2_25800	7164	NA	9	9.9	no	0	0	0	0	0	0	0	0
ECNIH2_25315|ECNIH2_25320|ECNIH2_25330|ECNIH2_25335|ECNIH2_25340	7146	NA	5	37.9	no	0	0	0	0	1	0	0	0
ECNIH2_25335|ECNIH2_25340|ECNIH2_25345|ECNIH2_25350|ECNIH2_25355	7098	NA	5	35.3	no	0	0	0	0	1	0	0	0
ECNIH2_26575|ECNIH2_26580|ECNIH2_26585|ECNIH2_26590|ECNIH2_26595	7059	NA	5	-14.2	no	0	0	0	0	0	0	0	0
ECNIH2_25775|ECNIH2_25780|ECNIH2_25785|ECNIH2_25790|ECNIH2_25795	7020	NA	9	22.0	no	0	0	0	0	0	1	0	0
ECNIH2_25790|ECNIH2_25795|ECNIH2_25800|ECNIH2_25805|ECNIH2_25810	6816	NA	8	5.1	no	0	0	0	0	0	0	0	0
ECNIH2_25230|ECNIH2_25235|ECNIH2_25240|ECNIH2_25245|ECNIH2_25250	6750	NA	5	28.6	no	0	0	0	0	0	0	0	0
ECNIH2_25225|ECNIH2_25230|ECNIH2_25235|ECNIH2_25240|ECNIH2_25245	6669	NA	5	26.6	no	0	0	0	0	0	0	0	0
ECNIH2_25290|ECNIH2_25295|ECNIH2_25300|ECNIH2_25305|ECNIH2_25310	6663	NA	5	15.8	no	0	0	0	0	0	0	0	0
ECNIH2_25825|ECNIH2_25830|ECNIH2_25835|ECNIH2_25840|ECNIH2_25845	6641	NA	5	6.7	no	0	0	0	0	0	0	0	0
ECNIH2_26145|ECNIH2_26150|ECNIH2_26155|ECNIH2_26160|ECNIH2_26165	6618	NA	5	19.3	no	0	0	0	0	0	0	0	0
ECNIH2_25470|ECNIH2_25475|ECNIH2_25480|ECNIH2_25485|ECNIH2_25490	6438	NA	5	26.7	no	0	0	0	0	0	0	0	0
ECNIH2_25235|ECNIH2_25240|ECNIH2_25245|ECNIH2_25250|ECNIH2_25255	6414	NA	5	28.8	no	0	0	0	0	0	0	0	0
ECNIH2_25240|ECNIH2_25245|ECNIH2_25250|ECNIH2_25255|ECNIH2_25260	6300	NA	5	28.8	no	0	0	0	0	0	0	0	0
ECNIH2_25295|ECNIH2_25300|ECNIH2_25305|ECNIH2_25310|ECNIH2_25315	6252	NA	5	35.6	no	0	0	0	0	0	0	0	0
ECNIH2_25795|ECNIH2_25800|ECNIH2_25805|ECNIH2_25810|ECNIH2_25815	5982	NA	8	8.6	no	0	0	0	0	0	1	0	0
ECNIH2_25475|ECNIH2_25480|ECNIH2_25485|ECNIH2_25490|ECNIH2_25495	5901	NA	5	23.7	no	0	0	0	0	0	0	0	0
ECNIH2_25220|ECNIH2_25225|ECNIH2_25230|ECNIH2_25235|ECNIH2_25240	5832	NA	5	26.7	no	0	0	0	0	0	0	0	0
ECNIH2_26205|ECNIH2_26210|ECNIH2_26215|ECNIH2_26220|ECNIH2_26225	5772	NA	5	20.3	no	0	0	0	0	2	0	0	1
ECNIH2_26595|ECNIH2_26600|ECNIH2_26605|ECNIH2_26610|ECNIH2_26620	5758	NA	5	18.5	no	0	0	0	0	0	0	0	0
ECNIH2_25465|ECNIH2_25470|ECNIH2_25475|ECNIH2_25480|ECNIH2_25485	5601	NA	5	22.2	no	0	0	0	0	0	0	0	0
ECNIH2_25830|ECNIH2_25835|ECNIH2_25840|ECNIH2_25845|ECNIH2_25850	5555	NA	5	13.9	no	0	0	0	0	0	0	0	0
ECNIH2_26590|ECNIH2_26595|ECNIH2_26600|ECNIH2_26605|ECNIH2_26610	5544	NA	5	25.8	no	0	0	0	0	0	0	0	0
ECNIH2_25385|ECNIH2_25390|ECNIH2_25395|ECNIH2_25400|ECNIH2_25405	5502	NA	5	19.3	no	0	0	0	0	0	0	0	0
ECNIH2_25480|ECNIH2_25485|ECNIH2_25490|ECNIH2_25495|ECNIH2_25500	5460	NA	5	21.0	no	0	0	0	0	0	0	0	0
ECNIH2_25895|ECNIH2_25900|ECNIH2_25905|ECNIH2_25910|ECNIH2_25915	5442	NA	5	3.2	no	0	0	0	0	0	1	0	0
ECNIH2_26180|ECNIH2_26185|ECNIH2_26190|ECNIH2_26195|ECNIH2_26200	5427	NA	4	28.6	no	0	0	1	0	0	0	0	1
ECNIH2_25805|ECNIH2_25810|ECNIH2_25815|ECNIH2_25820|ECNIH2_25825	5421	NA	5	24.0	no	0	0	0	0	0	1	0	0
ECNIH2_25650|ECNIH2_25665|ECNIH2_25670|ECNIH2_25675|ECNIH2_25680	5334	NA	5	34.5	no	0	0	0	0	0	0	0	0
ECNIH2_25390|ECNIH2_25395|ECNIH2_25400|ECNIH2_25405|ECNIH2_25410	5253	NA	5	19.4	no	0	0	0	0	0	0	0	0
ECNIH2_26570|ECNIH2_26575|ECNIH2_26580|ECNIH2_26585|ECNIH2_26590	5190	NA	5	-14.3	no	0	0	0	0	0	0	0	0
ECNIH2_25515|ECNIH2_25520|ECNIH2_25525|ECNIH2_25530|ECNIH2_25535	5163	NA	5	-5.8	no	0	0	0	0	0	0	0	1
ECNIH2_25665|ECNIH2_25670|ECNIH2_25675|ECNIH2_25680|ECNIH2_25685	5136	NA	5	33.6	no	0	0	0	0	0	0	0	0
ECNIH2_25365|ECNIH2_25370|ECNIH2_25375|ECNIH2_25385|ECNIH2_25390	5112	NA	5	2.0	no	0	0	0	0	0	0	0	0
ECNIH2_25885|ECNIH2_25890|ECNIH2_25895|ECNIH2_25900|ECNIH2_25905	5073	NA	5	3.5	no	0	0	0	0	0	1	0	0
ECNIH2_25520|ECNIH2_25525|ECNIH2_25530|ECNIH2_25535|ECNIH2_25540	5013	NA	5	-9.3	no	0	0	0	0	0	0	0	1
ECNIH2_25930|ECNIH2_25935|ECNIH2_25940|ECNIH2_25945|ECNIH2_25950	4977	NA	5	25.8	no	0	0	0	0	0	0	0	0
ECNIH2_26020|ECNIH2_26025|ECNIH2_26030|ECNIH2_26035|ECNIH2_26040	4965	NA	5	3.3	no	0	0	0	0	0	0	0	0
ECNIH2_25405|ECNIH2_25410|ECNIH2_25415|ECNIH2_25420|ECNIH2_25425	4908	NA	5	36.1	no	0	0	0	0	0	0	0	0
ECNIH2_25400|ECNIH2_25405|ECNIH2_25410|ECNIH2_25415|ECNIH2_25420	4893	NA	5	26.7	no	0	0	0	0	0	0	0	0
ECNIH2_25340|ECNIH2_25345|ECNIH2_25350|ECNIH2_25355|ECNIH2_25360	4887	NA	5	35.4	no	0	0	0	0	0	0	0	0
ECNIH2_25460|ECNIH2_25465|ECNIH2_25470|ECNIH2_25475|ECNIH2_25480	4869	NA	5	25.7	no	0	0	0	0	0	0	0	0
ECNIH2_25345|ECNIH2_25350|ECNIH2_25355|ECNIH2_25360|ECNIH2_25365	4866	NA	5	28.4	no	0	0	0	0	0	0	0	0
ECNIH2_26505|ECNIH2_26510|ECNIH2_26515|ECNIH2_26520|ECNIH2_26525	4851	NA	5	24.6	no	0	0	0	0	0	0	0	0
ECNIH2_25890|ECNIH2_25895|ECNIH2_25900|ECNIH2_25905|ECNIH2_25910	4803	NA	5	3.4	no	0	0	0	0	0	1	0	0
ECNIH2_26015|ECNIH2_26020|ECNIH2_26025|ECNIH2_26030|ECNIH2_26035	4776	NA	5	5.2	no	0	0	0	0	0	0	0	0
ECNIH2_25530|ECNIH2_25535|ECNIH2_25540|ECNIH2_25545|ECNIH2_25550	4716	NA	5	-1.8	no	0	0	0	0	0	0	0	0
ECNIH2_26320|ECNIH2_26325|ECNIH2_26330|ECNIH2_26335|ECNIH2_26340	4683	NA	5	10.4	no	0	0	0	0	0	0	0	0
ECNIH2_25935|ECNIH2_25940|ECNIH2_25945|ECNIH2_25950|ECNIH2_25955	4674	NA	5	25.7	no	0	0	0	0	0	0	0	0
ECNIH2_26510|ECNIH2_26515|ECNIH2_26520|ECNIH2_26525|ECNIH2_26530	4674	NA	5	25.5	no	0	0	0	0	0	0	0	0
ECNIH2_26005|ECNIH2_26010|ECNIH2_26015|ECNIH2_26020|ECNIH2_26025	4644	NA	5	8.9	no	0	0	0	0	0	0	0	0
ECNIH2_25525|ECNIH2_25530|ECNIH2_25535|ECNIH2_25540|ECNIH2_25545	4638	NA	5	-1.7	no	0	0	0	0	0	0	0	1
ECNIH2_25410|ECNIH2_25415|ECNIH2_25420|ECNIH2_25425|ECNIH2_25430	4632	NA	5	36.2	no	0	0	0	0	0	0	0	0
ECNIH2_25485|ECNIH2_25490|ECNIH2_25495|ECNIH2_25500|ECNIH2_25505	4599	NA	5	20.7	no	0	0	0	0	0	0	0	0
ECNIH2_25605|ECNIH2_25610|ECNIH2_25615|ECNIH2_25620|ECNIH2_25625	4575	NA	5	20.2	no	0	0	0	0	0	0	0	0
ECNIH2_25245|ECNIH2_25250|ECNIH2_25255|ECNIH2_25260|ECNIH2_25265	4566	NA	5	28.8	no	0	0	0	0	0	0	0	0
ECNIH2_25215|ECNIH2_25220|ECNIH2_25225|ECNIH2_25230|ECNIH2_25235	4506	NA	5	19.5	no	0	0	0	0	1	0	0	0
ECNIH2_26620|ECNIH2_26625|ECNIH2_26630|ECNIH2_26635|ECNIH2_26640	4492	NA	5	-20.1	no	0	0	0	0	0	0	0	0
ECNIH2_25510|ECNIH2_25515|ECNIH2_25520|ECNIH2_25525|ECNIH2_25530	4488	NA	5	-5.8	no	0	0	0	0	0	0	0	1
ECNIH2_26515|ECNIH2_26520|ECNIH2_26525|ECNIH2_26530|ECNIH2_26535	4485	NA	5	26.3	no	0	0	0	0	0	0	0	0
ECNIH2_25945|ECNIH2_25950|ECNIH2_25955|ECNIH2_25960|ECNIH2_25965	4476	NA	5	24.5	no	0	0	0	0	0	0	0	0
ECNIH2_25370|ECNIH2_25375|ECNIH2_25385|ECNIH2_25390|ECNIH2_25395	4470	NA	5	2.0	no	0	0	0	0	0	0	0	0
ECNIH2_25375|ECNIH2_25385|ECNIH2_25390|ECNIH2_25395|ECNIH2_25400	4470	NA	5	12.2	no	0	0	0	0	0	0	0	0
ECNIH2_25645|ECNIH2_25650|ECNIH2_25665|ECNIH2_25670|ECNIH2_25675	4464	NA	5	36.0	no	0	0	0	0	0	0	0	0
ECNIH2_25535|ECNIH2_25540|ECNIH2_25545|ECNIH2_25550|ECNIH2_25555	4398	NA	5	-1.7	no	0	0	0	0	0	0	0	0
ECNIH2_26025|ECNIH2_26030|ECNIH2_26035|ECNIH2_26040|ECNIH2_26045	4377	NA	5	-0.2	no	0	0	0	0	0	1	0	0
ECNIH2_26030|ECNIH2_26035|ECNIH2_26040|ECNIH2_26045|ECNIH2_26050	4377	NA	5	-1.9	no	0	0	0	0	0	1	0	0
ECNIH2_25670|ECNIH2_25675|ECNIH2_25680|ECNIH2_25685|ECNIH2_25690	4368	NA	5	19.6	no	0	0	0	0	0	1	0	1
ECNIH2_25940|ECNIH2_25945|ECNIH2_25950|ECNIH2_25955|ECNIH2_25960	4365	NA	5	28.4	no	0	0	0	0	0	0	0	0
ECNIH2_26565|ECNIH2_26570|ECNIH2_26575|ECNIH2_26580|ECNIH2_26585	4365	NA	5	-14.7	no	0	0	0	0	0	0	0	0
ECNIH2_25505|ECNIH2_25510|ECNIH2_25515|ECNIH2_25520|ECNIH2_25525	4353	NA	5	-0.6	no	0	0	0	0	0	0	0	1
ECNIH2_25250|ECNIH2_25255|ECNIH2_25260|ECNIH2_25265|ECNIH2_25275	4350	NA	5	28.7	no	0	0	0	0	0	0	0	0
ECNIH2_25990|ECNIH2_25995|ECNIH2_26000|ECNIH2_26005|ECNIH2_26010	4344	NA	5	8.5	no	0	0	0	0	0	1	0	0
ECNIH2_25455|ECNIH2_25460|ECNIH2_25465|ECNIH2_25470|ECNIH2_25475	4332	NA	5	28.7	no	0	0	0	0	0	0	0	0
ECNIH2_25600|ECNIH2_25605|ECNIH2_25610|ECNIH2_25615|ECNIH2_25620	4332	NA	5	18.3	no	0	0	0	0	0	0	0	0
ECNIH2_25800|ECNIH2_25805|ECNIH2_25810|ECNIH2_25815|ECNIH2_25820	4326	NA	4	17.3	no	0	0	0	0	0	1	0	0
ECNIH2_25770|ECNIH2_25775|ECNIH2_25780|ECNIH2_25785|ECNIH2_25790	4317	NA	5	39.6	no	0	0	0	0	0	1	0	0
ECNIH2_26315|ECNIH2_26320|ECNIH2_26325|ECNIH2_26330|ECNIH2_26335	4317	NA	5	-1.0	no	0	0	0	0	0	0	0	0
ECNIH2_25675|ECNIH2_25680|ECNIH2_25685|ECNIH2_25690|ECNIH2_25695	4299	NA	5	23.1	no	0	0	0	0	0	2	0	1
ECNIH2_25985|ECNIH2_25990|ECNIH2_25995|ECNIH2_26000|ECNIH2_26005	4299	NA	5	9.6	no	0	0	0	0	0	1	0	0
ECNIH2_25540|ECNIH2_25545|ECNIH2_25550|ECNIH2_25555|ECNIH2_25560	4296	NA	5	-1.8	no	0	0	0	0	0	0	0	0
ECNIH2_25265|ECNIH2_25275|ECNIH2_25280|ECNIH2_25285|ECNIH2_25290	4287	NA	5	0.7	no	0	0	0	0	0	0	0	0
ECNIH2_26450|ECNIH2_26455|ECNIH2_26460|ECNIH2_26465|ECNIH2_26475	4245	NA	5	1.9	no	0	0	0	0	0	0	0	0
ECNIH2_25875|ECNIH2_25885|ECNIH2_25890|ECNIH2_25895|ECNIH2_25900	4227	NA	5	2.7	no	0	0	0	0	0	1	0	0
ECNIH2_26600|ECNIH2_26605|ECNIH2_26610|ECNIH2_26620|ECNIH2_26625	4225	NA	5	-0.8	no	0	0	0	0	0	0	0	0
ECNIH2_25260|ECNIH2_25265|ECNIH2_25275|ECNIH2_25280|ECNIH2_25285	4200	NA	5	20.6	no	0	0	0	0	0	0	0	0
ECNIH2_26035|ECNIH2_26040|ECNIH2_26045|ECNIH2_26050|ECNIH2_26055	4194	NA	5	-1.9	no	0	0	0	0	0	1	0	0
ECNIH2_25205|ECNIH2_25210|ECNIH2_25215|ECNIH2_25220|ECNIH2_25225	4191	NA	4	15.8	no	0	0	0	0	1	0	0	0
ECNIH2_25395|ECNIH2_25400|ECNIH2_25405|ECNIH2_25410|ECNIH2_25415	4182	NA	5	19.5	no	0	0	0	0	0	0	0	0
ECNIH2_26045|ECNIH2_26050|ECNIH2_26055|ECNIH2_26060|ECNIH2_26065	4179	NA	5	-3.6	no	0	0	0	0	0	1	0	0
ECNIH2_25620|ECNIH2_25625|ECNIH2_25630|ECNIH2_25635|ECNIH2_25640	4164	NA	4	14.6	no	0	0	0	0	0	0	0	0
ECNIH2_26000|ECNIH2_26005|ECNIH2_26010|ECNIH2_26015|ECNIH2_26020	4146	NA	5	11.0	no	0	0	0	0	0	1	0	0
ECNIH2_25870|ECNIH2_25875|ECNIH2_25885|ECNIH2_25890|ECNIH2_25895	4143	NA	5	9.4	no	0	0	0	0	0	2	0	0
ECNIH2_26610|ECNIH2_26620|ECNIH2_26625|ECNIH2_26630|ECNIH2_26635	4126	NA	5	-5.6	no	0	0	0	0	0	0	0	0
ECNIH2_26605|ECNIH2_26610|ECNIH2_26620|ECNIH2_26625|ECNIH2_26630	4108	NA	5	-7.7	no	0	0	0	0	0	0	0	0
ECNIH2_25900|ECNIH2_25905|ECNIH2_25910|ECNIH2_25915|ECNIH2_25920	4095	NA	5	-98.0	no	0	0	0	0	0	0	0	0
ECNIH2_25360|ECNIH2_25365|ECNIH2_25370|ECNIH2_25375|ECNIH2_25385	4083	NA	5	1.8	no	0	0	0	0	0	0	0	0
ECNIH2_25200|ECNIH2_25205|ECNIH2_25210|ECNIH2_25215|ECNIH2_25220	4056	NA	4	27.4	no	0	0	0	0	1	0	0	0
ECNIH2_26210|ECNIH2_26215|ECNIH2_26220|ECNIH2_26225|ECNIH2_26230	4041	NA	5	23.4	no	0	0	0	0	1	0	0	1
ECNIH2_26325|ECNIH2_26330|ECNIH2_26335|ECNIH2_26340|ECNIH2_26345	4041	NA	5	15.6	no	0	0	0	0	0	0	0	0
ECNIH2_25415|ECNIH2_25420|ECNIH2_25425|ECNIH2_25430|ECNIH2_25435	4029	NA	5	36.2	no	0	0	0	0	0	0	0	0
ECNIH2_25590|ECNIH2_25600|ECNIH2_25605|ECNIH2_25610|ECNIH2_25615	4017	NA	5	22.3	no	0	0	0	0	0	0	0	1
ECNIH2_25350|ECNIH2_25355|ECNIH2_25360|ECNIH2_25365|ECNIH2_25370	4005	NA	5	8.7	no	0	0	0	0	0	0	0	0
ECNIH2_26170|ECNIH2_26175|ECNIH2_26180|ECNIH2_26185|ECNIH2_26190	4005	NA	5	22.7	no	0	0	0	0	1	0	0	0
ECNIH2_25195|ECNIH2_25200|ECNIH2_25205|ECNIH2_25210|ECNIH2_25215	3990	NA	4	18.3	no	0	0	0	0	1	0	0	0
ECNIH2_25905|ECNIH2_25910|ECNIH2_25915|ECNIH2_25920|ECNIH2_25930	3990	NA	5	-92.5	no	0	0	0	0	0	0	0	0
ECNIH2_26100|ECNIH2_26105|ECNIH2_26110|ECNIH2_26115|ECNIH2_26120	3990	NA	5	15.8	no	0	0	0	0	0	0	0	0
ECNIH2_26010|ECNIH2_26015|ECNIH2_26020|ECNIH2_26025|ECNIH2_26030	3939	NA	5	7.0	no	0	0	0	0	0	0	0	0
ECNIH2_25610|ECNIH2_25615|ECNIH2_25620|ECNIH2_25625|ECNIH2_25630	3924	NA	5	17.5	no	0	0	0	0	0	0	0	0
ECNIH2_25500|ECNIH2_25505|ECNIH2_25510|ECNIH2_25515|ECNIH2_25520	3915	NA	5	4.7	no	0	0	0	0	0	0	0	0
ECNIH2_25555|ECNIH2_25560|ECNIH2_25565|ECNIH2_25570|ECNIH2_25575	3894	NA	5	-1.1	no	0	0	0	0	0	0	0	0
ECNIH2_25560|ECNIH2_25565|ECNIH2_25570|ECNIH2_25575|ECNIH2_25580	3894	NA	5	2.3	no	0	0	0	0	0	0	0	0
ECNIH2_25910|ECNIH2_25915|ECNIH2_25920|ECNIH2_25930|ECNIH2_25935	3849	NA	5	-93.3	no	0	0	0	0	0	0	0	0
ECNIH2_25920|ECNIH2_25930|ECNIH2_25935|ECNIH2_25940|ECNIH2_25945	3822	NA	5	-80.6	no	0	0	0	0	0	0	0	0
ECNIH2_25545|ECNIH2_25550|ECNIH2_25555|ECNIH2_25560|ECNIH2_25565	3816	NA	5	2.8	no	0	0	0	0	0	0	0	1
ECNIH2_25585|ECNIH2_25590|ECNIH2_25600|ECNIH2_25605|ECNIH2_25610	3816	NA	5	22.7	no	0	0	0	0	0	0	0	1
ECNIH2_25550|ECNIH2_25555|ECNIH2_25560|ECNIH2_25565|ECNIH2_25570	3810	NA	5	-4.8	no	0	0	0	0	0	0	0	0
ECNIH2_25255|ECNIH2_25260|ECNIH2_25265|ECNIH2_25275|ECNIH2_25280	3798	NA	5	29.9	no	0	0	0	0	0	0	0	0
ECNIH2_25275|ECNIH2_25280|ECNIH2_25285|ECNIH2_25290|ECNIH2_25295	3792	NA	5	0.9	no	0	0	0	0	0	0	0	0
ECNIH2_26330|ECNIH2_26335|ECNIH2_26340|ECNIH2_26345|ECNIH2_26355	3780	NA	5	21.0	no	0	0	0	0	0	0	0	0
ECNIH2_25210|ECNIH2_25215|ECNIH2_25220|ECNIH2_25225|ECNIH2_25230	3777	NA	4	15.4	no	0	0	0	0	1	0	0	0
ECNIH2_25625|ECNIH2_25630|ECNIH2_25635|ECNIH2_25640|ECNIH2_25645	3714	NA	4	18.1	no	0	0	0	0	0	0	0	0
ECNIH2_25450|ECNIH2_25455|ECNIH2_25460|ECNIH2_25465|ECNIH2_25470	3696	NA	6	18.2	no	0	0	0	0	0	0	0	0
ECNIH2_26445|ECNIH2_26450|ECNIH2_26455|ECNIH2_26460|ECNIH2_26465	3693	NA	5	5.3	no	0	0	0	0	0	0	0	0
ECNIH2_26400|ECNIH2_26405|ECNIH2_26410|ECNIH2_26415|ECNIH2_26420	3690	NA	5	10.9	no	0	0	0	0	0	0	0	0
ECNIH2_25420|ECNIH2_25425|ECNIH2_25430|ECNIH2_25435|ECNIH2_25440	3684	NA	5	28.9	no	0	0	0	0	0	0	0	0
ECNIH2_26050|ECNIH2_26055|ECNIH2_26060|ECNIH2_26065|ECNIH2_26070	3681	NA	5	-1.0	no	0	0	0	0	0	0	0	0
ECNIH2_26040|ECNIH2_26045|ECNIH2_26050|ECNIH2_26055|ECNIH2_26060	3669	NA	5	-2.7	no	0	0	0	0	0	1	0	0
ECNIH2_25630|ECNIH2_25635|ECNIH2_25640|ECNIH2_25645|ECNIH2_25650	3627	NA	4	22.4	no	0	0	0	0	0	0	0	0
ECNIH2_26650|ECNIH2_26655|ECNIH2_26660|ECNIH2_26665|ECNIH2_25180	3621	NA	5	35.5	no	1	0	0	0	0	0	0	0
ECNIH2_26105|ECNIH2_26110|ECNIH2_26115|ECNIH2_26120|ECNIH2_26125	3621	NA	5	21.5	no	0	0	0	0	0	0	0	0
ECNIH2_25915|ECNIH2_25920|ECNIH2_25930|ECNIH2_25935|ECNIH2_25940	3618	NA	5	-86.9	no	0	0	0	0	0	0	0	0
ECNIH2_25495|ECNIH2_25500|ECNIH2_25505|ECNIH2_25510|ECNIH2_25515	3597	NA	5	10.1	no	0	0	0	0	0	0	0	0
ECNIH2_25680|ECNIH2_25685|ECNIH2_25690|ECNIH2_25695|ECNIH2_25700	3579	NA	5	25.7	no	0	0	0	0	0	3	0	0
ECNIH2_25995|ECNIH2_26000|ECNIH2_26005|ECNIH2_26010|ECNIH2_26015	3570	NA	5	9.3	no	0	0	0	0	0	1	0	0
ECNIH2_26520|ECNIH2_26525|ECNIH2_26530|ECNIH2_26535|ECNIH2_26540	3561	NA	5	23.5	no	0	0	0	0	0	0	0	0
ECNIH2_26465|ECNIH2_26475|ECNIH2_26480|ECNIH2_26485|ECNIH2_26490	3546	NA	5	15.7	no	0	0	0	0	0	0	0	0
ECNIH2_26110|ECNIH2_26115|ECNIH2_26120|ECNIH2_26125|ECNIH2_26130	3540	NA	5	27.6	no	0	0	0	0	0	0	0	0
ECNIH2_26635|ECNIH2_26640|ECNIH2_26645|ECNIH2_26650|ECNIH2_26655	3525	NA	5	-20.3	no	0	0	0	0	0	0	0	0
ECNIH2_26525|ECNIH2_26530|ECNIH2_26535|ECNIH2_26540|ECNIH2_26545	3522	NA	5	20.6	no	0	0	0	0	0	0	0	0
ECNIH2_26095|ECNIH2_26100|ECNIH2_26105|ECNIH2_26110|ECNIH2_26115	3498	NA	5	10.2	no	0	0	0	0	0	0	0	0
ECNIH2_26115|ECNIH2_26120|ECNIH2_26125|ECNIH2_26130|ECNIH2_26135	3498	NA	5	27.7	no	0	0	0	0	0	0	0	0
ECNIH2_26625|ECNIH2_26630|ECNIH2_26635|ECNIH2_26640|ECNIH2_26645	3468	NA	5	-47.2	no	0	0	0	0	0	0	0	0
ECNIH2_25440|ECNIH2_25445|ECNIH2_25450|ECNIH2_25455|ECNIH2_25460	3444	NA	6	18.4	no	0	0	0	0	0	0	0	0
ECNIH2_25490|ECNIH2_25495|ECNIH2_25500|ECNIH2_25505|ECNIH2_25510	3429	NA	5	15.7	no	0	0	0	0	0	0	0	0
ECNIH2_26140|ECNIH2_26145|ECNIH2_26150|ECNIH2_26155|ECNIH2_26160	3417	NA	5	19.3	no	0	0	0	0	0	0	0	0
ECNIH2_25950|ECNIH2_25955|ECNIH2_25960|ECNIH2_25965|ECNIH2_25970	3414	NA	5	20.7	no	0	0	0	0	0	0	0	0
ECNIH2_26270|ECNIH2_26280|ECNIH2_26285|ECNIH2_26290|ECNIH2_26300	3405	NA	5	25.9	no	0	0	0	0	0	0	0	0
ECNIH2_25640|ECNIH2_25645|ECNIH2_25650|ECNIH2_25665|ECNIH2_25670	3384	NA	5	37.8	no	0	0	0	0	0	0	0	0
ECNIH2_25850|ECNIH2_25855|ECNIH2_25860|ECNIH2_25865|ECNIH2_25870	3369	NA	5	29.4	no	0	0	0	0	0	4	0	0
ECNIH2_26265|ECNIH2_26270|ECNIH2_26280|ECNIH2_26285|ECNIH2_26290	3366	NA	5	29.0	no	0	0	0	0	0	0	0	0
ECNIH2_26390|ECNIH2_26395|ECNIH2_26400|ECNIH2_26405|ECNIH2_26410	3342	NA	5	11.4	no	0	0	0	0	0	0	0	1
ECNIH2_25355|ECNIH2_25360|ECNIH2_25365|ECNIH2_25370|ECNIH2_25375	3333	NA	5	1.6	no	0	0	0	0	0	0	0	0
ECNIH2_26060|ECNIH2_26065|ECNIH2_26070|ECNIH2_26075|ECNIH2_26080	3333	NA	5	6.6	no	0	0	0	0	0	0	0	0
ECNIH2_26175|ECNIH2_26180|ECNIH2_26185|ECNIH2_26190|ECNIH2_26195	3327	NA	5	22.9	no	0	0	0	0	1	0	0	0
ECNIH2_26630|ECNIH2_26635|ECNIH2_26640|ECNIH2_26645|ECNIH2_26650	3318	NA	5	-27.5	no	0	0	0	0	0	0	0	0
ECNIH2_26260|ECNIH2_26265|ECNIH2_26270|ECNIH2_26280|ECNIH2_26285	3312	NA	5	26.0	no	0	0	0	0	0	0	0	0
ECNIH2_26395|ECNIH2_26400|ECNIH2_26405|ECNIH2_26410|ECNIH2_26415	3309	NA	5	8.7	no	0	0	0	0	0	0	0	1
ECNIH2_26135|ECNIH2_26140|ECNIH2_26145|ECNIH2_26150|ECNIH2_26155	3303	NA	5	22.1	no	0	0	0	0	0	0	0	0
ECNIH2_25425|ECNIH2_25430|ECNIH2_25435|ECNIH2_25440|ECNIH2_25445	3300	NA	5	29.1	no	0	0	0	0	0	0	0	0
ECNIH2_25580|ECNIH2_25585|ECNIH2_25590|ECNIH2_25600|ECNIH2_25605	3285	NA	5	20.2	no	0	0	0	0	0	0	0	0
ECNIH2_25285|ECNIH2_25290|ECNIH2_25295|ECNIH2_25300|ECNIH2_25305	3282	NA	5	7.0	no	0	0	0	0	0	0	0	0
ECNIH2_25765|ECNIH2_25770|ECNIH2_25775|ECNIH2_25780|ECNIH2_25785	3267	NA	5	38.7	no	0	0	0	0	0	1	0	0
ECNIH2_26310|ECNIH2_26315|ECNIH2_26320|ECNIH2_26325|ECNIH2_26330	3264	NA	5	-9.1	no	0	0	0	0	0	0	0	0
ECNIH2_25635|ECNIH2_25640|ECNIH2_25645|ECNIH2_25650|ECNIH2_25665	3243	NA	4	42.8	no	0	0	0	0	0	0	0	0
ECNIH2_25615|ECNIH2_25620|ECNIH2_25625|ECNIH2_25630|ECNIH2_25635	3231	NA	4	16.0	no	0	0	0	0	0	0	0	0
ECNIH2_26475|ECNIH2_26480|ECNIH2_26485|ECNIH2_26490|ECNIH2_26495	3231	NA	5	20.4	no	0	0	0	0	0	0	0	0
ECNIH2_26215|ECNIH2_26220|ECNIH2_26225|ECNIH2_26230|ECNIH2_26235	3216	NA	5	23.6	no	0	0	0	0	1	0	0	1
ECNIH2_25700|ECNIH2_25705|ECNIH2_25710|ECNIH2_25715|ECNIH2_25720	3210	NA	3	21.1	no	0	0	0	0	0	3	0	0
ECNIH2_25980|ECNIH2_25985|ECNIH2_25990|ECNIH2_25995|ECNIH2_26000	3207	NA	5	10.3	no	0	0	0	0	0	1	0	0
ECNIH2_25280|ECNIH2_25285|ECNIH2_25290|ECNIH2_25295|ECNIH2_25300	3180	NA	5	0.9	no	0	0	0	0	0	0	0	0
ECNIH2_26255|ECNIH2_26260|ECNIH2_26265|ECNIH2_26270|ECNIH2_26280	3147	NA	5	26.1	no	0	0	0	0	0	0	0	0
ECNIH2_25695|ECNIH2_25700|ECNIH2_25705|ECNIH2_25710|ECNIH2_25715	3120	NA	5	33.2	no	0	0	0	0	0	4	0	0
ECNIH2_25845|ECNIH2_25850|ECNIH2_25855|ECNIH2_25860|ECNIH2_25865	3105	NA	5	21.9	no	0	0	0	0	0	3	0	0
ECNIH2_25835|ECNIH2_25840|ECNIH2_25845|ECNIH2_25850|ECNIH2_25855	3081	NA	4	14.5	no	0	0	0	0	0	1	0	0
ECNIH2_26440|ECNIH2_26445|ECNIH2_26450|ECNIH2_26455|ECNIH2_26460	3081	NA	5	13.5	no	0	0	0	0	0	0	0	0
ECNIH2_26055|ECNIH2_26060|ECNIH2_26065|ECNIH2_26070|ECNIH2_26075	3063	NA	5	4.0	no	0	0	0	0	0	0	0	0
ECNIH2_25445|ECNIH2_25450|ECNIH2_25455|ECNIH2_25460|ECNIH2_25465	3057	NA	6	18.4	no	0	0	0	0	0	0	0	0
ECNIH2_26655|ECNIH2_26660|ECNIH2_26665|ECNIH2_25180|ECNIH2_25185	3048	NA	5	35.4	no	1	0	0	0	0	0	0	0
ECNIH2_25565|ECNIH2_25570|ECNIH2_25575|ECNIH2_25580|ECNIH2_25585	3045	NA	5	10.2	no	0	0	0	0	0	0	0	0
ECNIH2_25975|ECNIH2_25980|ECNIH2_25985|ECNIH2_25990|ECNIH2_25995	3036	NA	5	14.6	no	0	0	0	0	0	0	0	0
ECNIH2_26455|ECNIH2_26460|ECNIH2_26465|ECNIH2_26475|ECNIH2_26480	3036	NA	5	6.1	no	0	0	0	0	0	0	0	0
ECNIH2_25860|ECNIH2_25865|ECNIH2_25870|ECNIH2_25875|ECNIH2_25885	3027	NA	5	18.2	no	0	0	0	0	0	3	0	0
ECNIH2_26460|ECNIH2_26465|ECNIH2_26475|ECNIH2_26480|ECNIH2_26485	3027	NA	5	9.6	no	0	0	0	0	0	0	0	0
ECNIH2_26645|ECNIH2_26650|ECNIH2_26655|ECNIH2_26660|ECNIH2_26665	3024	NA	5	1.4	no	0	0	0	0	0	0	0	0
ECNIH2_26405|ECNIH2_26410|ECNIH2_26415|ECNIH2_26420|ECNIH2_26430	3018	NA	4	4.1	no	0	0	0	0	0	0	0	0
ECNIH2_25840|ECNIH2_25845|ECNIH2_25850|ECNIH2_25855|ECNIH2_25860	3009	NA	4	17.3	no	0	0	0	0	0	2	0	0
ECNIH2_25690|ECNIH2_25695|ECNIH2_25700|ECNIH2_25705|ECNIH2_25710	2991	NA	5	32.5	no	0	0	0	0	0	5	0	0
ECNIH2_25190|ECNIH2_25195|ECNIH2_25200|ECNIH2_25205|ECNIH2_25210	2988	NA	4	27.1	no	0	0	0	0	0	0	0	1
ECNIH2_26120|ECNIH2_26125|ECNIH2_26130|ECNIH2_26135|ECNIH2_26140	2988	NA	5	27.8	no	0	0	0	0	0	0	0	0
ECNIH2_25185|ECNIH2_25190|ECNIH2_25195|ECNIH2_25200|ECNIH2_25205	2967	NA	5	28.7	no	0	0	0	0	0	0	0	1
ECNIH2_25685|ECNIH2_25690|ECNIH2_25695|ECNIH2_25700|ECNIH2_25705	2928	NA	5	28.7	no	0	0	0	0	0	4	0	0
ECNIH2_26490|ECNIH2_26495|ECNIH2_26500|ECNIH2_26505|ECNIH2_26510	2925	NA	5	20.5	no	0	0	0	0	0	0	0	0
ECNIH2_26550|ECNIH2_26555|ECNIH2_26560|ECNIH2_26565|ECNIH2_26570	2904	NA	5	30.1	no	0	0	0	0	0	0	0	0
ECNIH2_26065|ECNIH2_26070|ECNIH2_26075|ECNIH2_26080|ECNIH2_26085	2877	NA	5	7.5	no	0	0	0	0	0	0	0	0
ECNIH2_25865|ECNIH2_25870|ECNIH2_25875|ECNIH2_25885|ECNIH2_25890	2871	NA	5	16.6	no	0	0	0	0	0	2	0	0
ECNIH2_26485|ECNIH2_26490|ECNIH2_26495|ECNIH2_26500|ECNIH2_26505	2868	NA	5	20.4	no	0	0	0	0	0	0	0	0
ECNIH2_25855|ECNIH2_25860|ECNIH2_25865|ECNIH2_25870|ECNIH2_25875	2856	NA	5	18.7	no	0	0	0	0	0	4	0	0
ECNIH2_26495|ECNIH2_26500|ECNIH2_26505|ECNIH2_26510|ECNIH2_26515	2856	NA	5	20.7	no	0	0	0	0	0	0	0	0
ECNIH2_26220|ECNIH2_26225|ECNIH2_26230|ECNIH2_26235|ECNIH2_26240	2853	NA	5	23.3	no	0	0	0	0	0	0	0	0
ECNIH2_26665|ECNIH2_25180|ECNIH2_25185|ECNIH2_25190|ECNIH2_25195	2835	NA	5	28.1	no	1	0	0	0	0	0	0	0
ECNIH2_25435|ECNIH2_25440|ECNIH2_25445|ECNIH2_25450|ECNIH2_25455	2814	NA	6	18.5	no	0	0	0	0	0	0	0	0
ECNIH2_25430|ECNIH2_25435|ECNIH2_25440|ECNIH2_25445|ECNIH2_25450	2808	NA	6	18.5	no	0	0	0	0	0	0	0	0
ECNIH2_25570|ECNIH2_25575|ECNIH2_25580|ECNIH2_25585|ECNIH2_25590	2808	NA	5	16.8	no	0	0	0	0	0	0	0	0
ECNIH2_26640|ECNIH2_26645|ECNIH2_26650|ECNIH2_26655|ECNIH2_26660	2784	NA	5	-13.1	no	0	0	0	0	0	0	0	0
ECNIH2_26385|ECNIH2_26390|ECNIH2_26395|ECNIH2_26400|ECNIH2_26405	2775	NA	4	12.2	no	0	0	0	0	0	0	0	0
ECNIH2_26545|ECNIH2_26550|ECNIH2_26555|ECNIH2_26560|ECNIH2_26565	2748	NA	5	27.0	no	0	0	0	0	0	0	0	0
ECNIH2_26335|ECNIH2_26340|ECNIH2_26345|ECNIH2_26355|ECNIH2_26360	2742	NA	5	27.1	no	0	0	0	0	0	0	0	0
ECNIH2_26540|ECNIH2_26545|ECNIH2_26550|ECNIH2_26555|ECNIH2_26560	2742	NA	5	23.7	no	0	0	0	0	0	0	0	0
ECNIH2_26250|ECNIH2_26255|ECNIH2_26260|ECNIH2_26265|ECNIH2_26270	2739	NA	5	26.1	no	0	0	0	0	0	0	0	0
ECNIH2_26125|ECNIH2_26130|ECNIH2_26135|ECNIH2_26140|ECNIH2_26145	2718	NA	5	27.7	no	0	0	0	0	0	0	0	0
ECNIH2_26500|ECNIH2_26505|ECNIH2_26510|ECNIH2_26515|ECNIH2_26520	2718	NA	5	24.5	no	0	0	0	0	0	0	0	0
ECNIH2_26560|ECNIH2_26565|ECNIH2_26570|ECNIH2_26575|ECNIH2_26580	2706	NA	5	-14.4	no	0	0	0	0	0	0	0	0
ECNIH2_26480|ECNIH2_26485|ECNIH2_26490|ECNIH2_26495|ECNIH2_26500	2697	NA	5	23.9	no	0	0	0	0	0	0	0	0
ECNIH2_26660|ECNIH2_26665|ECNIH2_25180|ECNIH2_25185|ECNIH2_25190	2685	NA	5	35.3	no	1	0	0	0	0	0	0	0
ECNIH2_26130|ECNIH2_26135|ECNIH2_26140|ECNIH2_26145|ECNIH2_26150	2664	NA	5	24.9	no	0	0	0	0	0	0	0	0
ECNIH2_26555|ECNIH2_26560|ECNIH2_26565|ECNIH2_26570|ECNIH2_26575	2658	NA	5	-0.4	no	0	0	0	0	0	0	0	0
ECNIH2_26090|ECNIH2_26095|ECNIH2_26100|ECNIH2_26105|ECNIH2_26110	2646	NA	5	10.9	no	0	0	0	0	0	0	0	0
ECNIH2_25760|ECNIH2_25765|ECNIH2_25770|ECNIH2_25775|ECNIH2_25780	2595	NA	5	40.7	no	0	0	0	0	0	1	0	0
ECNIH2_25180|ECNIH2_25185|ECNIH2_25190|ECNIH2_25195|ECNIH2_25200	2571	NA	5	28.2	no	1	0	0	0	0	0	0	0
ECNIH2_26080|ECNIH2_26085|ECNIH2_26090|ECNIH2_26095|ECNIH2_26100	2556	NA	5	8.6	no	0	0	0	0	0	0	0	0
ECNIH2_26435|ECNIH2_26440|ECNIH2_26445|ECNIH2_26450|ECNIH2_26455	2544	NA	5	19.6	no	0	0	0	0	0	0	0	0
ECNIH2_26280|ECNIH2_26285|ECNIH2_26290|ECNIH2_26300|ECNIH2_26310	2508	NA	5	14.0	no	0	0	0	0	0	0	0	0
ECNIH2_25575|ECNIH2_25580|ECNIH2_25585|ECNIH2_25590|ECNIH2_25600	2487	NA	5	18.0	no	0	0	0	0	0	0	0	0
ECNIH2_25970|ECNIH2_25975|ECNIH2_25980|ECNIH2_25985|ECNIH2_25990	2466	NA	5	15.5	no	0	0	0	0	0	0	0	0
ECNIH2_25745|ECNIH2_25750|ECNIH2_25755|ECNIH2_25760|ECNIH2_25765	2460	NA	5	20.2	no	0	0	0	0	0	0	0	0
ECNIH2_26430|ECNIH2_26435|ECNIH2_26440|ECNIH2_26445|ECNIH2_26450	2436	NA	4	25.5	no	0	0	0	0	0	0	0	0
ECNIH2_26085|ECNIH2_26090|ECNIH2_26095|ECNIH2_26100|ECNIH2_26105	2388	NA	5	5.4	no	0	0	0	0	0	0	0	0
ECNIH2_26300|ECNIH2_26310|ECNIH2_26315|ECNIH2_26320|ECNIH2_26325	2346	NA	5	-6.6	no	0	0	0	0	0	0	0	0
ECNIH2_25755|ECNIH2_25760|ECNIH2_25765|ECNIH2_25770|ECNIH2_25775	2331	NA	5	34.4	no	0	0	0	0	0	1	0	0
ECNIH2_25735|ECNIH2_25740|ECNIH2_25745|ECNIH2_25750|ECNIH2_25755	2241	NA	5	16.7	no	0	0	0	0	0	0	0	0
ECNIH2_25955|ECNIH2_25960|ECNIH2_25965|ECNIH2_25970|ECNIH2_25975	2241	NA	5	20.5	no	0	0	0	0	0	0	0	0
ECNIH2_25720|ECNIH2_25730|ECNIH2_25735|ECNIH2_25740|ECNIH2_25745	2187	NA	5	17.7	no	0	0	0	0	0	1	0	0
ECNIH2_26535|ECNIH2_26540|ECNIH2_26545|ECNIH2_26550|ECNIH2_26555	2169	NA	5	20.5	no	0	0	0	0	0	0	0	0
ECNIH2_25730|ECNIH2_25735|ECNIH2_25740|ECNIH2_25745|ECNIH2_25750	2136	NA	5	14.2	no	0	0	0	0	0	0	0	0
ECNIH2_26290|ECNIH2_26300|ECNIH2_26310|ECNIH2_26315|ECNIH2_26320	2124	NA	5	-1.6	no	0	0	0	0	0	0	0	0
ECNIH2_26410|ECNIH2_26415|ECNIH2_26420|ECNIH2_26430|ECNIH2_26435	2100	NA	4	9.7	no	0	0	0	0	0	0	0	0
ECNIH2_25740|ECNIH2_25745|ECNIH2_25750|ECNIH2_25755|ECNIH2_25760	2052	NA	5	14.8	no	0	0	0	0	0	0	0	0
ECNIH2_26225|ECNIH2_26230|ECNIH2_26235|ECNIH2_26240|ECNIH2_26245	2040	NA	5	23.3	no	0	0	0	0	0	0	0	0
ECNIH2_26380|ECNIH2_26385|ECNIH2_26390|ECNIH2_26395|ECNIH2_26400	1974	NA	4	18.0	no	0	0	0	0	0	0	0	0
ECNIH2_26240|ECNIH2_26245|ECNIH2_26250|ECNIH2_26255|ECNIH2_26260	1941	NA	5	26.0	no	0	0	0	0	0	0	0	0
ECNIH2_26235|ECNIH2_26240|ECNIH2_26245|ECNIH2_26250|ECNIH2_26255	1929	NA	5	29.1	no	0	0	0	0	0	0	0	0
ECNIH2_25960|ECNIH2_25965|ECNIH2_25970|ECNIH2_25975|ECNIH2_25980	1923	NA	5	16.8	no	0	0	0	0	0	0	0	0
ECNIH2_26245|ECNIH2_26250|ECNIH2_26255|ECNIH2_26260|ECNIH2_26265	1923	NA	5	26.1	no	0	0	0	0	0	0	0	0
ECNIH2_26070|ECNIH2_26075|ECNIH2_26080|ECNIH2_26085|ECNIH2_26090	1881	NA	5	14.4	no	0	0	0	0	0	0	0	0
ECNIH2_26075|ECNIH2_26080|ECNIH2_26085|ECNIH2_26090|ECNIH2_26095	1881	NA	5	11.6	no	0	0	0	0	0	0	0	0
ECNIH2_25750|ECNIH2_25755|ECNIH2_25760|ECNIH2_25765|ECNIH2_25770	1875	NA	5	17.0	no	0	0	0	0	0	0	0	0
ECNIH2_26230|ECNIH2_26235|ECNIH2_26240|ECNIH2_26245|ECNIH2_26250	1845	NA	5	29.1	no	0	0	0	0	0	0	0	0
ECNIH2_26285|ECNIH2_26290|ECNIH2_26300|ECNIH2_26310|ECNIH2_26315	1803	NA	5	3.1	no	0	0	0	0	0	0	0	0
ECNIH2_25705|ECNIH2_25710|ECNIH2_25715|ECNIH2_25720|ECNIH2_25730	1713	NA	3	11.4	no	0	0	0	0	0	2	0	0
ECNIH2_25710|ECNIH2_25715|ECNIH2_25720|ECNIH2_25730|ECNIH2_25735	1713	NA	3	10.8	no	0	0	0	0	0	1	0	0
ECNIH2_25715|ECNIH2_25720|ECNIH2_25730|ECNIH2_25735|ECNIH2_25740	1695	NA	5	19.6	no	0	0	0	0	0	1	0	0
ECNIH2_26530|ECNIH2_26535|ECNIH2_26540|ECNIH2_26545|ECNIH2_26550	1656	NA	5	17.7	no	0	0	0	0	0	0	0	0
ECNIH2_26340|ECNIH2_26345|ECNIH2_26355|ECNIH2_26360|ECNIH2_26365	1626	NA	5	31.3	no	0	0	0	0	0	0	0	0
ECNIH2_26415|ECNIH2_26420|ECNIH2_26430|ECNIH2_26435|ECNIH2_26440	1626	NA	4	15.2	no	0	0	0	0	0	0	0	0
ECNIH2_26420|ECNIH2_26430|ECNIH2_26435|ECNIH2_26440|ECNIH2_26445	1578	NA	4	22.9	no	0	0	0	0	0	0	0	0
ECNIH2_26375|ECNIH2_26380|ECNIH2_26385|ECNIH2_26390|ECNIH2_26395	1572	NA	4	22.4	no	0	0	0	0	0	0	0	0
ECNIH2_26370|ECNIH2_26375|ECNIH2_26380|ECNIH2_26385|ECNIH2_26390	1548	NA	4	26.7	no	0	0	0	0	0	0	0	0
ECNIH2_26365|ECNIH2_26370|ECNIH2_26375|ECNIH2_26380|ECNIH2_26385	1452	NA	4	31.0	no	0	0	0	0	0	0	0	0
ECNIH2_26355|ECNIH2_26360|ECNIH2_26365|ECNIH2_26370|ECNIH2_26375	1434	NA	5	31.1	no	0	0	0	0	0	0	0	0
ECNIH2_26360|ECNIH2_26365|ECNIH2_26370|ECNIH2_26375|ECNIH2_26380	1434	NA	5	31.1	no	0	0	0	0	0	0	0	0
ECNIH2_25965|ECNIH2_25970|ECNIH2_25975|ECNIH2_25980|ECNIH2_25985	1302	NA	5	16.9	no	0	0	0	0	0	0	0	0
ECNIH2_26345|ECNIH2_26355|ECNIH2_26360|ECNIH2_26365|ECNIH2_26370	1224	NA	5	31.2	no	0	0	0	0	0	0	0	0
