ID	Length	Coverage	# ORFs	RDS	Circular	Inc Type(s)	# Replication	# Mobilization	# OriT	# Conjugation	# AMRs	# rRNAs	# Plasmid Hits
PMK1_ndm00178|PMK1_ndm00179|PMK1_ndm00180|PMK1_ndm00181|PMK1_ndm00182	10353	NA	5	15.8	no	0	0	0	0	1	0	0	0
PMK1_ndm00141|PMK1_ndm00142|PMK1_ndm00143|PMK1_ndm00144|PMK1_ndm00145	9477	NA	5	14.9	no	0	0	0	0	0	0	0	0
PMK1_ndm00139|PMK1_ndm00141|PMK1_ndm00142|PMK1_ndm00143|PMK1_ndm00144	8907	NA	5	14.4	no	0	0	0	0	0	0	0	0
PMK1_ndm00138|PMK1_ndm00139|PMK1_ndm00141|PMK1_ndm00142|PMK1_ndm00143	8316	NA	5	14.3	no	0	0	0	0	0	0	0	0
PMK1_ndm00316|PMK1_ndm00317|PMK1_ndm00318|PMK1_ndm00319|PMK1_ndm00320	8292	NA	4	7.4	no	0	0	0	0	0	0	0	0
PMK1_ndm00328|PMK1_ndm00329|PMK1_ndm00330|PMK1_ndm00331|PMK1_ndm00332	7986	NA	5	15.6	no	0	0	1	0	2	0	0	1
PMK1_ndm00177|PMK1_ndm00178|PMK1_ndm00179|PMK1_ndm00180|PMK1_ndm00181	7704	NA	5	21.2	no	0	0	0	0	0	0	0	0
PMK1_ndm00327|PMK1_ndm00328|PMK1_ndm00329|PMK1_ndm00330|PMK1_ndm00331	7638	NA	5	17.1	no	0	0	1	0	2	0	0	1
PMK1_ndm00326|PMK1_ndm00327|PMK1_ndm00328|PMK1_ndm00329|PMK1_ndm00330	7527	NA	5	13.4	no	0	0	1	0	1	0	0	1
PMK1_ndm00320|PMK1_ndm00321|PMK1_ndm00322|PMK1_ndm00323|PMK1_ndm00324	7512	NA	5	14.5	no	0	0	0	0	1	0	0	1
PMK1_ndm00142|PMK1_ndm00143|PMK1_ndm00144|PMK1_ndm00145|PMK1_ndm00146	7308	NA	4	14.9	no	0	0	0	0	0	0	0	0
PMK1_ndm00319|PMK1_ndm00320|PMK1_ndm00321|PMK1_ndm00322|PMK1_ndm00323	7293	NA	5	13.3	no	0	0	0	0	1	0	0	1
PMK1_ndm00325|PMK1_ndm00326|PMK1_ndm00327|PMK1_ndm00328|PMK1_ndm00329	7185	NA	5	16.5	no	0	0	1	0	1	0	0	1
PMK1_ndm00176|PMK1_ndm00177|PMK1_ndm00178|PMK1_ndm00179|PMK1_ndm00180	7071	NA	5	20.0	no	0	0	0	0	0	0	0	0
PMK1_ndm00318|PMK1_ndm00319|PMK1_ndm00320|PMK1_ndm00321|PMK1_ndm00322	7041	NA	4	13.4	no	0	0	0	0	1	0	0	1
PMK1_ndm00179|PMK1_ndm00180|PMK1_ndm00181|PMK1_ndm00182|PMK1_ndm00183	6960	NA	5	13.3	no	0	0	0	0	1	0	0	1
PMK1_ndm00108|PMK1_ndm00109|PMK1_ndm00110|PMK1_ndm00111|PMK1_ndm00112	6930	NA	5	13.9	no	1	0	0	0	0	0	0	0
PMK1_ndm00180|PMK1_ndm00181|PMK1_ndm00182|PMK1_ndm00183|PMK1_ndm00184	6828	NA	5	10.6	no	0	0	0	0	1	0	0	1
PMK1_ndm00213|PMK1_ndm00214|PMK1_ndm00215|PMK1_ndm00216|PMK1_ndm00217	6642	NA	5	34.1	no	1	0	0	0	0	0	0	0
PMK1_ndm00109|PMK1_ndm00110|PMK1_ndm00111|PMK1_ndm00112|PMK1_ndm00113	6594	NA	5	13.7	no	0	0	0	0	0	0	0	0
PMK1_ndm00312|PMK1_ndm00313|PMK1_ndm00314|PMK1_ndm00315|PMK1_ndm00316	6525	NA	5	-15.3	no	0	0	0	0	0	0	0	0
PMK1_ndm00174|PMK1_ndm00175|PMK1_ndm00176|PMK1_ndm00177|PMK1_ndm00178	6447	NA	5	20.0	no	0	0	0	0	0	0	0	0
PMK1_ndm00215|PMK1_ndm00216|PMK1_ndm00217|PMK1_ndm00218|PMK1_ndm00219	6435	NA	5	48.5	no	1	0	0	0	0	0	0	0
PMK1_ndm00317|PMK1_ndm00318|PMK1_ndm00319|PMK1_ndm00320|PMK1_ndm00321	6360	NA	4	8.6	no	0	0	0	0	0	0	0	1
PMK1_ndm00313|PMK1_ndm00314|PMK1_ndm00315|PMK1_ndm00316|PMK1_ndm00317	6234	NA	5	-4.3	no	0	0	0	0	0	0	0	0
PMK1_ndm00110|PMK1_ndm00111|PMK1_ndm00112|PMK1_ndm00113|PMK1_ndm00114	6192	NA	5	13.7	no	0	0	0	0	0	0	0	0
PMK1_ndm00314|PMK1_ndm00315|PMK1_ndm00316|PMK1_ndm00317|PMK1_ndm00318	6177	NA	4	-1.4	no	0	0	0	0	0	0	0	0
PMK1_ndm00175|PMK1_ndm00176|PMK1_ndm00177|PMK1_ndm00178|PMK1_ndm00179	6168	NA	5	20.4	no	0	0	0	0	0	0	0	0
PMK1_ndm00111|PMK1_ndm00112|PMK1_ndm00113|PMK1_ndm00114|PMK1_ndm00115	6156	NA	5	13.8	no	0	0	0	0	0	0	0	0
PMK1_ndm00166|PMK1_ndm00167|PMK1_ndm00168|PMK1_ndm00169|PMK1_ndm00170	6150	NA	5	15.2	no	0	0	0	0	2	0	0	0
PMK1_ndm00107|PMK1_ndm00108|PMK1_ndm00109|PMK1_ndm00110|PMK1_ndm00111	6147	NA	5	13.1	no	1	0	0	0	0	0	0	0
PMK1_ndm00214|PMK1_ndm00215|PMK1_ndm00216|PMK1_ndm00217|PMK1_ndm00218	6132	NA	5	37.8	no	1	0	0	0	0	0	0	0
PMK1_ndm00137|PMK1_ndm00138|PMK1_ndm00139|PMK1_ndm00141|PMK1_ndm00142	6087	NA	5	11.6	no	0	0	0	0	0	0	0	0
PMK1_ndm00216|PMK1_ndm00217|PMK1_ndm00218|PMK1_ndm00219|PMK1_ndm00220	6048	NA	5	53.0	no	0	0	0	0	0	1	0	0
PMK1_ndm00091|PMK1_ndm00092|PMK1_ndm00093|PMK1_ndm00094|PMK1_ndm00095	6042	NA	5	15.0	no	0	0	0	0	0	1	0	0
PMK1_ndm00070|PMK1_ndm00071|PMK1_ndm00072|PMK1_ndm00073|PMK1_ndm00074	6009	NA	4	16.1	no	0	0	0	0	0	0	0	0
PMK1_ndm00079|PMK1_ndm00080|PMK1_ndm00081|PMK1_ndm00082|PMK1_ndm00083	6009	NA	4	16.1	no	0	0	0	0	0	0	0	0
PMK1_ndm00088|PMK1_ndm00089|PMK1_ndm00090|PMK1_ndm00091|PMK1_ndm00092	6009	NA	4	16.1	no	0	0	0	0	0	0	0	0
PMK1_ndm00182|PMK1_ndm00183|PMK1_ndm00184|PMK1_ndm00185|PMK1_ndm00186	5988	NA	5	5.8	no	0	0	0	0	1	0	0	0
PMK1_ndm00073|PMK1_ndm00074|PMK1_ndm00075|PMK1_ndm00076|PMK1_ndm00077	5955	NA	5	20.6	no	0	0	0	0	0	1	0	0
PMK1_ndm00082|PMK1_ndm00083|PMK1_ndm00084|PMK1_ndm00085|PMK1_ndm00086	5955	NA	5	20.6	no	0	0	0	0	0	1	0	0
PMK1_ndm00181|PMK1_ndm00182|PMK1_ndm00183|PMK1_ndm00184|PMK1_ndm00185	5838	NA	5	8.7	no	0	0	0	0	1	0	0	0
PMK1_ndm00217|PMK1_ndm00218|PMK1_ndm00219|PMK1_ndm00220|PMK1_ndm00221	5823	NA	5	37.4	no	0	0	0	0	0	2	0	0
PMK1_ndm00329|PMK1_ndm00330|PMK1_ndm00331|PMK1_ndm00332|PMK1_ndm00333	5811	NA	5	16.7	no	0	0	0	0	2	0	0	1
PMK1_ndm00090|PMK1_ndm00091|PMK1_ndm00092|PMK1_ndm00093|PMK1_ndm00094	5718	NA	5	16.6	no	0	0	0	0	0	1	0	0
PMK1_ndm00072|PMK1_ndm00073|PMK1_ndm00074|PMK1_ndm00075|PMK1_ndm00076	5694	NA	5	20.7	no	0	0	0	0	0	1	0	0
PMK1_ndm00081|PMK1_ndm00082|PMK1_ndm00083|PMK1_ndm00084|PMK1_ndm00085	5694	NA	5	20.7	no	0	0	0	0	0	1	0	0
PMK1_ndm00195|PMK1_ndm00196|PMK1_ndm00197|PMK1_ndm00198|PMK1_ndm00199	5643	NA	5	15.4	no	0	0	0	0	0	0	0	0
PMK1_ndm00324|PMK1_ndm00325|PMK1_ndm00326|PMK1_ndm00327|PMK1_ndm00328	5583	NA	5	15.8	no	0	0	1	0	0	0	0	0
PMK1_ndm00240|PMK1_ndm00241|PMK1_ndm00242|PMK1_ndm00243|PMK1_ndm00244	5529	NA	5	19.6	no	0	0	0	0	0	1	0	0
PMK1_ndm00092|PMK1_ndm00093|PMK1_ndm00094|PMK1_ndm00095|PMK1_ndm00096	5490	NA	5	14.3	no	0	0	0	0	0	1	0	0
PMK1_ndm00143|PMK1_ndm00144|PMK1_ndm00145|PMK1_ndm00146|PMK1_ndm00147	5409	NA	4	11.6	no	0	0	0	0	0	0	0	0
PMK1_ndm00089|PMK1_ndm00090|PMK1_ndm00091|PMK1_ndm00092|PMK1_ndm00093	5364	NA	5	14.1	no	0	0	0	0	0	0	0	1
PMK1_ndm00267|PMK1_ndm00268|PMK1_ndm00269|PMK1_ndm00270|PMK1_ndm00271	5346	NA	5	32.3	no	0	0	0	0	0	0	0	0
PMK1_ndm00193|PMK1_ndm00194|PMK1_ndm00195|PMK1_ndm00196|PMK1_ndm00197	5343	NA	5	15.5	no	0	0	0	0	0	0	0	0
PMK1_ndm00264|PMK1_ndm00265|PMK1_ndm00266|PMK1_ndm00267|PMK1_ndm00268	5316	NA	5	12.4	no	0	0	0	0	0	0	0	0
PMK1_ndm00168|PMK1_ndm00169|PMK1_ndm00170|PMK1_ndm00171|PMK1_ndm00172	5232	NA	5	14.4	no	0	0	0	0	1	0	0	0
PMK1_ndm00194|PMK1_ndm00195|PMK1_ndm00196|PMK1_ndm00197|PMK1_ndm00198	5220	NA	5	14.5	no	0	0	0	0	0	0	0	0
PMK1_ndm00167|PMK1_ndm00168|PMK1_ndm00169|PMK1_ndm00170|PMK1_ndm00171	5196	NA	5	14.5	no	0	0	0	0	1	0	0	0
PMK1_ndm00239|PMK1_ndm00240|PMK1_ndm00241|PMK1_ndm00242|PMK1_ndm00243	5184	NA	5	-60.7	no	0	0	0	0	0	1	0	0
PMK1_ndm00274|PMK1_ndm00275|PMK1_ndm00276|PMK1_ndm00277|PMK1_ndm00278	5178	NA	5	33.8	no	0	0	0	0	0	0	0	1
PMK1_ndm00071|PMK1_ndm00072|PMK1_ndm00073|PMK1_ndm00074|PMK1_ndm00075	5172	NA	5	14.3	no	0	0	0	0	0	0	0	1
PMK1_ndm00080|PMK1_ndm00081|PMK1_ndm00082|PMK1_ndm00083|PMK1_ndm00084	5172	NA	5	14.3	no	0	0	0	0	0	0	0	1
PMK1_ndm00170|PMK1_ndm00171|PMK1_ndm00172|PMK1_ndm00173|PMK1_ndm00174	5157	NA	5	13.3	no	0	0	0	0	0	0	0	0
PMK1_ndm00050|PMK1_ndm00052|PMK1_ndm00053|PMK1_ndm00054|PMK1_ndm00055	5133	NA	5	7.2	no	0	0	0	0	0	1	0	0
PMK1_ndm00196|PMK1_ndm00197|PMK1_ndm00198|PMK1_ndm00199|PMK1_ndm00200	5130	NA	5	14.2	no	0	0	0	0	0	0	0	0
PMK1_ndm00266|PMK1_ndm00267|PMK1_ndm00268|PMK1_ndm00269|PMK1_ndm00270	5109	NA	5	24.6	no	0	0	0	0	0	0	0	1
PMK1_ndm00233|PMK1_ndm00234|PMK1_ndm00235|PMK1_ndm00236|PMK1_ndm00237	5106	NA	5	29.8	no	0	1	0	0	0	1	0	0
PMK1_ndm00013|PMK1_ndm00014|PMK1_ndm00015|PMK1_ndm00016|PMK1_ndm00018	5100	NA	5	-13.9	no	0	0	0	0	0	0	0	0
PMK1_ndm00231|PMK1_ndm00232|PMK1_ndm00233|PMK1_ndm00234|PMK1_ndm00235	5094	NA	5	10.5	no	0	1	0	0	0	1	0	0
PMK1_ndm00169|PMK1_ndm00170|PMK1_ndm00171|PMK1_ndm00172|PMK1_ndm00173	5091	NA	5	14.4	no	0	0	0	0	1	0	0	0
PMK1_ndm00241|PMK1_ndm00242|PMK1_ndm00243|PMK1_ndm00244|PMK1_ndm00245	5082	NA	5	24.1	no	0	0	0	0	0	0	0	0
PMK1_ndm00065|PMK1_ndm00066|PMK1_ndm00067|PMK1_ndm00068|PMK1_ndm00069	5049	NA	5	24.7	no	0	0	0	0	0	1	0	0
PMK1_ndm00074|PMK1_ndm00075|PMK1_ndm00076|PMK1_ndm00077|PMK1_ndm00078	5049	NA	5	24.7	no	0	0	0	0	0	1	0	0
PMK1_ndm00083|PMK1_ndm00084|PMK1_ndm00085|PMK1_ndm00086|PMK1_ndm00087	5049	NA	5	24.7	no	0	0	0	0	0	1	0	0
PMK1_ndm00191|PMK1_ndm00192|PMK1_ndm00193|PMK1_ndm00194|PMK1_ndm00195	5016	NA	5	16.0	no	0	0	0	0	0	0	0	0
PMK1_ndm00275|PMK1_ndm00276|PMK1_ndm00277|PMK1_ndm00278|PMK1_ndm00279	5013	NA	5	34.1	no	0	0	0	0	0	0	0	1
PMK1_ndm00242|PMK1_ndm00243|PMK1_ndm00244|PMK1_ndm00245|PMK1_ndm00246	4941	NA	5	28.1	no	0	0	0	0	0	1	0	0
PMK1_ndm00064|PMK1_ndm00065|PMK1_ndm00066|PMK1_ndm00067|PMK1_ndm00068	4932	NA	5	20.3	no	0	0	0	0	0	1	0	0
PMK1_ndm00049|PMK1_ndm00050|PMK1_ndm00052|PMK1_ndm00053|PMK1_ndm00054	4926	NA	5	9.6	no	0	0	0	0	0	1	0	0
PMK1_ndm00315|PMK1_ndm00316|PMK1_ndm00317|PMK1_ndm00318|PMK1_ndm00319	4911	NA	4	10.0	no	0	0	0	0	0	0	0	0
PMK1_ndm00011|PMK1_ndm00012|PMK1_ndm00013|PMK1_ndm00014|PMK1_ndm00015	4893	NA	5	-6.3	no	0	0	0	0	0	0	0	0
PMK1_ndm00012|PMK1_ndm00013|PMK1_ndm00014|PMK1_ndm00015|PMK1_ndm00016	4884	NA	5	-10.4	no	0	0	0	0	0	0	0	0
PMK1_ndm00229|PMK1_ndm00230|PMK1_ndm00231|PMK1_ndm00232|PMK1_ndm00233	4848	NA	5	3.6	no	0	1	0	0	0	2	0	0
PMK1_ndm00015|PMK1_ndm00016|PMK1_ndm00018|PMK1_ndm00019|PMK1_ndm00020	4833	NA	5	5.0	no	0	0	0	0	0	0	0	0
PMK1_ndm00265|PMK1_ndm00266|PMK1_ndm00267|PMK1_ndm00268|PMK1_ndm00269	4818	NA	5	18.9	no	0	0	0	0	0	0	0	1
PMK1_ndm00016|PMK1_ndm00018|PMK1_ndm00019|PMK1_ndm00020|PMK1_ndm00021	4728	NA	5	4.7	no	0	0	0	0	0	0	0	0
PMK1_ndm00234|PMK1_ndm00235|PMK1_ndm00236|PMK1_ndm00237|PMK1_ndm00238	4716	NA	5	26.9	no	0	0	0	0	0	1	0	0
PMK1_ndm00277|PMK1_ndm00278|PMK1_ndm00279|PMK1_ndm00280|PMK1_ndm00281	4713	NA	5	34.1	no	0	0	0	0	0	0	0	0
PMK1_ndm00054|PMK1_ndm00055|PMK1_ndm00056|PMK1_ndm00057|PMK1_ndm00058	4701	NA	5	15.0	no	0	0	0	0	0	2	0	0
PMK1_ndm00268|PMK1_ndm00269|PMK1_ndm00270|PMK1_ndm00271|PMK1_ndm00272	4695	NA	5	32.4	no	0	0	0	0	0	0	0	0
PMK1_ndm00010|PMK1_ndm00011|PMK1_ndm00012|PMK1_ndm00013|PMK1_ndm00014	4659	NA	5	-1.3	no	0	0	0	0	0	0	0	0
PMK1_ndm00210|PMK1_ndm00211|PMK1_ndm00212|PMK1_ndm00213|PMK1_ndm00214	4659	NA	5	-7.3	no	0	0	0	0	0	0	0	0
PMK1_ndm00232|PMK1_ndm00233|PMK1_ndm00234|PMK1_ndm00235|PMK1_ndm00236	4644	NA	5	13.1	no	0	1	0	0	0	1	0	0
PMK1_ndm00276|PMK1_ndm00277|PMK1_ndm00278|PMK1_ndm00279|PMK1_ndm00280	4641	NA	5	34.1	no	0	0	0	0	0	0	0	1
PMK1_ndm00061|PMK1_ndm00062|PMK1_ndm00063|PMK1_ndm00064|PMK1_ndm00065	4623	NA	5	9.6	no	0	0	0	0	0	0	0	0
PMK1_ndm00063|PMK1_ndm00064|PMK1_ndm00065|PMK1_ndm00066|PMK1_ndm00067	4620	NA	5	17.2	no	0	0	0	0	0	1	0	0
PMK1_ndm00188|PMK1_ndm00189|PMK1_ndm00190|PMK1_ndm00191|PMK1_ndm00192	4548	NA	5	10.8	no	0	0	0	0	0	0	0	0
PMK1_ndm00122|PMK1_ndm00123|PMK1_ndm00124|PMK1_ndm00125|PMK1_ndm00126	4542	NA	5	7.7	no	0	0	0	0	0	0	0	0
PMK1_ndm00062|PMK1_ndm00063|PMK1_ndm00064|PMK1_ndm00065|PMK1_ndm00066	4512	NA	5	9.6	no	0	0	0	0	0	0	0	0
PMK1_ndm00154|PMK1_ndm00155|PMK1_ndm00157|PMK1_ndm00158|PMK1_ndm00159	4509	NA	5	10.0	no	0	0	0	0	0	0	0	0
PMK1_ndm00227|PMK1_ndm00228|PMK1_ndm00229|PMK1_ndm00230|PMK1_ndm00231	4497	NA	5	-0.9	no	0	0	0	0	0	3	0	0
PMK1_ndm00273|PMK1_ndm00274|PMK1_ndm00275|PMK1_ndm00276|PMK1_ndm00277	4494	NA	5	33.7	no	0	0	0	0	0	0	0	1
PMK1_ndm00052|PMK1_ndm00053|PMK1_ndm00054|PMK1_ndm00055|PMK1_ndm00056	4419	NA	5	11.4	no	0	0	0	0	0	1	0	0
PMK1_ndm00224|PMK1_ndm00225|PMK1_ndm00227|PMK1_ndm00228|PMK1_ndm00229	4416	NA	5	3.2	no	0	0	0	0	0	1	0	0
PMK1_ndm00211|PMK1_ndm00212|PMK1_ndm00213|PMK1_ndm00214|PMK1_ndm00215	4407	NA	5	-11.3	no	1	0	0	0	0	0	0	0
PMK1_ndm00278|PMK1_ndm00279|PMK1_ndm00280|PMK1_ndm00281|PMK1_ndm00282	4395	NA	5	34.1	no	0	0	0	0	0	0	0	0
PMK1_ndm00298|PMK1_ndm00299|PMK1_ndm00300|PMK1_ndm00301|PMK1_ndm00302	4395	NA	5	1.4	no	0	0	0	0	0	0	0	0
PMK1_ndm00163|PMK1_ndm00164|PMK1_ndm00165|PMK1_ndm00166|PMK1_ndm00167	4386	NA	5	16.1	no	0	0	0	0	2	0	0	0
PMK1_ndm00164|PMK1_ndm00165|PMK1_ndm00166|PMK1_ndm00167|PMK1_ndm00168	4383	NA	5	15.0	no	0	0	0	0	1	0	0	0
PMK1_ndm00230|PMK1_ndm00231|PMK1_ndm00232|PMK1_ndm00233|PMK1_ndm00234	4377	NA	5	4.2	no	0	1	0	0	0	2	0	0
PMK1_ndm00053|PMK1_ndm00054|PMK1_ndm00055|PMK1_ndm00056|PMK1_ndm00057	4374	NA	5	8.5	no	0	0	0	0	0	1	0	0
PMK1_ndm00272|PMK1_ndm00273|PMK1_ndm00274|PMK1_ndm00275|PMK1_ndm00276	4359	NA	5	32.7	no	0	0	0	0	0	0	0	1
PMK1_ndm00225|PMK1_ndm00227|PMK1_ndm00228|PMK1_ndm00229|PMK1_ndm00230	4350	NA	5	-1.3	no	0	0	0	0	0	2	0	0
PMK1_ndm00243|PMK1_ndm00244|PMK1_ndm00245|PMK1_ndm00246|PMK1_ndm00247	4302	NA	5	16.9	no	0	0	0	0	0	2	0	1
PMK1_ndm00192|PMK1_ndm00193|PMK1_ndm00194|PMK1_ndm00195|PMK1_ndm00196	4293	NA	5	15.1	no	0	0	0	0	0	0	0	0
PMK1_ndm00279|PMK1_ndm00280|PMK1_ndm00281|PMK1_ndm00282|PMK1_ndm00283	4293	NA	5	35.0	no	0	0	0	0	0	0	0	0
PMK1_ndm00197|PMK1_ndm00198|PMK1_ndm00199|PMK1_ndm00200|PMK1_ndm00201	4272	NA	5	13.6	no	0	0	0	0	0	0	0	0
PMK1_ndm00321|PMK1_ndm00322|PMK1_ndm00323|PMK1_ndm00324|PMK1_ndm00325	4272	NA	5	18.8	no	0	0	0	0	1	0	0	0
PMK1_ndm00209|PMK1_ndm00210|PMK1_ndm00211|PMK1_ndm00212|PMK1_ndm00213	4266	NA	5	-3.2	no	0	0	0	0	0	0	0	0
PMK1_ndm00228|PMK1_ndm00229|PMK1_ndm00230|PMK1_ndm00231|PMK1_ndm00232	4266	NA	5	1.2	no	0	0	0	0	0	2	0	0
PMK1_ndm00018|PMK1_ndm00019|PMK1_ndm00020|PMK1_ndm00021|PMK1_ndm00022	4257	NA	5	8.9	no	0	0	0	0	0	0	0	0
PMK1_ndm00221|PMK1_ndm00222|PMK1_ndm00223|PMK1_ndm00224|PMK1_ndm00225	4248	NA	5	22.8	no	0	0	0	0	0	3	0	0
PMK1_ndm00222|PMK1_ndm00223|PMK1_ndm00224|PMK1_ndm00225|PMK1_ndm00227	4242	NA	5	19.7	no	0	0	0	0	0	3	0	0
PMK1_ndm00296|PMK1_ndm00297|PMK1_ndm00298|PMK1_ndm00299|PMK1_ndm00300	4236	NA	5	5.3	no	0	0	0	0	0	0	0	0
PMK1_ndm00263|PMK1_ndm00264|PMK1_ndm00265|PMK1_ndm00266|PMK1_ndm00267	4230	NA	5	7.4	no	0	0	0	0	0	0	0	0
PMK1_ndm00235|PMK1_ndm00236|PMK1_ndm00237|PMK1_ndm00238|PMK1_ndm00239	4227	NA	4	34.3	no	0	0	0	0	0	1	0	0
PMK1_ndm00162|PMK1_ndm00163|PMK1_ndm00164|PMK1_ndm00165|PMK1_ndm00166	4224	NA	5	13.5	no	0	0	0	0	2	0	0	0
PMK1_ndm00190|PMK1_ndm00191|PMK1_ndm00192|PMK1_ndm00193|PMK1_ndm00194	4212	NA	5	14.5	no	0	0	0	0	0	0	0	0
PMK1_ndm00299|PMK1_ndm00300|PMK1_ndm00301|PMK1_ndm00302|PMK1_ndm00303	4203	NA	5	6.2	no	0	0	0	0	0	0	0	0
PMK1_ndm00152|PMK1_ndm00153|PMK1_ndm00154|PMK1_ndm00155|PMK1_ndm00157	4164	NA	5	-10.2	no	0	0	0	0	0	0	0	0
PMK1_ndm00020|PMK1_ndm00021|PMK1_ndm00022|PMK1_ndm00023|PMK1_ndm00024	4161	NA	5	14.4	no	0	0	0	0	0	0	0	0
PMK1_ndm00123|PMK1_ndm00124|PMK1_ndm00125|PMK1_ndm00126|PMK1_ndm00127	4152	NA	5	10.2	no	0	0	0	0	0	0	0	0
PMK1_ndm00297|PMK1_ndm00298|PMK1_ndm00299|PMK1_ndm00300|PMK1_ndm00301	4152	NA	5	3.6	no	0	0	0	0	0	0	0	0
PMK1_ndm00153|PMK1_ndm00154|PMK1_ndm00155|PMK1_ndm00157|PMK1_ndm00158	4104	NA	5	-8.0	no	0	0	0	0	0	0	0	0
PMK1_ndm00009|PMK1_ndm00010|PMK1_ndm00011|PMK1_ndm00012|PMK1_ndm00013	4098	NA	5	3.3	no	0	0	0	0	0	0	0	0
PMK1_ndm00283|PMK1_ndm00284|PMK1_ndm00285|PMK1_ndm00286|PMK1_ndm00287	4086	NA	5	28.4	no	0	0	0	0	0	0	0	0
PMK1_ndm00223|PMK1_ndm00224|PMK1_ndm00225|PMK1_ndm00227|PMK1_ndm00228	4080	NA	5	11.2	no	0	0	0	0	0	2	0	0
PMK1_ndm00124|PMK1_ndm00125|PMK1_ndm00126|PMK1_ndm00127|PMK1_ndm00128	4071	NA	5	12.9	no	0	0	0	0	0	0	0	0
PMK1_ndm00121|PMK1_ndm00122|PMK1_ndm00123|PMK1_ndm00124|PMK1_ndm00125	4062	NA	5	-9.6	no	0	0	0	0	0	0	0	0
PMK1_ndm00019|PMK1_ndm00020|PMK1_ndm00021|PMK1_ndm00022|PMK1_ndm00023	4050	NA	5	12.2	no	0	0	0	0	0	0	0	1
PMK1_ndm00330|PMK1_ndm00331|PMK1_ndm00332|PMK1_ndm00333|PMK1_ndm00334	4041	NA	5	16.1	no	0	0	0	0	1	0	0	1
PMK1_ndm00136|PMK1_ndm00137|PMK1_ndm00138|PMK1_ndm00139|PMK1_ndm00141	4035	NA	5	11.4	no	0	0	0	0	0	0	0	0
PMK1_ndm00207|PMK1_ndm00208|PMK1_ndm00209|PMK1_ndm00210|PMK1_ndm00211	4032	NA	5	4.0	no	0	0	0	0	0	0	0	0
PMK1_ndm00220|PMK1_ndm00221|PMK1_ndm00222|PMK1_ndm00223|PMK1_ndm00224	4008	NA	5	31.8	no	0	0	0	0	0	4	0	0
PMK1_ndm00014|PMK1_ndm00015|PMK1_ndm00016|PMK1_ndm00018|PMK1_ndm00019	3990	NA	5	5.0	no	0	0	0	0	0	0	0	0
PMK1_ndm00187|PMK1_ndm00188|PMK1_ndm00189|PMK1_ndm00190|PMK1_ndm00191	3960	NA	5	9.8	no	0	0	0	0	0	0	0	0
PMK1_ndm00165|PMK1_ndm00166|PMK1_ndm00167|PMK1_ndm00168|PMK1_ndm00169	3951	NA	5	14.9	no	0	0	0	0	2	0	0	1
PMK1_ndm00212|PMK1_ndm00213|PMK1_ndm00214|PMK1_ndm00215|PMK1_ndm00216	3924	NA	5	25.6	no	1	0	0	0	0	0	0	0
PMK1_ndm00271|PMK1_ndm00272|PMK1_ndm00273|PMK1_ndm00274|PMK1_ndm00275	3921	NA	5	32.7	no	0	0	0	0	0	0	0	0
PMK1_ndm00291|PMK1_ndm00292|PMK1_ndm00293|PMK1_ndm00294|PMK1_ndm00295	3921	NA	5	11.7	no	0	0	0	0	0	0	0	0
PMK1_ndm00311|PMK1_ndm00312|PMK1_ndm00313|PMK1_ndm00314|PMK1_ndm00315	3912	NA	5	-14.5	no	0	0	0	0	0	0	0	0
PMK1_ndm00282|PMK1_ndm00283|PMK1_ndm00284|PMK1_ndm00285|PMK1_ndm00286	3894	NA	5	29.3	no	0	0	0	0	0	0	0	0
PMK1_ndm00260|PMK1_ndm00261|PMK1_ndm00262|PMK1_ndm00263|PMK1_ndm00264	3876	NA	5	5.1	no	0	0	0	0	0	0	0	0
PMK1_ndm00290|PMK1_ndm00291|PMK1_ndm00292|PMK1_ndm00293|PMK1_ndm00294	3861	NA	5	11.6	no	0	0	0	0	0	0	0	0
PMK1_ndm00151|PMK1_ndm00152|PMK1_ndm00153|PMK1_ndm00154|PMK1_ndm00155	3846	NA	5	-13.0	no	0	0	0	0	0	0	0	0
PMK1_ndm00280|PMK1_ndm00281|PMK1_ndm00282|PMK1_ndm00283|PMK1_ndm00284	3813	NA	5	28.3	no	0	0	0	0	0	0	0	1
PMK1_ndm00281|PMK1_ndm00282|PMK1_ndm00283|PMK1_ndm00284|PMK1_ndm00285	3804	NA	5	29.2	no	0	0	0	0	0	0	0	0
PMK1_ndm00289|PMK1_ndm00290|PMK1_ndm00291|PMK1_ndm00292|PMK1_ndm00293	3756	NA	5	11.8	no	0	0	0	0	0	0	0	0
PMK1_ndm00262|PMK1_ndm00263|PMK1_ndm00264|PMK1_ndm00265|PMK1_ndm00266	3696	NA	5	2.1	no	0	0	0	0	0	0	0	0
PMK1_ndm00261|PMK1_ndm00262|PMK1_ndm00263|PMK1_ndm00264|PMK1_ndm00265	3684	NA	5	4.4	no	0	0	0	0	0	0	0	0
PMK1_ndm00189|PMK1_ndm00190|PMK1_ndm00191|PMK1_ndm00192|PMK1_ndm00193	3675	NA	5	13.4	no	0	0	0	0	0	0	0	0
PMK1_ndm00120|PMK1_ndm00121|PMK1_ndm00122|PMK1_ndm00123|PMK1_ndm00124	3627	NA	5	-167.2	no	0	0	0	0	0	0	0	0
PMK1_ndm00002|PMK1_ndm00003|PMK1_ndm00004|PMK1_ndm00005|PMK1_ndm00006	3621	NA	5	-3.3	no	0	0	0	0	0	0	0	0
PMK1_ndm00150|PMK1_ndm00151|PMK1_ndm00152|PMK1_ndm00153|PMK1_ndm00154	3618	NA	4	-19.3	no	0	0	0	0	0	0	0	0
PMK1_ndm00337|PMK1_ndm00338|PMK1_ndm00002|PMK1_ndm00003|PMK1_ndm00004	3612	NA	5	14.9	no	0	0	0	0	0	0	0	0
PMK1_ndm00310|PMK1_ndm00311|PMK1_ndm00312|PMK1_ndm00313|PMK1_ndm00314	3609	NA	5	-13.1	no	0	0	0	0	0	0	0	0
PMK1_ndm00270|PMK1_ndm00271|PMK1_ndm00272|PMK1_ndm00273|PMK1_ndm00274	3603	NA	5	32.5	no	0	0	0	0	0	0	0	0
PMK1_ndm00292|PMK1_ndm00293|PMK1_ndm00294|PMK1_ndm00295|PMK1_ndm00296	3588	NA	5	14.2	no	0	0	0	0	0	0	0	0
PMK1_ndm00184|PMK1_ndm00185|PMK1_ndm00186|PMK1_ndm00187|PMK1_ndm00188	3579	NA	5	3.1	no	0	0	0	0	0	0	0	0
PMK1_ndm00304|PMK1_ndm00305|PMK1_ndm00306|PMK1_ndm00307|PMK1_ndm00308	3576	NA	5	15.4	no	0	0	0	0	0	0	0	0
PMK1_ndm00208|PMK1_ndm00209|PMK1_ndm00210|PMK1_ndm00211|PMK1_ndm00212	3528	NA	5	-0.4	no	0	0	0	0	0	0	0	0
PMK1_ndm00295|PMK1_ndm00296|PMK1_ndm00297|PMK1_ndm00298|PMK1_ndm00299	3522	NA	5	7.5	no	0	0	0	0	0	0	0	0
PMK1_ndm00206|PMK1_ndm00207|PMK1_ndm00208|PMK1_ndm00209|PMK1_ndm00210	3504	NA	5	30.8	no	0	0	0	0	0	0	0	0
PMK1_ndm00219|PMK1_ndm00220|PMK1_ndm00221|PMK1_ndm00222|PMK1_ndm00223	3480	NA	5	38.0	no	0	0	0	0	0	4	0	0
PMK1_ndm00185|PMK1_ndm00186|PMK1_ndm00187|PMK1_ndm00188|PMK1_ndm00189	3471	NA	5	4.7	no	0	0	0	0	0	0	0	0
PMK1_ndm00069|PMK1_ndm00070|PMK1_ndm00071|PMK1_ndm00072|PMK1_ndm00073	3462	NA	4	11.6	no	0	0	0	0	0	0	0	0
PMK1_ndm00078|PMK1_ndm00079|PMK1_ndm00080|PMK1_ndm00081|PMK1_ndm00082	3462	NA	4	11.6	no	0	0	0	0	0	0	0	0
PMK1_ndm00087|PMK1_ndm00088|PMK1_ndm00089|PMK1_ndm00090|PMK1_ndm00091	3462	NA	4	11.6	no	0	0	0	0	0	0	0	0
PMK1_ndm00300|PMK1_ndm00301|PMK1_ndm00302|PMK1_ndm00303|PMK1_ndm00304	3456	NA	5	11.0	no	0	0	0	0	0	0	0	0
PMK1_ndm00322|PMK1_ndm00323|PMK1_ndm00324|PMK1_ndm00325|PMK1_ndm00326	3426	NA	5	15.1	no	0	0	0	0	1	0	0	0
PMK1_ndm00269|PMK1_ndm00270|PMK1_ndm00271|PMK1_ndm00272|PMK1_ndm00273	3420	NA	5	32.5	no	0	0	0	0	0	0	0	0
PMK1_ndm00338|PMK1_ndm00002|PMK1_ndm00003|PMK1_ndm00004|PMK1_ndm00005	3396	NA	5	-0.5	no	0	0	0	0	0	0	0	0
PMK1_ndm00055|PMK1_ndm00056|PMK1_ndm00057|PMK1_ndm00058|PMK1_ndm00059	3390	NA	5	12.3	no	0	0	0	0	0	2	0	0
PMK1_ndm00155|PMK1_ndm00157|PMK1_ndm00158|PMK1_ndm00159|PMK1_ndm00160	3387	NA	5	12.3	no	0	0	0	0	0	0	0	0
PMK1_ndm00284|PMK1_ndm00285|PMK1_ndm00286|PMK1_ndm00287|PMK1_ndm00288	3375	NA	5	22.6	no	0	0	0	0	0	0	0	0
PMK1_ndm00286|PMK1_ndm00287|PMK1_ndm00288|PMK1_ndm00289|PMK1_ndm00290	3369	NA	5	19.9	no	0	0	0	0	0	0	0	0
PMK1_ndm00004|PMK1_ndm00005|PMK1_ndm00006|PMK1_ndm00008|PMK1_ndm00009	3363	NA	5	-1.9	no	0	0	0	0	0	0	0	0
PMK1_ndm00186|PMK1_ndm00187|PMK1_ndm00188|PMK1_ndm00189|PMK1_ndm00190	3348	NA	5	6.0	no	0	0	0	0	0	0	0	0
PMK1_ndm00157|PMK1_ndm00158|PMK1_ndm00159|PMK1_ndm00160|PMK1_ndm00161	3297	NA	5	12.7	no	0	0	0	0	0	0	0	0
PMK1_ndm00307|PMK1_ndm00308|PMK1_ndm00309|PMK1_ndm00310|PMK1_ndm00311	3297	NA	5	19.1	no	0	0	0	0	0	0	0	0
PMK1_ndm00305|PMK1_ndm00306|PMK1_ndm00307|PMK1_ndm00308|PMK1_ndm00309	3261	NA	5	14.3	no	0	0	0	0	0	0	0	0
PMK1_ndm00293|PMK1_ndm00294|PMK1_ndm00295|PMK1_ndm00296|PMK1_ndm00297	3252	NA	5	14.4	no	0	0	0	0	0	0	0	0
PMK1_ndm00056|PMK1_ndm00057|PMK1_ndm00058|PMK1_ndm00059|PMK1_ndm00060	3240	NA	5	13.7	no	0	0	0	0	0	2	0	0
PMK1_ndm00248|PMK1_ndm00249|PMK1_ndm00250|PMK1_ndm00251|PMK1_ndm00252	3225	NA	3	21.1	no	0	0	0	0	0	3	0	0
PMK1_ndm00161|PMK1_ndm00162|PMK1_ndm00163|PMK1_ndm00164|PMK1_ndm00165	3222	NA	5	12.7	no	0	0	0	0	1	0	0	1
PMK1_ndm00144|PMK1_ndm00145|PMK1_ndm00146|PMK1_ndm00147|PMK1_ndm00149	3216	NA	4	8.3	no	0	0	0	0	0	0	0	0
PMK1_ndm00183|PMK1_ndm00184|PMK1_ndm00185|PMK1_ndm00186|PMK1_ndm00187	3201	NA	5	3.1	no	0	0	0	0	0	0	0	0
PMK1_ndm00218|PMK1_ndm00219|PMK1_ndm00220|PMK1_ndm00221|PMK1_ndm00222	3198	NA	5	37.0	no	0	0	0	0	0	3	0	0
PMK1_ndm00285|PMK1_ndm00286|PMK1_ndm00287|PMK1_ndm00288|PMK1_ndm00289	3186	NA	5	25.1	no	0	0	0	0	0	0	0	0
PMK1_ndm00323|PMK1_ndm00324|PMK1_ndm00325|PMK1_ndm00326|PMK1_ndm00327	3177	NA	5	16.5	no	0	0	0	0	0	0	0	0
PMK1_ndm00331|PMK1_ndm00332|PMK1_ndm00333|PMK1_ndm00334|PMK1_ndm00335	3177	NA	5	15.5	no	0	0	0	0	1	0	0	1
PMK1_ndm00067|PMK1_ndm00068|PMK1_ndm00069|PMK1_ndm00070|PMK1_ndm00071	3159	NA	4	26.9	no	0	0	0	0	0	1	0	0
PMK1_ndm00076|PMK1_ndm00077|PMK1_ndm00078|PMK1_ndm00079|PMK1_ndm00080	3159	NA	4	26.9	no	0	0	0	0	0	1	0	0
PMK1_ndm00085|PMK1_ndm00086|PMK1_ndm00087|PMK1_ndm00088|PMK1_ndm00089	3159	NA	4	26.9	no	0	0	0	0	0	1	0	0
PMK1_ndm00247|PMK1_ndm00248|PMK1_ndm00249|PMK1_ndm00250|PMK1_ndm00251	3135	NA	5	33.2	no	0	0	0	0	0	4	0	0
PMK1_ndm00006|PMK1_ndm00008|PMK1_ndm00009|PMK1_ndm00010|PMK1_ndm00011	3114	NA	5	17.5	no	0	0	0	0	0	0	0	0
PMK1_ndm00046|PMK1_ndm00048|PMK1_ndm00049|PMK1_ndm00050|PMK1_ndm00052	3105	NA	5	11.8	no	0	0	0	0	0	1	0	0
PMK1_ndm00048|PMK1_ndm00049|PMK1_ndm00050|PMK1_ndm00052|PMK1_ndm00053	3099	NA	5	15.3	no	0	0	0	0	0	1	0	0
PMK1_ndm00105|PMK1_ndm00106|PMK1_ndm00107|PMK1_ndm00108|PMK1_ndm00109	3099	NA	5	12.5	no	1	0	0	0	0	0	0	0
PMK1_ndm00112|PMK1_ndm00113|PMK1_ndm00114|PMK1_ndm00115|PMK1_ndm00116	3087	NA	5	14.1	no	0	0	0	0	0	0	0	0
PMK1_ndm00125|PMK1_ndm00126|PMK1_ndm00127|PMK1_ndm00128|PMK1_ndm00129	3072	NA	5	14.0	no	0	0	0	0	0	0	0	0
PMK1_ndm00066|PMK1_ndm00067|PMK1_ndm00068|PMK1_ndm00069|PMK1_ndm00070	3063	NA	5	21.8	no	0	0	0	0	0	1	0	0
PMK1_ndm00075|PMK1_ndm00076|PMK1_ndm00077|PMK1_ndm00078|PMK1_ndm00079	3063	NA	5	21.8	no	0	0	0	0	0	1	0	0
PMK1_ndm00084|PMK1_ndm00085|PMK1_ndm00086|PMK1_ndm00087|PMK1_ndm00088	3063	NA	5	21.8	no	0	0	0	0	0	1	0	0
PMK1_ndm00244|PMK1_ndm00245|PMK1_ndm00246|PMK1_ndm00247|PMK1_ndm00248	3063	NA	5	22.7	no	0	0	0	0	0	3	0	0
PMK1_ndm00303|PMK1_ndm00304|PMK1_ndm00305|PMK1_ndm00306|PMK1_ndm00307	3060	NA	5	14.4	no	0	0	0	0	0	0	0	0
PMK1_ndm00003|PMK1_ndm00004|PMK1_ndm00005|PMK1_ndm00006|PMK1_ndm00008	3051	NA	5	-6.1	no	0	0	0	0	0	0	0	1
PMK1_ndm00160|PMK1_ndm00161|PMK1_ndm00162|PMK1_ndm00163|PMK1_ndm00164	3018	NA	5	12.6	no	0	0	0	0	1	0	0	0
PMK1_ndm00008|PMK1_ndm00009|PMK1_ndm00010|PMK1_ndm00011|PMK1_ndm00012	3015	NA	5	21.8	no	0	0	0	0	0	0	0	0
PMK1_ndm00057|PMK1_ndm00058|PMK1_ndm00059|PMK1_ndm00060|PMK1_ndm00061	2997	NA	5	10.3	no	0	0	0	0	0	2	0	0
PMK1_ndm00246|PMK1_ndm00247|PMK1_ndm00248|PMK1_ndm00249|PMK1_ndm00250	2991	NA	5	32.5	no	0	0	0	0	0	5	0	0
PMK1_ndm00308|PMK1_ndm00309|PMK1_ndm00310|PMK1_ndm00311|PMK1_ndm00312	2988	NA	5	7.5	no	0	0	0	0	0	0	0	0
PMK1_ndm00106|PMK1_ndm00107|PMK1_ndm00108|PMK1_ndm00109|PMK1_ndm00110	2973	NA	5	12.4	no	1	0	0	0	0	0	0	0
PMK1_ndm00306|PMK1_ndm00307|PMK1_ndm00308|PMK1_ndm00309|PMK1_ndm00310	2970	NA	5	15.4	no	0	0	0	0	0	0	0	0
PMK1_ndm00119|PMK1_ndm00120|PMK1_ndm00121|PMK1_ndm00122|PMK1_ndm00123	2952	NA	5	-166.8	no	0	0	0	0	0	0	0	0
PMK1_ndm00245|PMK1_ndm00246|PMK1_ndm00247|PMK1_ndm00248|PMK1_ndm00249	2928	NA	5	28.7	no	0	0	0	0	0	4	0	0
PMK1_ndm00335|PMK1_ndm00336|PMK1_ndm00337|PMK1_ndm00338|PMK1_ndm00002	2922	NA	5	12.8	no	0	0	0	0	0	0	0	0
PMK1_ndm00029|PMK1_ndm00030|PMK1_ndm00031|PMK1_ndm00033|PMK1_ndm00034	2922	NA	5	13.7	no	0	0	0	0	0	0	0	0
PMK1_ndm00173|PMK1_ndm00174|PMK1_ndm00175|PMK1_ndm00176|PMK1_ndm00177	2922	NA	5	18.7	no	0	0	0	0	0	0	0	0
PMK1_ndm00204|PMK1_ndm00205|PMK1_ndm00206|PMK1_ndm00207|PMK1_ndm00208	2922	NA	5	35.0	no	0	0	0	0	0	0	0	0
PMK1_ndm00171|PMK1_ndm00172|PMK1_ndm00173|PMK1_ndm00174|PMK1_ndm00175	2898	NA	5	13.6	no	0	0	0	0	0	0	0	0
PMK1_ndm00172|PMK1_ndm00173|PMK1_ndm00174|PMK1_ndm00175|PMK1_ndm00176	2886	NA	5	13.1	no	0	0	0	0	0	0	0	0
PMK1_ndm00058|PMK1_ndm00059|PMK1_ndm00060|PMK1_ndm00061|PMK1_ndm00062	2871	NA	5	8.2	no	0	0	0	0	0	1	0	0
PMK1_ndm00287|PMK1_ndm00288|PMK1_ndm00289|PMK1_ndm00290|PMK1_ndm00291	2859	NA	5	15.3	no	0	0	0	0	0	0	0	0
PMK1_ndm00199|PMK1_ndm00200|PMK1_ndm00201|PMK1_ndm00202|PMK1_ndm00203	2856	NA	5	13.7	no	0	0	0	0	0	0	0	0
PMK1_ndm00332|PMK1_ndm00333|PMK1_ndm00334|PMK1_ndm00335|PMK1_ndm00336	2850	NA	5	14.7	no	0	0	0	0	0	0	0	0
PMK1_ndm00336|PMK1_ndm00337|PMK1_ndm00338|PMK1_ndm00002|PMK1_ndm00003	2847	NA	5	13.7	no	0	0	0	0	0	0	0	0
PMK1_ndm00198|PMK1_ndm00199|PMK1_ndm00200|PMK1_ndm00201|PMK1_ndm00202	2844	NA	5	14.0	no	0	0	0	0	0	0	0	0
PMK1_ndm00203|PMK1_ndm00204|PMK1_ndm00205|PMK1_ndm00206|PMK1_ndm00207	2835	NA	5	31.6	no	0	0	0	0	0	0	0	0
PMK1_ndm00118|PMK1_ndm00119|PMK1_ndm00120|PMK1_ndm00121|PMK1_ndm00122	2817	NA	5	-164.3	no	0	0	0	0	0	0	0	0
PMK1_ndm00288|PMK1_ndm00289|PMK1_ndm00290|PMK1_ndm00291|PMK1_ndm00292	2814	NA	5	10.8	no	0	0	0	0	0	0	0	0
PMK1_ndm00333|PMK1_ndm00334|PMK1_ndm00335|PMK1_ndm00336|PMK1_ndm00337	2781	NA	5	13.6	no	0	0	0	0	0	0	0	0
PMK1_ndm00205|PMK1_ndm00206|PMK1_ndm00207|PMK1_ndm00208|PMK1_ndm00209	2775	NA	5	31.1	no	0	0	0	0	0	0	0	0
PMK1_ndm00093|PMK1_ndm00094|PMK1_ndm00095|PMK1_ndm00096|PMK1_ndm00097	2724	NA	5	8.3	no	0	0	0	0	0	1	0	0
PMK1_ndm00259|PMK1_ndm00260|PMK1_ndm00261|PMK1_ndm00262|PMK1_ndm00263	2718	NA	5	6.6	no	0	0	0	0	0	0	0	0
PMK1_ndm00100|PMK1_ndm00101|PMK1_ndm00102|PMK1_ndm00103|PMK1_ndm00104	2712	NA	5	9.3	no	0	0	0	0	0	0	0	0
PMK1_ndm00021|PMK1_ndm00022|PMK1_ndm00023|PMK1_ndm00024|PMK1_ndm00025	2697	NA	5	14.5	no	0	0	0	0	0	0	0	0
PMK1_ndm00005|PMK1_ndm00006|PMK1_ndm00008|PMK1_ndm00009|PMK1_ndm00010	2694	NA	5	1.3	no	0	0	0	0	0	0	0	0
PMK1_ndm00236|PMK1_ndm00237|PMK1_ndm00238|PMK1_ndm00239|PMK1_ndm00240	2694	NA	5	-58.8	no	0	0	0	0	0	2	0	0
PMK1_ndm00104|PMK1_ndm00105|PMK1_ndm00106|PMK1_ndm00107|PMK1_ndm00108	2691	NA	5	12.1	no	1	0	0	0	0	0	0	0
PMK1_ndm00202|PMK1_ndm00203|PMK1_ndm00204|PMK1_ndm00205|PMK1_ndm00206	2685	NA	5	30.1	no	0	0	0	0	0	0	0	0
PMK1_ndm00028|PMK1_ndm00029|PMK1_ndm00030|PMK1_ndm00031|PMK1_ndm00033	2655	NA	5	12.0	no	0	0	0	0	0	0	0	0
PMK1_ndm00094|PMK1_ndm00095|PMK1_ndm00096|PMK1_ndm00097|PMK1_ndm00098	2652	NA	5	10.8	no	0	0	0	0	0	1	0	0
PMK1_ndm00099|PMK1_ndm00100|PMK1_ndm00101|PMK1_ndm00102|PMK1_ndm00103	2649	NA	5	9.3	no	0	0	0	0	0	0	0	0
PMK1_ndm00025|PMK1_ndm00026|PMK1_ndm00027|PMK1_ndm00028|PMK1_ndm00029	2640	NA	5	11.9	no	0	0	0	0	0	0	0	0
PMK1_ndm00068|PMK1_ndm00069|PMK1_ndm00070|PMK1_ndm00071|PMK1_ndm00072	2637	NA	4	22.0	no	0	0	0	0	0	0	0	0
PMK1_ndm00077|PMK1_ndm00078|PMK1_ndm00079|PMK1_ndm00080|PMK1_ndm00081	2637	NA	4	22.0	no	0	0	0	0	0	0	0	0
PMK1_ndm00086|PMK1_ndm00087|PMK1_ndm00088|PMK1_ndm00089|PMK1_ndm00090	2637	NA	4	22.0	no	0	0	0	0	0	0	0	0
PMK1_ndm00147|PMK1_ndm00149|PMK1_ndm00150|PMK1_ndm00151|PMK1_ndm00152	2637	NA	5	-0.2	no	0	0	0	0	0	0	0	0
PMK1_ndm00237|PMK1_ndm00238|PMK1_ndm00239|PMK1_ndm00240|PMK1_ndm00241	2637	NA	5	-61.2	no	0	0	0	0	0	1	0	0
PMK1_ndm00238|PMK1_ndm00239|PMK1_ndm00240|PMK1_ndm00241|PMK1_ndm00242	2637	NA	5	-61.2	no	0	0	0	0	0	1	0	0
PMK1_ndm00294|PMK1_ndm00295|PMK1_ndm00296|PMK1_ndm00297|PMK1_ndm00298	2613	NA	5	10.8	no	0	0	0	0	0	0	0	0
PMK1_ndm00302|PMK1_ndm00303|PMK1_ndm00304|PMK1_ndm00305|PMK1_ndm00306	2613	NA	5	11.9	no	0	0	0	0	0	0	0	0
PMK1_ndm00096|PMK1_ndm00097|PMK1_ndm00098|PMK1_ndm00099|PMK1_ndm00100	2583	NA	5	9.6	no	0	0	0	0	0	0	0	0
PMK1_ndm00258|PMK1_ndm00259|PMK1_ndm00260|PMK1_ndm00261|PMK1_ndm00262	2547	NA	5	6.6	no	0	0	0	0	0	0	0	0
PMK1_ndm00022|PMK1_ndm00023|PMK1_ndm00024|PMK1_ndm00025|PMK1_ndm00026	2532	NA	5	15.0	no	0	0	0	0	0	0	0	0
PMK1_ndm00301|PMK1_ndm00302|PMK1_ndm00303|PMK1_ndm00304|PMK1_ndm00305	2526	NA	5	14.7	no	0	0	0	0	0	0	0	0
PMK1_ndm00159|PMK1_ndm00160|PMK1_ndm00161|PMK1_ndm00162|PMK1_ndm00163	2517	NA	5	11.5	no	0	0	0	0	1	0	0	0
PMK1_ndm00059|PMK1_ndm00060|PMK1_ndm00061|PMK1_ndm00062|PMK1_ndm00063	2511	NA	5	2.1	no	0	0	0	0	0	0	0	0
PMK1_ndm00045|PMK1_ndm00046|PMK1_ndm00048|PMK1_ndm00049|PMK1_ndm00050	2457	NA	5	9.0	no	0	0	0	0	0	0	0	0
PMK1_ndm00027|PMK1_ndm00028|PMK1_ndm00029|PMK1_ndm00030|PMK1_ndm00031	2442	NA	5	11.9	no	0	0	0	0	0	0	0	0
PMK1_ndm00145|PMK1_ndm00146|PMK1_ndm00147|PMK1_ndm00149|PMK1_ndm00150	2436	NA	4	4.7	no	0	0	0	0	0	0	0	0
PMK1_ndm00158|PMK1_ndm00159|PMK1_ndm00160|PMK1_ndm00161|PMK1_ndm00162	2421	NA	5	10.0	no	0	0	0	0	0	0	0	0
PMK1_ndm00026|PMK1_ndm00027|PMK1_ndm00028|PMK1_ndm00029|PMK1_ndm00030	2394	NA	5	12.0	no	0	0	0	0	0	0	0	0
PMK1_ndm00149|PMK1_ndm00150|PMK1_ndm00151|PMK1_ndm00152|PMK1_ndm00153	2394	NA	5	-15.6	no	0	0	0	0	0	0	0	0
PMK1_ndm00098|PMK1_ndm00099|PMK1_ndm00100|PMK1_ndm00101|PMK1_ndm00102	2382	NA	5	10.2	no	0	0	0	0	0	0	0	0
PMK1_ndm00309|PMK1_ndm00310|PMK1_ndm00311|PMK1_ndm00312|PMK1_ndm00313	2379	NA	5	-2.8	no	0	0	0	0	0	0	0	0
PMK1_ndm00097|PMK1_ndm00098|PMK1_ndm00099|PMK1_ndm00100|PMK1_ndm00101	2340	NA	5	10.9	no	0	0	0	0	0	0	0	0
PMK1_ndm00095|PMK1_ndm00096|PMK1_ndm00097|PMK1_ndm00098|PMK1_ndm00099	2328	NA	5	9.2	no	0	0	0	0	0	0	0	0
PMK1_ndm00101|PMK1_ndm00102|PMK1_ndm00103|PMK1_ndm00104|PMK1_ndm00105	2322	NA	5	9.4	no	0	0	0	0	0	0	0	0
PMK1_ndm00116|PMK1_ndm00117|PMK1_ndm00118|PMK1_ndm00119|PMK1_ndm00120	2313	NA	5	-142.5	no	0	0	0	0	0	0	0	0
PMK1_ndm00334|PMK1_ndm00335|PMK1_ndm00336|PMK1_ndm00337|PMK1_ndm00338	2304	NA	5	12.8	no	0	0	0	0	0	0	0	0
PMK1_ndm00117|PMK1_ndm00118|PMK1_ndm00119|PMK1_ndm00120|PMK1_ndm00121	2265	NA	5	-161.5	no	0	0	0	0	0	0	0	0
PMK1_ndm00103|PMK1_ndm00104|PMK1_ndm00105|PMK1_ndm00106|PMK1_ndm00107	2184	NA	5	11.1	no	0	0	0	0	0	0	0	0
PMK1_ndm00060|PMK1_ndm00061|PMK1_ndm00062|PMK1_ndm00063|PMK1_ndm00064	2160	NA	5	2.6	no	0	0	0	0	0	0	0	0
PMK1_ndm00131|PMK1_ndm00132|PMK1_ndm00133|PMK1_ndm00134|PMK1_ndm00135	2151	NA	5	12.3	no	0	0	0	0	0	0	0	0
PMK1_ndm00132|PMK1_ndm00133|PMK1_ndm00134|PMK1_ndm00135|PMK1_ndm00136	2145	NA	5	12.0	no	0	0	0	0	0	0	0	0
PMK1_ndm00023|PMK1_ndm00024|PMK1_ndm00025|PMK1_ndm00026|PMK1_ndm00027	2136	NA	5	14.0	no	0	0	0	0	0	0	0	0
PMK1_ndm00130|PMK1_ndm00131|PMK1_ndm00132|PMK1_ndm00133|PMK1_ndm00134	2130	NA	5	13.5	no	0	0	0	0	0	0	0	0
PMK1_ndm00038|PMK1_ndm00039|PMK1_ndm00040|PMK1_ndm00041|PMK1_ndm00042	2112	NA	5	9.1	no	0	0	0	0	0	0	0	0
PMK1_ndm00126|PMK1_ndm00127|PMK1_ndm00128|PMK1_ndm00129|PMK1_ndm00130	2100	NA	5	13.2	no	0	0	0	0	0	0	0	0
PMK1_ndm00135|PMK1_ndm00136|PMK1_ndm00137|PMK1_ndm00138|PMK1_ndm00139	2094	NA	5	10.2	no	0	0	0	0	0	0	0	0
PMK1_ndm00200|PMK1_ndm00201|PMK1_ndm00202|PMK1_ndm00203|PMK1_ndm00204	2076	NA	5	17.9	no	0	0	0	0	0	0	0	0
PMK1_ndm00257|PMK1_ndm00258|PMK1_ndm00259|PMK1_ndm00260|PMK1_ndm00261	2070	NA	5	6.1	no	0	0	0	0	0	0	0	0
PMK1_ndm00146|PMK1_ndm00147|PMK1_ndm00149|PMK1_ndm00150|PMK1_ndm00151	2049	NA	5	0.0	no	0	0	0	0	0	0	0	0
PMK1_ndm00113|PMK1_ndm00114|PMK1_ndm00115|PMK1_ndm00116|PMK1_ndm00117	2046	NA	5	13.8	no	0	0	0	0	0	0	0	0
PMK1_ndm00134|PMK1_ndm00135|PMK1_ndm00136|PMK1_ndm00137|PMK1_ndm00138	1995	NA	5	9.5	no	0	0	0	0	0	0	0	0
PMK1_ndm00251|PMK1_ndm00252|PMK1_ndm00253|PMK1_ndm00254|PMK1_ndm00255	1989	NA	3	15.3	no	0	0	0	0	0	1	0	0
PMK1_ndm00031|PMK1_ndm00033|PMK1_ndm00034|PMK1_ndm00035|PMK1_ndm00036	1974	NA	5	13.8	no	0	0	0	0	0	0	0	0
PMK1_ndm00036|PMK1_ndm00037|PMK1_ndm00038|PMK1_ndm00039|PMK1_ndm00040	1968	NA	5	9.0	no	0	0	0	0	0	0	0	0
PMK1_ndm00102|PMK1_ndm00103|PMK1_ndm00104|PMK1_ndm00105|PMK1_ndm00106	1947	NA	5	10.5	no	0	0	0	0	0	0	0	0
PMK1_ndm00201|PMK1_ndm00202|PMK1_ndm00203|PMK1_ndm00204|PMK1_ndm00205	1944	NA	5	23.9	no	0	0	0	0	0	0	0	0
PMK1_ndm00250|PMK1_ndm00251|PMK1_ndm00252|PMK1_ndm00253|PMK1_ndm00254	1923	NA	2	20.6	no	0	0	0	0	0	1	0	0
PMK1_ndm00037|PMK1_ndm00038|PMK1_ndm00039|PMK1_ndm00040|PMK1_ndm00041	1911	NA	5	8.6	no	0	0	0	0	0	0	0	0
PMK1_ndm00040|PMK1_ndm00041|PMK1_ndm00042|PMK1_ndm00043|PMK1_ndm00044	1908	NA	5	12.7	no	0	0	0	0	0	0	0	0
PMK1_ndm00133|PMK1_ndm00134|PMK1_ndm00135|PMK1_ndm00136|PMK1_ndm00137	1890	NA	4	11.7	no	0	0	0	0	0	0	0	0
PMK1_ndm00256|PMK1_ndm00257|PMK1_ndm00258|PMK1_ndm00259|PMK1_ndm00260	1890	NA	5	6.3	no	0	0	0	0	0	0	0	0
PMK1_ndm00024|PMK1_ndm00025|PMK1_ndm00026|PMK1_ndm00027|PMK1_ndm00028	1887	NA	5	11.6	no	0	0	0	0	0	0	0	0
PMK1_ndm00030|PMK1_ndm00031|PMK1_ndm00033|PMK1_ndm00034|PMK1_ndm00035	1866	NA	5	13.8	no	0	0	0	0	0	0	0	0
PMK1_ndm00249|PMK1_ndm00250|PMK1_ndm00251|PMK1_ndm00252|PMK1_ndm00253	1866	NA	2	17.0	no	0	0	0	0	0	2	0	0
PMK1_ndm00042|PMK1_ndm00043|PMK1_ndm00044|PMK1_ndm00045|PMK1_ndm00046	1863	NA	5	12.3	no	0	0	0	0	0	0	0	0
PMK1_ndm00044|PMK1_ndm00045|PMK1_ndm00046|PMK1_ndm00048|PMK1_ndm00049	1839	NA	5	11.9	no	0	0	0	0	0	0	0	0
PMK1_ndm00252|PMK1_ndm00253|PMK1_ndm00254|PMK1_ndm00255|PMK1_ndm00256	1821	NA	4	23.3	no	0	0	0	0	0	1	0	0
PMK1_ndm00035|PMK1_ndm00036|PMK1_ndm00037|PMK1_ndm00038|PMK1_ndm00039	1818	NA	5	9.3	no	0	0	0	0	0	0	0	0
PMK1_ndm00041|PMK1_ndm00042|PMK1_ndm00043|PMK1_ndm00044|PMK1_ndm00045	1800	NA	5	12.4	no	0	0	0	0	0	0	0	0
PMK1_ndm00254|PMK1_ndm00255|PMK1_ndm00256|PMK1_ndm00257|PMK1_ndm00258	1794	NA	5	12.8	no	0	0	0	0	0	0	0	0
PMK1_ndm00034|PMK1_ndm00035|PMK1_ndm00036|PMK1_ndm00037|PMK1_ndm00038	1785	NA	5	10.6	no	0	0	0	0	0	0	0	0
PMK1_ndm00129|PMK1_ndm00130|PMK1_ndm00131|PMK1_ndm00132|PMK1_ndm00133	1755	NA	5	14.0	no	0	0	0	0	0	0	0	0
PMK1_ndm00039|PMK1_ndm00040|PMK1_ndm00041|PMK1_ndm00042|PMK1_ndm00043	1746	NA	5	11.9	no	0	0	0	0	0	0	0	0
PMK1_ndm00127|PMK1_ndm00128|PMK1_ndm00129|PMK1_ndm00130|PMK1_ndm00131	1716	NA	5	14.1	no	0	0	0	0	0	0	0	0
PMK1_ndm00128|PMK1_ndm00129|PMK1_ndm00130|PMK1_ndm00131|PMK1_ndm00132	1713	NA	5	14.4	no	0	0	0	0	0	0	0	0
PMK1_ndm00033|PMK1_ndm00034|PMK1_ndm00035|PMK1_ndm00036|PMK1_ndm00037	1704	NA	5	12.7	no	0	0	0	0	0	0	0	0
PMK1_ndm00255|PMK1_ndm00256|PMK1_ndm00257|PMK1_ndm00258|PMK1_ndm00259	1692	NA	5	5.9	no	0	0	0	0	0	0	0	0
PMK1_ndm00043|PMK1_ndm00044|PMK1_ndm00045|PMK1_ndm00046|PMK1_ndm00048	1665	NA	4	12.7	no	0	0	0	0	0	0	0	1
PMK1_ndm00115|PMK1_ndm00116|PMK1_ndm00117|PMK1_ndm00118|PMK1_ndm00119	1650	NA	5	13.9	no	0	0	0	0	0	0	0	0
PMK1_ndm00253|PMK1_ndm00254|PMK1_ndm00255|PMK1_ndm00256|PMK1_ndm00257	1644	NA	4	14.1	no	0	0	0	0	0	0	0	0
PMK1_ndm00114|PMK1_ndm00115|PMK1_ndm00116|PMK1_ndm00117|PMK1_ndm00118	1512	NA	5	14.0	no	0	0	0	0	0	0	0	0
