ID	Length	Coverage	# ORFs	RDS	Circular	Inc Type(s)	# Replication	# Mobilization	# OriT	# Conjugation	# AMRs	# rRNAs	# Plasmid Hits
KPNIH10_26410|KPNIH10_26415|KPNIH10_26420|KPNIH10_26425|KPNIH10_26430	5145	NA	5	23.4	no	0	0	0	0	0	1	0	0
KPNIH10_26485|KPNIH10_26410|KPNIH10_26415|KPNIH10_26420|KPNIH10_26425	4689	NA	5	22.8	no	0	0	0	0	0	1	0	0
KPNIH10_26480|KPNIH10_26485|KPNIH10_26410|KPNIH10_26415|KPNIH10_26420	4683	NA	5	27.1	no	0	0	0	0	0	1	0	0
KPNIH10_26435|KPNIH10_26440|KPNIH10_26445|KPNIH10_26450|KPNIH10_26455	4499	NA	6	3.5	no	0	0	1	0	0	0	0	0
KPNIH10_26430|KPNIH10_26435|KPNIH10_26440|KPNIH10_26445|KPNIH10_26450	4472	NA	6	3.5	no	0	0	0	0	0	0	0	0
KPNIH10_26475|KPNIH10_26480|KPNIH10_26485|KPNIH10_26410|KPNIH10_26415	4377	NA	5	27.0	no	0	0	0	0	0	0	0	0
KPNIH10_26470|KPNIH10_26475|KPNIH10_26480|KPNIH10_26485|KPNIH10_26410	4197	NA	5	22.0	no	0	0	0	0	0	0	0	0
KPNIH10_26450|KPNIH10_26455|KPNIH10_26460|KPNIH10_26465|KPNIH10_26470	3782	NA	6	9.1	no	0	0	0	0	0	0	0	1
KPNIH10_26440|KPNIH10_26445|KPNIH10_26450|KPNIH10_26455|KPNIH10_26460	3632	NA	6	3.4	no	0	0	0	0	0	0	0	1
KPNIH10_26445|KPNIH10_26450|KPNIH10_26455|KPNIH10_26460|KPNIH10_26465	3554	NA	6	6.1	no	0	0	0	0	0	0	0	1
KPNIH10_26415|KPNIH10_26420|KPNIH10_26425|KPNIH10_26430|KPNIH10_26435	3537	NA	5	13.8	no	0	0	0	0	0	1	0	0
KPNIH10_26420|KPNIH10_26425|KPNIH10_26430|KPNIH10_26435|KPNIH10_26440	3237	NA	5	8.5	no	0	0	0	0	0	1	0	0
KPNIH10_26425|KPNIH10_26430|KPNIH10_26435|KPNIH10_26440|KPNIH10_26445	2781	NA	5	4.8	no	0	0	0	0	0	0	0	0
KPNIH10_26455|KPNIH10_26460|KPNIH10_26465|KPNIH10_26470|KPNIH10_26475	2121	NA	5	14.5	no	0	0	0	0	0	0	0	0
KPNIH10_26460|KPNIH10_26465|KPNIH10_26470|KPNIH10_26475|KPNIH10_26480	1653	NA	5	18.9	no	0	0	0	0	0	0	0	0
KPNIH10_26465|KPNIH10_26470|KPNIH10_26475|KPNIH10_26480|KPNIH10_26485	1371	NA	5	19.1	no	0	0	0	0	0	0	0	0
