ID	Length	Coverage	# ORFs	RDS	Circular	Inc Type(s)	# Replication	# Mobilization	# OriT	# Conjugation	# AMRs	# rRNAs	# Plasmid Hits
ECNIH3_22015|ECNIH3_22025|ECNIH3_22035|ECNIH3_22040|ECNIH3_22045	6665	NA	5	-153.5	no	0	0	0	0	0	0	0	0
ECNIH3_22010|ECNIH3_22015|ECNIH3_22025|ECNIH3_22035|ECNIH3_22040	6533	NA	5	-153.5	no	0	0	0	0	0	0	0	0
ECNIH3_22005|ECNIH3_22010|ECNIH3_22015|ECNIH3_22025|ECNIH3_22035	5936	NA	5	-152.7	no	0	0	0	0	0	0	0	0
ECNIH3_22195|ECNIH3_22200|ECNIH3_22205|ECNIH3_22210|ECNIH3_22215	5925	NA	5	1.1	no	0	0	0	0	0	0	0	1
ECNIH3_22045|ECNIH3_22050|ECNIH3_22055|ECNIH3_22060|ECNIH3_22065	5724	NA	5	0.1	no	0	0	0	0	0	0	0	0
ECNIH3_22025|ECNIH3_22035|ECNIH3_22040|ECNIH3_22045|ECNIH3_22050	5613	NA	5	-0.2	no	0	0	0	0	0	0	0	1
ECNIH3_22050|ECNIH3_22055|ECNIH3_22060|ECNIH3_22065|ECNIH3_22070	5499	NA	5	0.1	no	0	0	0	0	0	0	0	0
ECNIH3_22000|ECNIH3_22005|ECNIH3_22010|ECNIH3_22015|ECNIH3_22025	5441	NA	5	-151.8	no	0	0	0	0	0	0	0	0
ECNIH3_22190|ECNIH3_22195|ECNIH3_22200|ECNIH3_22205|ECNIH3_22210	5424	NA	5	-9.0	no	0	0	0	0	0	0	0	1
ECNIH3_22035|ECNIH3_22040|ECNIH3_22045|ECNIH3_22050|ECNIH3_22055	5340	NA	5	0.1	no	0	0	0	0	0	0	0	1
ECNIH3_22065|ECNIH3_22070|ECNIH3_22085|ECNIH3_22090|ECNIH3_22095	5292	NA	5	0.0	no	0	0	0	0	0	0	0	0
ECNIH3_22060|ECNIH3_22065|ECNIH3_22070|ECNIH3_22085|ECNIH3_22090	5277	NA	5	0.0	no	0	0	0	0	0	0	0	0
ECNIH3_22205|ECNIH3_22210|ECNIH3_22215|ECNIH3_22220|ECNIH3_22225	5262	NA	5	1.1	no	0	0	0	0	0	0	0	1
ECNIH3_22185|ECNIH3_22190|ECNIH3_22195|ECNIH3_22200|ECNIH3_22205	5178	NA	5	-6.9	no	0	0	0	0	0	0	0	0
ECNIH3_22040|ECNIH3_22045|ECNIH3_22050|ECNIH3_22055|ECNIH3_22060	5163	NA	5	0.1	no	0	0	0	0	0	0	0	1
ECNIH3_22120|ECNIH3_22125|ECNIH3_22130|ECNIH3_22135|ECNIH3_22140	5142	NA	5	5.7	no	0	0	0	0	0	0	0	0
ECNIH3_22105|ECNIH3_22115|ECNIH3_22120|ECNIH3_22125|ECNIH3_22130	5061	NA	5	6.4	no	0	0	0	0	0	0	0	0
ECNIH3_21995|ECNIH3_22000|ECNIH3_22005|ECNIH3_22010|ECNIH3_22015	4961	NA	5	2.9	no	0	0	0	0	0	0	0	0
ECNIH3_22180|ECNIH3_22185|ECNIH3_22190|ECNIH3_22195|ECNIH3_22200	4929	NA	5	7.1	no	0	1	0	0	0	0	0	0
ECNIH3_22200|ECNIH3_22205|ECNIH3_22210|ECNIH3_22215|ECNIH3_22220	4830	NA	5	1.1	no	0	0	0	0	0	0	0	1
ECNIH3_22210|ECNIH3_22215|ECNIH3_22220|ECNIH3_22225|ECNIH3_22230	4824	NA	5	1.1	no	0	0	0	0	0	0	0	1
ECNIH3_22215|ECNIH3_22220|ECNIH3_22225|ECNIH3_22230|ECNIH3_22235	4623	NA	5	1.1	no	0	0	0	0	0	0	0	1
ECNIH3_22275|ECNIH3_22280|ECNIH3_22285|ECNIH3_22290|ECNIH3_22295	4551	NA	6	34.2	no	1	1	0	0	0	0	0	0
ECNIH3_22285|ECNIH3_22290|ECNIH3_22295|ECNIH3_22300|ECNIH3_22305	4536	NA	6	42.6	no	0	0	0	0	0	0	0	0
ECNIH3_22085|ECNIH3_22090|ECNIH3_22095|ECNIH3_22100|ECNIH3_22105	4479	NA	5	2.0	no	0	0	0	0	0	0	0	0
ECNIH3_22055|ECNIH3_22060|ECNIH3_22065|ECNIH3_22070|ECNIH3_22085	4440	NA	5	0.1	no	0	0	0	0	0	0	0	0
ECNIH3_22225|ECNIH3_22230|ECNIH3_22235|ECNIH3_22240|ECNIH3_22245	4386	NA	5	-74.5	no	0	0	0	0	0	0	0	0
ECNIH3_22125|ECNIH3_22130|ECNIH3_22135|ECNIH3_22140|ECNIH3_22145	4374	NA	5	4.5	no	0	0	0	0	0	0	0	0
ECNIH3_22130|ECNIH3_22135|ECNIH3_22140|ECNIH3_22145|ECNIH3_22150	4269	NA	5	3.1	no	0	0	0	0	0	0	0	0
ECNIH3_22115|ECNIH3_22120|ECNIH3_22125|ECNIH3_22130|ECNIH3_22135	4233	NA	5	6.6	no	0	0	0	0	0	0	0	0
ECNIH3_22280|ECNIH3_22285|ECNIH3_22290|ECNIH3_22295|ECNIH3_22300	4155	NA	6	42.5	no	0	0	0	0	0	0	0	0
ECNIH3_22090|ECNIH3_22095|ECNIH3_22100|ECNIH3_22105|ECNIH3_22115	4140	NA	5	3.2	no	0	0	0	0	0	0	0	0
ECNIH3_22220|ECNIH3_22225|ECNIH3_22230|ECNIH3_22235|ECNIH3_22240	4122	NA	5	-74.6	no	0	0	0	0	0	0	0	0
ECNIH3_22290|ECNIH3_22295|ECNIH3_22300|ECNIH3_22305|ECNIH3_22310	4035	NA	5	51.1	no	0	0	0	0	0	0	0	0
ECNIH3_22175|ECNIH3_22180|ECNIH3_22185|ECNIH3_22190|ECNIH3_22195	4032	NA	5	6.9	no	0	1	0	0	0	0	0	0
ECNIH3_22100|ECNIH3_22105|ECNIH3_22115|ECNIH3_22120|ECNIH3_22125	3915	NA	5	5.7	no	0	0	0	0	0	0	0	0
ECNIH3_22070|ECNIH3_22085|ECNIH3_22090|ECNIH3_22095|ECNIH3_22100	3909	NA	5	1.0	no	0	0	0	0	0	0	0	0
ECNIH3_22095|ECNIH3_22100|ECNIH3_22105|ECNIH3_22115|ECNIH3_22120	3792	NA	5	4.3	no	0	0	0	0	0	0	0	0
ECNIH3_22265|ECNIH3_22275|ECNIH3_22280|ECNIH3_22285|ECNIH3_22290	3537	NA	5	23.8	no	1	1	0	0	0	0	0	0
ECNIH3_22295|ECNIH3_22300|ECNIH3_22305|ECNIH3_22310|ECNIH3_21975	3351	NA	5	42.7	no	0	0	0	0	0	0	0	0
ECNIH3_22260|ECNIH3_22265|ECNIH3_22275|ECNIH3_22280|ECNIH3_22285	3339	NA	5	19.4	no	1	1	0	0	0	0	0	0
ECNIH3_22240|ECNIH3_22245|ECNIH3_22250|ECNIH3_22255|ECNIH3_22260	3330	NA	5	-46.0	no	0	0	0	0	0	0	0	0
ECNIH3_22235|ECNIH3_22240|ECNIH3_22245|ECNIH3_22250|ECNIH3_22255	3273	NA	5	-54.0	no	0	0	0	0	0	0	0	0
ECNIH3_22230|ECNIH3_22235|ECNIH3_22240|ECNIH3_22245|ECNIH3_22250	3198	NA	5	-62.0	no	0	0	0	0	0	0	0	0
ECNIH3_22135|ECNIH3_22140|ECNIH3_22145|ECNIH3_22150|ECNIH3_22155	3123	NA	4	1.9	no	0	0	0	0	0	0	0	0
ECNIH3_22245|ECNIH3_22250|ECNIH3_22255|ECNIH3_22260|ECNIH3_22265	3084	NA	4	36.8	no	0	0	0	0	0	0	0	0
ECNIH3_22140|ECNIH3_22145|ECNIH3_22150|ECNIH3_22155|ECNIH3_22160	3045	NA	3	0.3	no	0	0	0	0	0	0	0	0
ECNIH3_22250|ECNIH3_22255|ECNIH3_22260|ECNIH3_22265|ECNIH3_22275	2958	NA	4	50.6	no	1	1	0	0	0	0	0	0
ECNIH3_22255|ECNIH3_22260|ECNIH3_22265|ECNIH3_22275|ECNIH3_22280	2877	NA	4	34.7	no	1	1	0	0	0	0	0	0
ECNIH3_22165|ECNIH3_22170|ECNIH3_22175|ECNIH3_22180|ECNIH3_22185	2799	NA	5	4.0	no	0	1	0	0	0	0	0	0
ECNIH3_22170|ECNIH3_22175|ECNIH3_22180|ECNIH3_22185|ECNIH3_22190	2799	NA	5	9.8	no	0	1	0	0	0	0	0	0
ECNIH3_22300|ECNIH3_22305|ECNIH3_22310|ECNIH3_21975|ECNIH3_21980	2481	NA	5	29.4	no	0	0	0	0	0	0	0	0
ECNIH3_21990|ECNIH3_21995|ECNIH3_22000|ECNIH3_22005|ECNIH3_22010	2463	NA	5	3.0	no	0	0	0	0	0	0	0	0
ECNIH3_22305|ECNIH3_22310|ECNIH3_21975|ECNIH3_21980|ECNIH3_21985	2406	NA	6	6.8	no	0	0	0	0	0	0	0	0
ECNIH3_22160|ECNIH3_22165|ECNIH3_22170|ECNIH3_22175|ECNIH3_22180	2400	NA	4	2.1	no	0	1	0	0	0	0	0	0
ECNIH3_22150|ECNIH3_22155|ECNIH3_22160|ECNIH3_22165|ECNIH3_22170	2388	NA	3	-20.9	no	0	0	0	0	0	0	0	0
ECNIH3_22145|ECNIH3_22150|ECNIH3_22155|ECNIH3_22160|ECNIH3_22165	2265	NA	3	-26.0	no	0	0	0	0	0	0	0	0
ECNIH3_21985|ECNIH3_21990|ECNIH3_21995|ECNIH3_22000|ECNIH3_22005	2115	NA	6	2.4	no	0	0	0	0	0	0	0	1
ECNIH3_22310|ECNIH3_21975|ECNIH3_21980|ECNIH3_21985|ECNIH3_21990	2082	NA	6	7.1	no	0	0	0	0	0	0	0	0
ECNIH3_21980|ECNIH3_21985|ECNIH3_21990|ECNIH3_21995|ECNIH3_22000	1959	NA	6	5.0	no	0	0	0	0	0	0	0	0
ECNIH3_21975|ECNIH3_21980|ECNIH3_21985|ECNIH3_21990|ECNIH3_21995	1878	NA	6	7.7	no	0	0	0	0	0	0	0	0
ECNIH3_22155|ECNIH3_22160|ECNIH3_22165|ECNIH3_22170|ECNIH3_22175	1875	NA	3	-21.0	no	0	0	0	0	0	0	0	0
