ID	Length	Coverage	# ORFs	RDS	Circular	Inc Type(s)	# Replication	# Mobilization	# OriT	# Conjugation	# AMRs	# rRNAs	# Plasmid Hits
ECNIH3_23860|ECNIH3_23865|ECNIH3_23870|ECNIH3_23875|ECNIH3_23880	6156	NA	5	0.4	no	0	0	0	0	0	0	0	1
ECNIH3_24050|ECNIH3_23680|ECNIH3_23685|ECNIH3_23690|ECNIH3_23695	6138	NA	5	0.3	no	0	0	1	0	1	0	0	0
ECNIH3_24045|ECNIH3_24050|ECNIH3_23680|ECNIH3_23685|ECNIH3_23690	6021	NA	5	0.3	no	0	0	1	0	1	0	0	0
ECNIH3_23685|ECNIH3_23690|ECNIH3_23695|ECNIH3_23700|ECNIH3_23705	5862	NA	5	0.4	no	0	0	1	0	1	0	0	1
ECNIH3_23680|ECNIH3_23685|ECNIH3_23690|ECNIH3_23695|ECNIH3_23700	5715	NA	5	0.4	no	0	0	1	0	1	0	0	1
ECNIH3_23815|ECNIH3_23820|ECNIH3_23825|ECNIH3_23830|ECNIH3_23835	5631	NA	5	0.4	no	0	0	0	0	1	0	0	0
ECNIH3_23855|ECNIH3_23860|ECNIH3_23865|ECNIH3_23870|ECNIH3_23875	5556	NA	5	0.3	no	0	0	0	0	0	0	0	1
ECNIH3_23835|ECNIH3_23845|ECNIH3_23855|ECNIH3_23860|ECNIH3_23865	5463	NA	5	0.3	no	0	0	0	0	1	0	0	0
ECNIH3_23875|ECNIH3_23880|ECNIH3_23885|ECNIH3_23890|ECNIH3_23900	5184	NA	5	0.4	no	0	0	0	0	0	0	0	0
ECNIH3_23845|ECNIH3_23855|ECNIH3_23860|ECNIH3_23865|ECNIH3_23870	5064	NA	5	0.3	no	0	0	0	0	1	0	0	0
ECNIH3_23810|ECNIH3_23815|ECNIH3_23820|ECNIH3_23825|ECNIH3_23830	4983	NA	5	0.3	no	0	0	0	0	1	0	0	0
ECNIH3_23865|ECNIH3_23870|ECNIH3_23875|ECNIH3_23880|ECNIH3_23885	4953	NA	5	0.4	no	0	0	0	0	0	0	0	1
ECNIH3_24040|ECNIH3_24045|ECNIH3_24050|ECNIH3_23680|ECNIH3_23685	4926	NA	5	0.3	no	0	0	1	0	0	0	0	0
ECNIH3_23830|ECNIH3_23835|ECNIH3_23845|ECNIH3_23855|ECNIH3_23860	4809	NA	5	0.3	no	0	0	0	0	1	0	0	0
ECNIH3_23805|ECNIH3_23810|ECNIH3_23815|ECNIH3_23820|ECNIH3_23825	4527	NA	5	0.3	no	0	0	0	0	1	0	0	0
ECNIH3_23870|ECNIH3_23875|ECNIH3_23880|ECNIH3_23885|ECNIH3_23890	4521	NA	5	0.4	no	0	0	0	0	0	0	0	1
ECNIH3_23880|ECNIH3_23885|ECNIH3_23890|ECNIH3_23900|ECNIH3_23905	4254	NA	5	0.4	no	0	0	0	0	0	0	0	0
ECNIH3_23820|ECNIH3_23825|ECNIH3_23830|ECNIH3_23835|ECNIH3_23845	4251	NA	5	0.4	no	0	0	0	0	1	0	0	0
ECNIH3_23825|ECNIH3_23830|ECNIH3_23835|ECNIH3_23845|ECNIH3_23855	4062	NA	5	0.3	no	0	0	0	0	1	0	0	0
ECNIH3_23800|ECNIH3_23805|ECNIH3_23810|ECNIH3_23815|ECNIH3_23820	3831	NA	5	0.3	no	0	0	0	0	1	0	0	1
ECNIH3_23885|ECNIH3_23890|ECNIH3_23900|ECNIH3_23905|ECNIH3_23910	3693	NA	6	0.2	no	0	0	0	0	0	0	0	0
ECNIH3_23890|ECNIH3_23900|ECNIH3_23905|ECNIH3_23910|ECNIH3_23925	3645	NA	6	0.2	no	0	0	0	0	0	0	0	0
ECNIH3_23790|ECNIH3_23800|ECNIH3_23805|ECNIH3_23810|ECNIH3_23815	3489	NA	5	0.3	no	0	0	0	0	1	0	0	0
ECNIH3_23690|ECNIH3_23695|ECNIH3_23700|ECNIH3_23705|ECNIH3_23710	3342	NA	5	0.4	no	0	0	0	0	1	0	0	0
ECNIH3_23750|ECNIH3_23760|ECNIH3_23775|ECNIH3_23780|ECNIH3_23785	3183	NA	5	0.4	no	1	0	0	0	0	0	0	0
ECNIH3_23760|ECNIH3_23775|ECNIH3_23780|ECNIH3_23785|ECNIH3_23790	3180	NA	5	0.4	no	1	0	0	0	0	0	0	0
ECNIH3_23775|ECNIH3_23780|ECNIH3_23785|ECNIH3_23790|ECNIH3_23800	3108	NA	5	0.4	no	1	0	0	0	0	0	0	0
ECNIH3_23900|ECNIH3_23905|ECNIH3_23910|ECNIH3_23925|ECNIH3_23930	2952	NA	6	0.2	no	0	0	0	0	0	0	0	0
ECNIH3_23745|ECNIH3_23750|ECNIH3_23760|ECNIH3_23775|ECNIH3_23780	2859	NA	5	0.4	no	0	0	0	0	0	0	0	0
ECNIH3_23970|ECNIH3_23975|ECNIH3_23985|ECNIH3_23990|ECNIH3_23995	2733	NA	5	0.3	no	0	0	0	0	0	0	0	0
ECNIH3_23965|ECNIH3_23970|ECNIH3_23975|ECNIH3_23985|ECNIH3_23990	2724	NA	5	0.4	no	0	0	0	0	0	0	0	0
ECNIH3_23740|ECNIH3_23745|ECNIH3_23750|ECNIH3_23760|ECNIH3_23775	2631	NA	5	0.4	no	0	0	0	0	0	0	0	0
ECNIH3_23905|ECNIH3_23910|ECNIH3_23925|ECNIH3_23930|ECNIH3_23940	2427	NA	6	0.2	no	0	0	0	0	0	0	0	0
ECNIH3_23975|ECNIH3_23985|ECNIH3_23990|ECNIH3_23995|ECNIH3_24000	2397	NA	5	0.3	no	0	0	0	0	0	0	0	0
ECNIH3_23780|ECNIH3_23785|ECNIH3_23790|ECNIH3_23800|ECNIH3_23805	2337	NA	5	0.4	no	1	0	0	0	0	0	0	0
ECNIH3_24025|ECNIH3_24040|ECNIH3_24045|ECNIH3_24050|ECNIH3_23680	2286	NA	4	0.3	no	0	0	0	0	0	0	0	0
ECNIH3_23960|ECNIH3_23965|ECNIH3_23970|ECNIH3_23975|ECNIH3_23985	2283	NA	5	0.4	no	0	0	0	0	0	0	0	0
ECNIH3_23700|ECNIH3_23705|ECNIH3_23710|ECNIH3_23720|ECNIH3_23725	2280	NA	5	0.4	no	0	0	0	0	0	0	0	0
ECNIH3_23725|ECNIH3_23730|ECNIH3_23735|ECNIH3_23740|ECNIH3_23745	2226	NA	5	0.3	no	0	0	0	0	0	0	0	0
ECNIH3_23720|ECNIH3_23725|ECNIH3_23730|ECNIH3_23735|ECNIH3_23740	2190	NA	5	0.3	no	0	0	0	0	0	0	0	0
ECNIH3_23705|ECNIH3_23710|ECNIH3_23720|ECNIH3_23725|ECNIH3_23730	2184	NA	5	0.4	no	0	0	0	0	0	0	0	0
ECNIH3_23985|ECNIH3_23990|ECNIH3_23995|ECNIH3_24000|ECNIH3_24005	2169	NA	5	0.2	no	0	0	0	0	0	0	0	0
ECNIH3_23695|ECNIH3_23700|ECNIH3_23705|ECNIH3_23710|ECNIH3_23720	2151	NA	5	0.4	no	0	0	0	0	0	0	0	0
ECNIH3_23735|ECNIH3_23740|ECNIH3_23745|ECNIH3_23750|ECNIH3_23760	2142	NA	5	0.3	no	0	0	0	0	0	0	0	0
ECNIH3_23910|ECNIH3_23925|ECNIH3_23930|ECNIH3_23940|ECNIH3_23945	2136	NA	5	0.2	no	0	0	0	0	0	0	0	0
ECNIH3_23955|ECNIH3_23960|ECNIH3_23965|ECNIH3_23970|ECNIH3_23975	2088	NA	5	0.4	no	0	0	0	0	0	0	0	0
ECNIH3_23730|ECNIH3_23735|ECNIH3_23740|ECNIH3_23745|ECNIH3_23750	2082	NA	5	0.3	no	0	0	0	0	0	0	0	0
ECNIH3_24020|ECNIH3_24025|ECNIH3_24040|ECNIH3_24045|ECNIH3_24050	2073	NA	4	0.2	no	0	0	0	0	0	0	0	0
ECNIH3_23710|ECNIH3_23720|ECNIH3_23725|ECNIH3_23730|ECNIH3_23735	2049	NA	5	0.3	no	0	0	0	0	0	0	0	0
ECNIH3_23990|ECNIH3_23995|ECNIH3_24000|ECNIH3_24005|ECNIH3_24010	2001	NA	5	0.2	no	0	0	0	0	0	0	0	0
ECNIH3_23940|ECNIH3_23945|ECNIH3_23950|ECNIH3_23955|ECNIH3_23960	1923	NA	3	0.4	no	0	0	0	0	0	0	0	0
ECNIH3_23925|ECNIH3_23930|ECNIH3_23940|ECNIH3_23945|ECNIH3_23950	1911	NA	3	0.4	no	0	0	0	0	0	0	0	0
ECNIH3_24010|ECNIH3_24015|ECNIH3_24020|ECNIH3_24025|ECNIH3_24040	1908	NA	4	0.2	no	0	0	0	0	0	0	0	0
ECNIH3_23950|ECNIH3_23955|ECNIH3_23960|ECNIH3_23965|ECNIH3_23970	1884	NA	4	0.4	no	0	0	0	0	0	0	0	0
ECNIH3_24015|ECNIH3_24020|ECNIH3_24025|ECNIH3_24040|ECNIH3_24045	1806	NA	4	0.2	no	0	0	0	0	0	0	0	0
ECNIH3_23785|ECNIH3_23790|ECNIH3_23800|ECNIH3_23805|ECNIH3_23810	1788	NA	5	0.3	no	1	0	0	0	0	0	0	0
ECNIH3_23930|ECNIH3_23940|ECNIH3_23945|ECNIH3_23950|ECNIH3_23955	1737	NA	3	0.4	no	0	0	0	0	0	0	0	0
ECNIH3_24005|ECNIH3_24010|ECNIH3_24015|ECNIH3_24020|ECNIH3_24025	1698	NA	4	0.1	no	0	0	0	0	0	0	0	0
ECNIH3_23945|ECNIH3_23950|ECNIH3_23955|ECNIH3_23960|ECNIH3_23965	1656	NA	3	0.4	no	0	0	0	0	0	0	0	0
ECNIH3_24000|ECNIH3_24005|ECNIH3_24010|ECNIH3_24015|ECNIH3_24020	1656	NA	5	0.1	no	0	0	0	0	0	0	0	0
ECNIH3_23995|ECNIH3_24000|ECNIH3_24005|ECNIH3_24010|ECNIH3_24015	1641	NA	5	0.1	no	0	0	0	0	0	0	0	0
