ID	Length	Coverage	# ORFs	RDS	Circular	Inc Type(s)	# Replication	# Mobilization	# OriT	# Conjugation	# AMRs	# rRNAs	# Plasmid Hits
ECNIH3_22440|ECNIH3_22445|ECNIH3_22450|ECNIH3_22455|ECNIH3_22460	10578	NA	5	37.7	no	0	0	0	0	1	0	0	0
ECNIH3_22450|ECNIH3_22455|ECNIH3_22460|ECNIH3_22465|ECNIH3_22470	8418	NA	5	37.8	no	0	0	0	0	1	0	0	0
ECNIH3_22895|ECNIH3_22900|ECNIH3_22905|ECNIH3_22910|ECNIH3_22915	8187	NA	5	26.0	no	0	0	1	0	2	0	0	1
ECNIH3_22940|ECNIH3_22945|ECNIH3_22950|ECNIH3_22955|ECNIH3_22960	7983	NA	5	22.3	no	0	0	0	0	1	0	0	1
ECNIH3_22435|ECNIH3_22440|ECNIH3_22445|ECNIH3_22450|ECNIH3_22455	7944	NA	5	37.9	no	0	0	0	0	0	0	0	0
ECNIH3_22455|ECNIH3_22460|ECNIH3_22465|ECNIH3_22470|ECNIH3_22475	7779	NA	5	37.8	no	0	0	0	0	1	0	0	0
ECNIH3_22900|ECNIH3_22905|ECNIH3_22910|ECNIH3_22915|ECNIH3_22920	7743	NA	5	25.9	no	0	0	1	0	2	0	0	1
ECNIH3_22905|ECNIH3_22910|ECNIH3_22915|ECNIH3_22920|ECNIH3_22925	7566	NA	5	25.7	no	0	0	1	0	1	0	0	1
ECNIH3_22945|ECNIH3_22950|ECNIH3_22955|ECNIH3_22960|ECNIH3_22965	7497	NA	5	16.7	no	0	0	0	0	0	0	0	0
ECNIH3_22930|ECNIH3_22935|ECNIH3_22940|ECNIH3_22945|ECNIH3_22950	7470	NA	5	22.5	no	0	0	0	0	1	0	0	1
ECNIH3_22430|ECNIH3_22435|ECNIH3_22440|ECNIH3_22445|ECNIH3_22450	7311	NA	5	35.4	no	0	0	0	0	0	0	0	0
ECNIH3_22910|ECNIH3_22915|ECNIH3_22920|ECNIH3_22925|ECNIH3_22930	7257	NA	5	25.6	no	0	0	1	0	1	0	0	1
ECNIH3_22935|ECNIH3_22940|ECNIH3_22945|ECNIH3_22950|ECNIH3_22955	7176	NA	5	19.6	no	0	0	0	0	1	0	0	1
ECNIH3_23600|ECNIH3_23605|ECNIH3_23610|ECNIH3_23615|ECNIH3_23620	7148	NA	6	22.7	no	0	0	0	0	0	0	0	0
ECNIH3_22445|ECNIH3_22450|ECNIH3_22455|ECNIH3_22460|ECNIH3_22465	7146	NA	5	37.9	no	0	0	0	0	1	0	0	0
ECNIH3_22460|ECNIH3_22465|ECNIH3_22470|ECNIH3_22475|ECNIH3_22480	7098	NA	5	35.3	no	0	0	0	0	1	0	0	0
ECNIH3_23605|ECNIH3_23610|ECNIH3_23615|ECNIH3_23620|ECNIH3_23625	7017	NA	5	34.2	no	0	0	0	0	0	0	0	0
ECNIH3_23595|ECNIH3_23600|ECNIH3_23605|ECNIH3_23610|ECNIH3_23615	6785	NA	6	22.7	no	0	0	0	0	0	0	0	0
ECNIH3_22365|ECNIH3_22370|ECNIH3_22375|ECNIH3_22380|ECNIH3_22385	6750	NA	5	28.6	no	0	0	0	0	0	0	0	0
ECNIH3_22420|ECNIH3_22425|ECNIH3_22430|ECNIH3_22435|ECNIH3_22440	6663	NA	5	15.8	no	0	0	0	0	0	0	0	0
ECNIH3_22950|ECNIH3_22955|ECNIH3_22960|ECNIH3_22965|ECNIH3_22970	6621	NA	5	16.6	no	0	0	0	0	0	0	0	0
ECNIH3_22370|ECNIH3_22375|ECNIH3_22380|ECNIH3_22385|ECNIH3_22390	6414	NA	5	28.8	no	0	0	0	0	0	0	0	0
ECNIH3_23615|ECNIH3_23620|ECNIH3_23625|ECNIH3_23635|ECNIH3_23640	6396	NA	5	34.9	no	0	0	0	0	0	0	0	0
ECNIH3_22355|ECNIH3_22360|ECNIH3_22365|ECNIH3_22370|ECNIH3_22375	6330	NA	5	28.7	no	0	0	0	0	1	0	0	1
ECNIH3_22375|ECNIH3_22380|ECNIH3_22385|ECNIH3_22390|ECNIH3_22395	6300	NA	5	28.8	no	0	0	0	0	0	0	0	0
ECNIH3_23610|ECNIH3_23615|ECNIH3_23620|ECNIH3_23625|ECNIH3_23635	6288	NA	5	35.0	no	0	0	0	0	0	0	0	0
ECNIH3_22425|ECNIH3_22430|ECNIH3_22435|ECNIH3_22440|ECNIH3_22445	6252	NA	5	35.6	no	0	0	0	0	0	0	0	0
ECNIH3_22360|ECNIH3_22365|ECNIH3_22370|ECNIH3_22375|ECNIH3_22380	6228	NA	5	36.0	no	0	0	0	0	0	0	0	1
ECNIH3_22590|ECNIH3_22595|ECNIH3_22600|ECNIH3_22605|ECNIH3_22610	5901	NA	5	23.7	no	0	0	0	0	0	0	0	0
ECNIH3_22890|ECNIH3_22895|ECNIH3_22900|ECNIH3_22905|ECNIH3_22910	5772	NA	5	20.3	no	0	0	0	0	2	0	0	1
ECNIH3_23400|ECNIH3_23405|ECNIH3_23410|ECNIH3_23415|ECNIH3_23420	5670	NA	5	30.1	no	0	0	0	0	0	1	0	0
ECNIH3_22490|ECNIH3_22500|ECNIH3_22505|ECNIH3_22510|ECNIH3_22515	5649	NA	5	36.5	no	0	0	0	0	0	0	0	0
ECNIH3_22580|ECNIH3_22585|ECNIH3_22590|ECNIH3_22595|ECNIH3_22600	5610	NA	5	29.3	no	0	0	0	0	0	0	0	0
ECNIH3_22480|ECNIH3_22485|ECNIH3_22490|ECNIH3_22500|ECNIH3_22505	5550	NA	5	36.1	no	0	0	0	0	0	0	0	0
ECNIH3_22585|ECNIH3_22590|ECNIH3_22595|ECNIH3_22600|ECNIH3_22605	5475	NA	5	26.6	no	0	0	0	0	0	0	0	0
ECNIH3_22500|ECNIH3_22505|ECNIH3_22510|ECNIH3_22515|ECNIH3_22520	5469	NA	5	36.7	no	0	0	0	0	0	0	0	0
ECNIH3_22595|ECNIH3_22600|ECNIH3_22605|ECNIH3_22610|ECNIH3_22615	5460	NA	5	21.0	no	0	0	0	0	0	0	0	0
ECNIH3_23190|ECNIH3_23195|ECNIH3_23200|ECNIH3_23205|ECNIH3_23210	5442	NA	5	3.2	no	0	0	0	0	0	1	0	0
ECNIH3_22915|ECNIH3_22920|ECNIH3_22925|ECNIH3_22930|ECNIH3_22935	5427	NA	4	28.6	no	0	0	1	0	0	0	0	1
ECNIH3_22485|ECNIH3_22490|ECNIH3_22500|ECNIH3_22505|ECNIH3_22510	5394	NA	5	36.4	no	0	0	0	0	0	0	0	0
ECNIH3_23295|ECNIH3_23300|ECNIH3_23305|ECNIH3_23310|ECNIH3_23325	5334	NA	5	34.5	no	0	0	0	0	0	0	0	0
ECNIH3_23390|ECNIH3_23395|ECNIH3_23400|ECNIH3_23405|ECNIH3_23410	5325	NA	6	26.5	no	0	0	0	0	0	0	0	0
ECNIH3_23395|ECNIH3_23400|ECNIH3_23405|ECNIH3_23410|ECNIH3_23415	5310	NA	6	29.8	no	0	0	0	0	0	0	0	0
ECNIH3_22505|ECNIH3_22510|ECNIH3_22515|ECNIH3_22520|ECNIH3_22525	5277	NA	5	36.6	no	0	0	0	0	0	0	0	0
ECNIH3_23405|ECNIH3_23410|ECNIH3_23415|ECNIH3_23420|ECNIH3_23425	5268	NA	7	25.9	no	0	0	0	0	0	1	0	0
ECNIH3_22630|ECNIH3_22635|ECNIH3_22640|ECNIH3_22645|ECNIH3_22650	5163	NA	5	-5.8	no	0	0	0	0	0	0	0	1
ECNIH3_23290|ECNIH3_23295|ECNIH3_23300|ECNIH3_23305|ECNIH3_23310	5136	NA	5	33.6	no	0	0	0	0	0	0	0	0
ECNIH3_23590|ECNIH3_23595|ECNIH3_23600|ECNIH3_23605|ECNIH3_23610	5090	NA	6	22.6	no	0	0	0	0	0	0	0	0
ECNIH3_22470|ECNIH3_22475|ECNIH3_22480|ECNIH3_22485|ECNIH3_22490	5073	NA	5	35.6	no	0	0	0	0	0	0	0	0
ECNIH3_23200|ECNIH3_23205|ECNIH3_23210|ECNIH3_23215|ECNIH3_23220	5073	NA	5	3.5	no	0	0	0	0	0	1	0	0
ECNIH3_22635|ECNIH3_22640|ECNIH3_22645|ECNIH3_22650|ECNIH3_22655	5013	NA	5	-9.3	no	0	0	0	0	0	0	0	1
ECNIH3_23150|ECNIH3_23160|ECNIH3_23165|ECNIH3_23170|ECNIH3_23175	4977	NA	5	25.8	no	0	0	0	0	0	0	0	0
ECNIH3_22775|ECNIH3_22780|ECNIH3_22785|ECNIH3_22790|ECNIH3_22795	4929	NA	5	-8.7	no	0	0	0	0	0	0	0	0
ECNIH3_22515|ECNIH3_22520|ECNIH3_22525|ECNIH3_22530|ECNIH3_22535	4908	NA	5	36.1	no	0	0	0	0	0	0	0	0
ECNIH3_22465|ECNIH3_22470|ECNIH3_22475|ECNIH3_22480|ECNIH3_22485	4887	NA	5	35.4	no	0	0	0	0	0	0	0	0
ECNIH3_23535|ECNIH3_23540|ECNIH3_23545|ECNIH3_23550|ECNIH3_23555	4851	NA	5	24.6	no	0	0	0	0	0	0	0	0
ECNIH3_23195|ECNIH3_23200|ECNIH3_23205|ECNIH3_23210|ECNIH3_23215	4803	NA	5	3.4	no	0	0	0	0	0	1	0	0
ECNIH3_23585|ECNIH3_23590|ECNIH3_23595|ECNIH3_23600|ECNIH3_23605	4799	NA	6	22.0	no	0	0	0	0	0	0	0	0
ECNIH3_23620|ECNIH3_23625|ECNIH3_23635|ECNIH3_23640|ECNIH3_23645	4752	NA	5	35.3	no	0	0	0	0	0	0	0	0
ECNIH3_22645|ECNIH3_22650|ECNIH3_22655|ECNIH3_22660|ECNIH3_22665	4716	NA	5	-1.8	no	0	0	0	0	0	0	0	0
ECNIH3_23145|ECNIH3_23150|ECNIH3_23160|ECNIH3_23165|ECNIH3_23170	4674	NA	5	25.7	no	0	0	0	0	0	0	0	0
ECNIH3_23540|ECNIH3_23545|ECNIH3_23550|ECNIH3_23555|ECNIH3_23560	4674	NA	5	25.5	no	0	0	0	0	0	0	0	0
ECNIH3_23000|ECNIH3_23005|ECNIH3_23010|ECNIH3_23015|ECNIH3_23020	4665	NA	5	-8.3	no	0	0	0	0	0	0	0	0
ECNIH3_23385|ECNIH3_23390|ECNIH3_23395|ECNIH3_23400|ECNIH3_23405	4662	NA	6	16.6	no	0	0	0	0	0	0	0	0
ECNIH3_23070|ECNIH3_23075|ECNIH3_23080|ECNIH3_23085|ECNIH3_23090	4644	NA	5	8.9	no	0	0	0	0	0	0	0	0
ECNIH3_23635|ECNIH3_23640|ECNIH3_23645|ECNIH3_23650|ECNIH3_23655	4644	NA	5	28.5	no	0	0	0	0	0	0	0	0
ECNIH3_22640|ECNIH3_22645|ECNIH3_22650|ECNIH3_22655|ECNIH3_22660	4638	NA	5	-1.7	no	0	0	0	0	0	0	0	1
ECNIH3_22520|ECNIH3_22525|ECNIH3_22530|ECNIH3_22535|ECNIH3_22540	4632	NA	5	36.2	no	0	0	0	0	0	0	0	0
ECNIH3_22990|ECNIH3_22995|ECNIH3_23000|ECNIH3_23005|ECNIH3_23010	4602	NA	5	3.5	no	0	0	0	0	0	0	0	0
ECNIH3_22600|ECNIH3_22605|ECNIH3_22610|ECNIH3_22615|ECNIH3_22620	4599	NA	5	20.7	no	0	0	0	0	0	0	0	0
ECNIH3_23350|ECNIH3_23355|ECNIH3_23360|ECNIH3_23365|ECNIH3_23370	4575	NA	5	20.2	no	0	0	0	0	0	0	0	0
ECNIH3_22380|ECNIH3_22385|ECNIH3_22390|ECNIH3_22395|ECNIH3_22400	4566	NA	5	28.8	no	0	0	0	0	0	0	0	0
ECNIH3_22765|ECNIH3_22770|ECNIH3_22775|ECNIH3_22780|ECNIH3_22785	4560	NA	5	-5.0	no	0	0	0	0	0	0	0	0
ECNIH3_23135|ECNIH3_23140|ECNIH3_23145|ECNIH3_23150|ECNIH3_23160	4560	NA	5	24.5	no	0	0	0	0	0	0	0	0
ECNIH3_22770|ECNIH3_22775|ECNIH3_22780|ECNIH3_22785|ECNIH3_22790	4527	NA	5	-10.3	no	0	0	0	0	0	0	0	0
ECNIH3_22995|ECNIH3_23000|ECNIH3_23005|ECNIH3_23010|ECNIH3_23015	4494	NA	5	-2.6	no	0	0	0	0	0	0	0	0
ECNIH3_23445|ECNIH3_23450|ECNIH3_23455|ECNIH3_23460|ECNIH3_23465	4490	NA	6	-4.4	no	0	0	0	0	0	0	0	0
ECNIH3_22625|ECNIH3_22630|ECNIH3_22635|ECNIH3_22640|ECNIH3_22645	4488	NA	5	-5.8	no	0	0	0	0	0	0	0	1
ECNIH3_23545|ECNIH3_23550|ECNIH3_23555|ECNIH3_23560|ECNIH3_23565	4485	NA	5	22.7	no	0	0	0	0	0	0	0	0
ECNIH3_23300|ECNIH3_23305|ECNIH3_23310|ECNIH3_23325|ECNIH3_23330	4464	NA	5	36.0	no	0	0	0	0	0	0	0	0
ECNIH3_23140|ECNIH3_23145|ECNIH3_23150|ECNIH3_23160|ECNIH3_23165	4449	NA	5	28.4	no	0	0	0	0	0	0	0	0
ECNIH3_22345|ECNIH3_22350|ECNIH3_22355|ECNIH3_22360|ECNIH3_22365	4431	NA	5	29.1	no	0	0	0	0	1	0	0	1
ECNIH3_22475|ECNIH3_22480|ECNIH3_22485|ECNIH3_22490|ECNIH3_22500	4416	NA	5	36.0	no	0	0	0	0	0	0	0	0
ECNIH3_22650|ECNIH3_22655|ECNIH3_22660|ECNIH3_22665|ECNIH3_22670	4398	NA	5	-1.7	no	0	0	0	0	0	0	0	0
ECNIH3_22395|ECNIH3_22400|ECNIH3_22410|ECNIH3_22415|ECNIH3_22420	4386	NA	5	15.0	no	0	0	0	0	0	0	0	0
ECNIH3_23625|ECNIH3_23635|ECNIH3_23640|ECNIH3_23645|ECNIH3_23650	4383	NA	5	28.4	no	0	0	0	0	0	0	0	0
ECNIH3_23285|ECNIH3_23290|ECNIH3_23295|ECNIH3_23300|ECNIH3_23305	4368	NA	5	19.6	no	0	0	0	0	0	1	0	1
ECNIH3_22340|ECNIH3_22345|ECNIH3_22350|ECNIH3_22355|ECNIH3_22360	4362	NA	5	29.2	no	0	0	0	0	1	0	0	1
ECNIH3_23060|ECNIH3_23065|ECNIH3_23070|ECNIH3_23075|ECNIH3_23080	4359	NA	5	3.2	no	0	0	0	0	0	0	0	0
ECNIH3_22620|ECNIH3_22625|ECNIH3_22630|ECNIH3_22635|ECNIH3_22640	4353	NA	5	-0.6	no	0	0	0	0	0	0	0	1
ECNIH3_22385|ECNIH3_22390|ECNIH3_22395|ECNIH3_22400|ECNIH3_22410	4350	NA	5	28.7	no	0	0	0	0	0	0	0	0
ECNIH3_23085|ECNIH3_23090|ECNIH3_23095|ECNIH3_23100|ECNIH3_23105	4344	NA	5	8.5	no	0	0	0	0	0	1	0	0
ECNIH3_23355|ECNIH3_23360|ECNIH3_23365|ECNIH3_23370|ECNIH3_23375	4332	NA	5	18.3	no	0	0	0	0	0	0	0	0
ECNIH3_22575|ECNIH3_22580|ECNIH3_22585|ECNIH3_22590|ECNIH3_22595	4317	NA	5	26.2	no	0	0	0	0	0	0	0	0
ECNIH3_22780|ECNIH3_22785|ECNIH3_22790|ECNIH3_22795|ECNIH3_22800	4317	NA	5	-1.0	no	0	0	0	0	0	0	0	0
ECNIH3_23090|ECNIH3_23095|ECNIH3_23100|ECNIH3_23105|ECNIH3_23110	4299	NA	5	9.6	no	0	0	0	0	0	1	0	0
ECNIH3_23280|ECNIH3_23285|ECNIH3_23290|ECNIH3_23295|ECNIH3_23300	4299	NA	5	23.1	no	0	0	0	0	0	2	0	1
ECNIH3_22655|ECNIH3_22660|ECNIH3_22665|ECNIH3_22670|ECNIH3_22675	4296	NA	5	-1.8	no	0	0	0	0	0	0	0	0
ECNIH3_23050|ECNIH3_23055|ECNIH3_23060|ECNIH3_23065|ECNIH3_23070	4287	NA	5	-4.2	no	0	0	0	0	0	0	0	0
ECNIH3_23055|ECNIH3_23060|ECNIH3_23065|ECNIH3_23070|ECNIH3_23075	4287	NA	5	0.5	no	0	0	0	0	0	0	0	0
ECNIH3_23065|ECNIH3_23070|ECNIH3_23075|ECNIH3_23080|ECNIH3_23085	4278	NA	5	4.9	no	0	0	0	0	0	0	0	0
ECNIH3_22335|ECNIH3_22340|ECNIH3_22345|ECNIH3_22350|ECNIH3_22355	4230	NA	5	21.9	no	0	0	0	0	1	0	0	1
ECNIH3_23450|ECNIH3_23455|ECNIH3_23460|ECNIH3_23465|ECNIH3_23470	4217	NA	6	-4.4	no	0	0	0	0	0	0	0	0
ECNIH3_22510|ECNIH3_22515|ECNIH3_22520|ECNIH3_22525|ECNIH3_22530	4191	NA	5	36.6	no	0	0	0	0	0	0	0	0
ECNIH3_23335|ECNIH3_23340|ECNIH3_23345|ECNIH3_23350|ECNIH3_23355	4153	NA	5	6.5	no	0	0	0	0	0	0	0	0
ECNIH3_23075|ECNIH3_23080|ECNIH3_23085|ECNIH3_23090|ECNIH3_23095	4146	NA	5	11.0	no	0	0	0	0	0	1	0	0
ECNIH3_22675|ECNIH3_22680|ECNIH3_22685|ECNIH3_22690|ECNIH3_22695	4143	NA	5	0.0	no	0	0	0	0	0	0	0	0
ECNIH3_23205|ECNIH3_23210|ECNIH3_23215|ECNIH3_23220|ECNIH3_23225	4131	NA	5	7.1	no	0	0	0	0	0	1	0	0
ECNIH3_22350|ECNIH3_22355|ECNIH3_22360|ECNIH3_22365|ECNIH3_22370	4110	NA	5	28.9	no	0	0	0	0	1	0	0	1
ECNIH3_23185|ECNIH3_23190|ECNIH3_23195|ECNIH3_23200|ECNIH3_23205	4095	NA	5	-98.0	no	0	0	0	0	0	0	0	0
ECNIH3_23210|ECNIH3_23215|ECNIH3_23220|ECNIH3_23225|ECNIH3_23230	4065	NA	5	9.3	no	0	0	0	0	0	1	0	0
ECNIH3_23455|ECNIH3_23460|ECNIH3_23465|ECNIH3_23470|ECNIH3_23475	4055	NA	6	-4.4	no	0	0	0	0	0	0	0	0
ECNIH3_22885|ECNIH3_22890|ECNIH3_22895|ECNIH3_22900|ECNIH3_22905	4041	NA	5	23.4	no	0	0	0	0	1	0	0	1
ECNIH3_22525|ECNIH3_22530|ECNIH3_22535|ECNIH3_22540|ECNIH3_22545	4029	NA	5	36.2	no	0	0	0	0	0	0	0	0
ECNIH3_23430|ECNIH3_23435|ECNIH3_23440|ECNIH3_23445|ECNIH3_23450	4029	NA	4	15.8	no	0	0	0	0	0	1	0	0
ECNIH3_23360|ECNIH3_23365|ECNIH3_23370|ECNIH3_23375|ECNIH3_23385	4017	NA	5	22.3	no	0	0	0	0	0	0	0	1
ECNIH3_22925|ECNIH3_22930|ECNIH3_22935|ECNIH3_22940|ECNIH3_22945	4005	NA	5	22.7	no	0	0	0	0	1	0	0	0
ECNIH3_22400|ECNIH3_22410|ECNIH3_22415|ECNIH3_22420|ECNIH3_22425	4002	NA	5	15.0	no	0	0	0	0	0	0	0	0
ECNIH3_23175|ECNIH3_23185|ECNIH3_23190|ECNIH3_23195|ECNIH3_23200	3990	NA	5	-92.5	no	0	0	0	0	0	0	0	0
ECNIH3_22390|ECNIH3_22395|ECNIH3_22400|ECNIH3_22410|ECNIH3_22415	3984	NA	5	34.8	no	0	0	0	0	0	0	0	0
ECNIH3_23440|ECNIH3_23445|ECNIH3_23450|ECNIH3_23455|ECNIH3_23460	3975	NA	5	-11.3	no	0	0	0	0	0	0	0	0
ECNIH3_23345|ECNIH3_23350|ECNIH3_23355|ECNIH3_23360|ECNIH3_23365	3924	NA	5	17.5	no	0	0	0	0	0	0	0	0
ECNIH3_22615|ECNIH3_22620|ECNIH3_22625|ECNIH3_22630|ECNIH3_22635	3915	NA	5	4.7	no	0	0	0	0	0	0	0	0
ECNIH3_22670|ECNIH3_22675|ECNIH3_22680|ECNIH3_22685|ECNIH3_22690	3894	NA	5	-1.1	no	0	0	0	0	0	0	0	0
ECNIH3_23170|ECNIH3_23175|ECNIH3_23185|ECNIH3_23190|ECNIH3_23195	3849	NA	5	-93.3	no	0	0	0	0	0	0	0	0
ECNIH3_22560|ECNIH3_22565|ECNIH3_22570|ECNIH3_22575|ECNIH3_22580	3837	NA	6	18.8	no	0	0	0	0	0	0	0	0
ECNIH3_23160|ECNIH3_23165|ECNIH3_23170|ECNIH3_23175|ECNIH3_23185	3822	NA	5	-80.6	no	0	0	0	0	0	0	0	0
ECNIH3_22660|ECNIH3_22665|ECNIH3_22670|ECNIH3_22675|ECNIH3_22680	3816	NA	5	2.8	no	0	0	0	0	0	0	0	1
ECNIH3_23365|ECNIH3_23370|ECNIH3_23375|ECNIH3_23385|ECNIH3_23390	3816	NA	5	22.7	no	0	0	0	0	0	0	0	1
ECNIH3_22665|ECNIH3_22670|ECNIH3_22675|ECNIH3_22680|ECNIH3_22685	3810	NA	5	-4.8	no	0	0	0	0	0	0	0	0
ECNIH3_23410|ECNIH3_23415|ECNIH3_23420|ECNIH3_23425|ECNIH3_23430	3795	NA	5	31.0	no	0	0	0	0	0	1	0	0
ECNIH3_23460|ECNIH3_23465|ECNIH3_23470|ECNIH3_23475|ECNIH3_23480	3794	NA	5	2.4	no	0	0	0	0	0	0	0	0
ECNIH3_22685|ECNIH3_22690|ECNIH3_22695|ECNIH3_22700|ECNIH3_22705	3747	NA	4	5.0	no	0	0	0	0	0	0	0	0
ECNIH3_22570|ECNIH3_22575|ECNIH3_22580|ECNIH3_22585|ECNIH3_22590	3723	NA	5	29.2	no	0	0	0	0	0	0	0	0
ECNIH3_23005|ECNIH3_23010|ECNIH3_23015|ECNIH3_23020|ECNIH3_23025	3723	NA	5	-13.7	no	0	0	0	0	0	0	0	0
ECNIH3_23330|ECNIH3_23335|ECNIH3_23340|ECNIH3_23345|ECNIH3_23350	3703	NA	5	9.4	no	0	0	0	0	0	0	0	0
ECNIH3_22530|ECNIH3_22535|ECNIH3_22540|ECNIH3_22545|ECNIH3_22550	3684	NA	5	28.9	no	0	0	0	0	0	0	0	0
ECNIH3_23045|ECNIH3_23050|ECNIH3_23055|ECNIH3_23060|ECNIH3_23065	3681	NA	5	-1.0	no	0	0	0	0	0	0	0	0
ECNIH3_23165|ECNIH3_23170|ECNIH3_23175|ECNIH3_23185|ECNIH3_23190	3618	NA	5	-86.9	no	0	0	0	0	0	0	0	0
ECNIH3_23325|ECNIH3_23330|ECNIH3_23335|ECNIH3_23340|ECNIH3_23345	3616	NA	5	12.8	no	0	0	0	0	0	0	0	0
ECNIH3_22565|ECNIH3_22570|ECNIH3_22575|ECNIH3_22580|ECNIH3_22585	3603	NA	5	29.6	no	0	0	0	0	0	0	0	0
ECNIH3_22760|ECNIH3_22765|ECNIH3_22770|ECNIH3_22775|ECNIH3_22780	3603	NA	5	1.2	no	0	0	0	0	0	0	0	0
ECNIH3_22610|ECNIH3_22615|ECNIH3_22620|ECNIH3_22625|ECNIH3_22630	3597	NA	5	10.1	no	0	0	0	0	0	0	0	0
ECNIH3_23275|ECNIH3_23280|ECNIH3_23285|ECNIH3_23290|ECNIH3_23295	3579	NA	5	25.7	no	0	0	0	0	0	3	0	0
ECNIH3_23420|ECNIH3_23425|ECNIH3_23430|ECNIH3_23435|ECNIH3_23440	3576	NA	5	13.0	no	0	0	0	0	0	1	0	0
ECNIH3_23080|ECNIH3_23085|ECNIH3_23090|ECNIH3_23095|ECNIH3_23100	3570	NA	5	9.3	no	0	0	0	0	0	1	0	0
ECNIH3_23550|ECNIH3_23555|ECNIH3_23560|ECNIH3_23565|ECNIH3_23570	3561	NA	5	23.5	no	0	0	0	0	0	0	0	0
ECNIH3_22985|ECNIH3_22990|ECNIH3_22995|ECNIH3_23000|ECNIH3_23005	3540	NA	5	27.6	no	0	0	0	0	0	0	0	0
ECNIH3_23465|ECNIH3_23470|ECNIH3_23475|ECNIH3_23480|ECNIH3_23485	3533	NA	5	9.0	no	0	0	0	0	0	1	0	0
ECNIH3_23555|ECNIH3_23560|ECNIH3_23565|ECNIH3_23570|ECNIH3_23575	3522	NA	5	20.6	no	0	0	0	0	0	0	0	0
ECNIH3_22980|ECNIH3_22985|ECNIH3_22990|ECNIH3_22995|ECNIH3_23000	3498	NA	5	27.7	no	0	0	0	0	0	0	0	0
ECNIH3_23130|ECNIH3_23135|ECNIH3_23140|ECNIH3_23145|ECNIH3_23150	3498	NA	5	20.7	no	0	0	0	0	0	0	0	0
ECNIH3_22410|ECNIH3_22415|ECNIH3_22420|ECNIH3_22425|ECNIH3_22430	3480	NA	5	15.1	no	0	0	0	0	0	0	0	0
ECNIH3_23010|ECNIH3_23015|ECNIH3_23020|ECNIH3_23025|ECNIH3_23030	3465	NA	5	-19.2	no	0	0	0	0	0	0	0	0
ECNIH3_23425|ECNIH3_23430|ECNIH3_23435|ECNIH3_23440|ECNIH3_23445	3465	NA	5	12.8	no	0	0	0	0	0	0	0	0
ECNIH3_22550|ECNIH3_22555|ECNIH3_22560|ECNIH3_22565|ECNIH3_22570	3444	NA	6	18.4	no	0	0	0	0	0	0	0	0
ECNIH3_22680|ECNIH3_22685|ECNIH3_22690|ECNIH3_22695|ECNIH3_22700	3432	NA	4	1.6	no	0	0	0	0	0	0	0	0
ECNIH3_22605|ECNIH3_22610|ECNIH3_22615|ECNIH3_22620|ECNIH3_22625	3429	NA	5	15.7	no	0	0	0	0	0	0	0	0
ECNIH3_22955|ECNIH3_22960|ECNIH3_22965|ECNIH3_22970|ECNIH3_22975	3420	NA	5	16.6	no	0	0	0	0	0	0	0	0
ECNIH3_22815|ECNIH3_22825|ECNIH3_22830|ECNIH3_22835|ECNIH3_22845	3405	NA	5	25.9	no	0	0	0	0	0	0	0	0
ECNIH3_22690|ECNIH3_22695|ECNIH3_22700|ECNIH3_22705|ECNIH3_22710	3399	NA	4	9.9	no	0	0	0	0	0	0	0	0
ECNIH3_23305|ECNIH3_23310|ECNIH3_23325|ECNIH3_23330|ECNIH3_23335	3373	NA	6	27.3	no	0	0	0	0	0	0	0	0
ECNIH3_22825|ECNIH3_22830|ECNIH3_22835|ECNIH3_22845|ECNIH3_22850	3366	NA	5	29.0	no	0	0	0	0	0	0	0	0
ECNIH3_23035|ECNIH3_23040|ECNIH3_23045|ECNIH3_23050|ECNIH3_23055	3333	NA	5	6.6	no	0	0	0	0	0	0	0	0
ECNIH3_22920|ECNIH3_22925|ECNIH3_22930|ECNIH3_22935|ECNIH3_22940	3327	NA	5	22.9	no	0	0	0	0	1	0	0	0
ECNIH3_22830|ECNIH3_22835|ECNIH3_22845|ECNIH3_22850|ECNIH3_22855	3312	NA	5	26.0	no	0	0	0	0	0	0	0	0
ECNIH3_22960|ECNIH3_22965|ECNIH3_22970|ECNIH3_22975|ECNIH3_22980	3306	NA	5	19.4	no	0	0	0	0	0	0	0	0
ECNIH3_22535|ECNIH3_22540|ECNIH3_22545|ECNIH3_22550|ECNIH3_22555	3300	NA	5	29.1	no	0	0	0	0	0	0	0	0
ECNIH3_23435|ECNIH3_23440|ECNIH3_23445|ECNIH3_23450|ECNIH3_23455	3297	NA	5	3.4	no	0	0	0	0	0	0	0	0
ECNIH3_23370|ECNIH3_23375|ECNIH3_23385|ECNIH3_23390|ECNIH3_23395	3285	NA	5	20.2	no	0	0	0	0	0	0	0	0
ECNIH3_22785|ECNIH3_22790|ECNIH3_22795|ECNIH3_22800|ECNIH3_22805	3264	NA	5	-9.1	no	0	0	0	0	0	0	0	0
ECNIH3_23310|ECNIH3_23325|ECNIH3_23330|ECNIH3_23335|ECNIH3_23340	3232	NA	5	29.1	no	0	0	0	0	0	0	0	0
ECNIH3_23340|ECNIH3_23345|ECNIH3_23350|ECNIH3_23355|ECNIH3_23360	3231	NA	4	16.0	no	0	0	0	0	0	0	0	0
ECNIH3_22330|ECNIH3_22335|ECNIH3_22340|ECNIH3_22345|ECNIH3_22350	3228	NA	5	29.0	no	0	0	0	0	0	0	0	1
ECNIH3_22880|ECNIH3_22885|ECNIH3_22890|ECNIH3_22895|ECNIH3_22900	3216	NA	5	23.6	no	0	0	0	0	1	0	0	1
ECNIH3_23255|ECNIH3_23260|ECNIH3_23265|ECNIH3_23270|ECNIH3_23275	3210	NA	3	21.1	no	0	0	0	0	0	3	0	0
ECNIH3_23095|ECNIH3_23100|ECNIH3_23105|ECNIH3_23110|ECNIH3_23115	3207	NA	5	10.3	no	0	0	0	0	0	1	0	0
ECNIH3_22555|ECNIH3_22560|ECNIH3_22565|ECNIH3_22570|ECNIH3_22575	3198	NA	6	19.0	no	0	0	0	0	0	0	0	0
ECNIH3_23640|ECNIH3_23645|ECNIH3_23650|ECNIH3_23655|ECNIH3_23660	3153	NA	5	28.6	no	0	0	0	0	0	0	0	0
ECNIH3_23525|ECNIH3_23530|ECNIH3_23535|ECNIH3_23540|ECNIH3_23545	3150	NA	5	12.4	no	0	0	0	0	0	0	0	0
ECNIH3_22835|ECNIH3_22845|ECNIH3_22850|ECNIH3_22855|ECNIH3_22860	3147	NA	5	26.1	no	0	0	0	0	0	0	0	0
ECNIH3_23260|ECNIH3_23265|ECNIH3_23270|ECNIH3_23275|ECNIH3_23280	3120	NA	5	33.2	no	0	0	0	0	0	4	0	0
ECNIH3_23650|ECNIH3_23655|ECNIH3_23660|ECNIH3_23665|ECNIH3_22320	3105	NA	5	28.4	no	1	0	0	0	0	0	0	0
ECNIH3_23100|ECNIH3_23105|ECNIH3_23110|ECNIH3_23115|ECNIH3_23120	3069	NA	4	10.7	no	0	0	0	0	0	0	0	0
ECNIH3_23040|ECNIH3_23045|ECNIH3_23050|ECNIH3_23055|ECNIH3_23060	3063	NA	5	4.0	no	0	0	0	0	0	0	0	0
ECNIH3_23655|ECNIH3_23660|ECNIH3_23665|ECNIH3_22320|ECNIH3_22325	3048	NA	5	35.4	no	1	0	0	0	0	0	0	0
ECNIH3_23645|ECNIH3_23650|ECNIH3_23655|ECNIH3_23660|ECNIH3_23665	3042	NA	5	28.5	no	0	0	0	0	0	0	0	0
ECNIH3_23415|ECNIH3_23420|ECNIH3_23425|ECNIH3_23430|ECNIH3_23435	3015	NA	5	15.9	no	0	0	0	0	0	1	0	0
ECNIH3_22415|ECNIH3_22420|ECNIH3_22425|ECNIH3_22430|ECNIH3_22435	2997	NA	5	15.1	no	0	0	0	0	0	0	0	0
ECNIH3_23265|ECNIH3_23270|ECNIH3_23275|ECNIH3_23280|ECNIH3_23285	2991	NA	5	32.5	no	0	0	0	0	0	5	0	0
ECNIH3_22975|ECNIH3_22980|ECNIH3_22985|ECNIH3_22990|ECNIH3_22995	2988	NA	5	27.8	no	0	0	0	0	0	0	0	0
ECNIH3_23470|ECNIH3_23475|ECNIH3_23480|ECNIH3_23485|ECNIH3_23490	2985	NA	4	7.2	no	0	0	0	0	0	1	0	0
ECNIH3_22325|ECNIH3_22330|ECNIH3_22335|ECNIH3_22340|ECNIH3_22345	2967	NA	5	28.7	no	0	0	0	0	0	0	0	1
ECNIH3_23270|ECNIH3_23275|ECNIH3_23280|ECNIH3_23285|ECNIH3_23290	2928	NA	5	28.7	no	0	0	0	0	0	4	0	0
ECNIH3_23580|ECNIH3_23585|ECNIH3_23590|ECNIH3_23595|ECNIH3_23600	2903	NA	6	19.5	no	0	0	0	0	0	0	0	0
ECNIH3_23030|ECNIH3_23035|ECNIH3_23040|ECNIH3_23045|ECNIH3_23050	2877	NA	5	7.5	no	0	0	0	0	0	0	0	0
ECNIH3_22875|ECNIH3_22880|ECNIH3_22885|ECNIH3_22890|ECNIH3_22895	2853	NA	5	23.3	no	0	0	0	0	0	0	0	0
ECNIH3_23665|ECNIH3_22320|ECNIH3_22325|ECNIH3_22330|ECNIH3_22335	2835	NA	5	28.1	no	1	0	0	0	0	0	0	0
ECNIH3_22545|ECNIH3_22550|ECNIH3_22555|ECNIH3_22560|ECNIH3_22565	2814	NA	6	18.5	no	0	0	0	0	0	0	0	0
ECNIH3_22540|ECNIH3_22545|ECNIH3_22550|ECNIH3_22555|ECNIH3_22560	2808	NA	6	18.5	no	0	0	0	0	0	0	0	0
ECNIH3_23215|ECNIH3_23220|ECNIH3_23225|ECNIH3_23230|ECNIH3_23235	2754	NA	5	11.8	no	0	0	0	0	0	0	0	0
ECNIH3_23475|ECNIH3_23480|ECNIH3_23485|ECNIH3_23490|ECNIH3_23500	2748	NA	4	12.1	no	0	0	0	0	0	1	0	0
ECNIH3_23575|ECNIH3_23580|ECNIH3_23585|ECNIH3_23590|ECNIH3_23595	2748	NA	5	27.0	no	0	0	0	0	0	0	0	0
ECNIH3_23570|ECNIH3_23575|ECNIH3_23580|ECNIH3_23585|ECNIH3_23590	2742	NA	5	23.7	no	0	0	0	0	0	0	0	0
ECNIH3_22845|ECNIH3_22850|ECNIH3_22855|ECNIH3_22860|ECNIH3_22865	2739	NA	5	26.1	no	0	0	0	0	0	0	0	0
ECNIH3_22970|ECNIH3_22975|ECNIH3_22980|ECNIH3_22985|ECNIH3_22990	2718	NA	5	27.7	no	0	0	0	0	0	0	0	0
ECNIH3_23220|ECNIH3_23225|ECNIH3_23230|ECNIH3_23235|ECNIH3_23240	2703	NA	5	17.6	no	0	0	0	0	0	0	0	0
ECNIH3_23530|ECNIH3_23535|ECNIH3_23540|ECNIH3_23545|ECNIH3_23550	2697	NA	5	18.3	no	0	0	0	0	0	0	0	0
ECNIH3_23660|ECNIH3_23665|ECNIH3_22320|ECNIH3_22325|ECNIH3_22330	2685	NA	5	35.3	no	1	0	0	0	0	0	0	0
ECNIH3_22965|ECNIH3_22970|ECNIH3_22975|ECNIH3_22980|ECNIH3_22985	2667	NA	5	22.2	no	0	0	0	0	0	0	0	0
ECNIH3_23015|ECNIH3_23020|ECNIH3_23025|ECNIH3_23030|ECNIH3_23035	2652	NA	5	2.0	no	0	0	0	0	0	0	0	0
ECNIH3_22750|ECNIH3_22760|ECNIH3_22765|ECNIH3_22770|ECNIH3_22775	2574	NA	5	5.5	no	0	0	0	0	0	0	0	0
ECNIH3_22320|ECNIH3_22325|ECNIH3_22330|ECNIH3_22335|ECNIH3_22340	2571	NA	5	28.2	no	1	0	0	0	0	0	0	0
ECNIH3_22805|ECNIH3_22815|ECNIH3_22825|ECNIH3_22830|ECNIH3_22835	2508	NA	5	14.0	no	0	0	0	0	0	0	0	0
ECNIH3_23105|ECNIH3_23110|ECNIH3_23115|ECNIH3_23120|ECNIH3_23125	2496	NA	5	20.1	no	0	0	0	0	0	0	0	0
ECNIH3_22695|ECNIH3_22700|ECNIH3_22705|ECNIH3_22710|ECNIH3_22715	2478	NA	4	10.1	no	0	0	0	0	0	0	0	0
ECNIH3_23020|ECNIH3_23025|ECNIH3_23030|ECNIH3_23035|ECNIH3_23040	2454	NA	5	5.4	no	0	0	0	0	0	0	0	0
ECNIH3_23480|ECNIH3_23485|ECNIH3_23490|ECNIH3_23500|ECNIH3_23505	2355	NA	5	20.3	no	0	0	0	0	0	1	0	0
ECNIH3_22790|ECNIH3_22795|ECNIH3_22800|ECNIH3_22805|ECNIH3_22815	2346	NA	5	-6.6	no	0	0	0	0	0	0	0	0
ECNIH3_23125|ECNIH3_23130|ECNIH3_23135|ECNIH3_23140|ECNIH3_23145	2325	NA	5	20.5	no	0	0	0	0	0	0	0	0
ECNIH3_23520|ECNIH3_23525|ECNIH3_23530|ECNIH3_23535|ECNIH3_23540	2298	NA	5	5.2	no	0	0	0	0	0	0	0	0
ECNIH3_23230|ECNIH3_23235|ECNIH3_23240|ECNIH3_23245|ECNIH3_23255	2238	NA	5	21.1	no	0	0	0	0	0	1	0	0
ECNIH3_23225|ECNIH3_23230|ECNIH3_23235|ECNIH3_23240|ECNIH3_23245	2187	NA	5	17.5	no	0	0	0	0	0	0	0	0
ECNIH3_23565|ECNIH3_23570|ECNIH3_23575|ECNIH3_23580|ECNIH3_23585	2169	NA	5	20.5	no	0	0	0	0	0	0	0	0
ECNIH3_23510|ECNIH3_23520|ECNIH3_23525|ECNIH3_23530|ECNIH3_23535	2160	NA	5	8.5	no	0	0	0	0	0	0	0	0
ECNIH3_22795|ECNIH3_22800|ECNIH3_22805|ECNIH3_22815|ECNIH3_22825	2124	NA	5	-1.6	no	0	0	0	0	0	0	0	0
ECNIH3_23120|ECNIH3_23125|ECNIH3_23130|ECNIH3_23135|ECNIH3_23140	2097	NA	5	21.6	no	0	0	0	0	0	0	0	0
ECNIH3_23485|ECNIH3_23490|ECNIH3_23500|ECNIH3_23505|ECNIH3_23510	2094	NA	5	21.9	no	0	0	0	0	0	1	0	0
ECNIH3_23505|ECNIH3_23510|ECNIH3_23520|ECNIH3_23525|ECNIH3_23530	2043	NA	5	11.9	no	0	0	0	0	0	0	0	0
ECNIH3_22870|ECNIH3_22875|ECNIH3_22880|ECNIH3_22885|ECNIH3_22890	2040	NA	5	23.3	no	0	0	0	0	0	0	0	0
ECNIH3_23500|ECNIH3_23505|ECNIH3_23510|ECNIH3_23520|ECNIH3_23525	2001	NA	5	18.0	no	0	0	0	0	0	0	0	0
ECNIH3_22700|ECNIH3_22705|ECNIH3_22710|ECNIH3_22715|ECNIH3_22720	1992	NA	4	10.1	no	0	0	0	0	0	0	0	0
ECNIH3_22705|ECNIH3_22710|ECNIH3_22715|ECNIH3_22720|ECNIH3_22725	1974	NA	4	18.0	no	0	0	0	0	0	0	0	0
ECNIH3_23375|ECNIH3_23385|ECNIH3_23390|ECNIH3_23395|ECNIH3_23400	1950	NA	4	16.5	no	0	0	0	0	0	0	0	0
ECNIH3_22855|ECNIH3_22860|ECNIH3_22865|ECNIH3_22870|ECNIH3_22875	1941	NA	5	26.0	no	0	0	0	0	0	0	0	0
ECNIH3_22860|ECNIH3_22865|ECNIH3_22870|ECNIH3_22875|ECNIH3_22880	1929	NA	5	29.1	no	0	0	0	0	0	0	0	0
ECNIH3_22745|ECNIH3_22750|ECNIH3_22760|ECNIH3_22765|ECNIH3_22770	1923	NA	5	24.6	no	0	0	0	0	0	0	0	0
ECNIH3_22850|ECNIH3_22855|ECNIH3_22860|ECNIH3_22865|ECNIH3_22870	1923	NA	5	26.1	no	0	0	0	0	0	0	0	0
ECNIH3_22865|ECNIH3_22870|ECNIH3_22875|ECNIH3_22880|ECNIH3_22885	1845	NA	5	29.1	no	0	0	0	0	0	0	0	0
ECNIH3_22800|ECNIH3_22805|ECNIH3_22815|ECNIH3_22825|ECNIH3_22830	1803	NA	5	3.1	no	0	0	0	0	0	0	0	0
ECNIH3_23025|ECNIH3_23030|ECNIH3_23035|ECNIH3_23040|ECNIH3_23045	1791	NA	5	8.4	no	0	0	0	0	0	0	0	0
ECNIH3_23490|ECNIH3_23500|ECNIH3_23505|ECNIH3_23510|ECNIH3_23520	1782	NA	5	17.5	no	0	0	0	0	0	0	0	0
ECNIH3_23235|ECNIH3_23240|ECNIH3_23245|ECNIH3_23255|ECNIH3_23260	1746	NA	4	12.3	no	0	0	0	0	0	1	0	0
ECNIH3_23240|ECNIH3_23245|ECNIH3_23255|ECNIH3_23260|ECNIH3_23265	1713	NA	3	10.8	no	0	0	0	0	0	1	0	0
ECNIH3_23245|ECNIH3_23255|ECNIH3_23260|ECNIH3_23265|ECNIH3_23270	1713	NA	3	11.4	no	0	0	0	0	0	2	0	0
ECNIH3_23560|ECNIH3_23565|ECNIH3_23570|ECNIH3_23575|ECNIH3_23580	1656	NA	5	17.7	no	0	0	0	0	0	0	0	0
ECNIH3_22740|ECNIH3_22745|ECNIH3_22750|ECNIH3_22760|ECNIH3_22765	1626	NA	5	31.3	no	0	0	0	0	0	0	0	0
ECNIH3_22710|ECNIH3_22715|ECNIH3_22720|ECNIH3_22725|ECNIH3_22730	1572	NA	4	22.4	no	0	0	0	0	0	0	0	0
ECNIH3_22715|ECNIH3_22720|ECNIH3_22725|ECNIH3_22730|ECNIH3_22735	1548	NA	4	26.7	no	0	0	0	0	0	0	0	0
ECNIH3_22720|ECNIH3_22725|ECNIH3_22730|ECNIH3_22735|ECNIH3_22740	1452	NA	4	31.0	no	0	0	0	0	0	0	0	0
ECNIH3_22725|ECNIH3_22730|ECNIH3_22735|ECNIH3_22740|ECNIH3_22745	1434	NA	5	31.1	no	0	0	0	0	0	0	0	0
ECNIH3_22730|ECNIH3_22735|ECNIH3_22740|ECNIH3_22745|ECNIH3_22750	1434	NA	5	31.1	no	0	0	0	0	0	0	0	0
ECNIH3_23115|ECNIH3_23120|ECNIH3_23125|ECNIH3_23130|ECNIH3_23135	1314	NA	5	21.5	no	0	0	0	0	0	0	0	0
ECNIH3_23110|ECNIH3_23115|ECNIH3_23120|ECNIH3_23125|ECNIH3_23130	1275	NA	5	21.9	no	0	0	0	0	0	0	0	0
ECNIH3_22735|ECNIH3_22740|ECNIH3_22745|ECNIH3_22750|ECNIH3_22760	1224	NA	5	31.2	no	0	0	0	0	0	0	0	0
