ID	Length	Coverage	# ORFs	RDS	Circular	Inc Type(s)	# Replication	# Mobilization	# OriT	# Conjugation	# AMRs	# rRNAs	# Plasmid Hits
AGH21_00035|AGH21_00005|AGH21_00010|AGH21_00015|AGH21_00025	2589	NA	3	7.4	no	1	0	1	0	0	0	0	0
AGH21_00015|AGH21_00025|AGH21_00030|AGH21_00035|AGH21_00005	2569	NA	3	7.2	no	1	0	1	0	0	0	0	0
AGH21_00025|AGH21_00030|AGH21_00035|AGH21_00005|AGH21_00010	2560	NA	4	5.6	no	1	0	1	0	0	0	0	0
AGH21_00030|AGH21_00035|AGH21_00005|AGH21_00010|AGH21_00015	2542	NA	3	7.4	no	1	0	1	0	0	0	0	0
AGH21_00005|AGH21_00010|AGH21_00015|AGH21_00025|AGH21_00030	2455	NA	2	1.7	no	0	0	1	0	0	0	0	0
AGH21_00010|AGH21_00015|AGH21_00025|AGH21_00030|AGH21_00035	1270	NA	2	9.7	no	1	0	0	0	0	0	0	0
