ID	Length	Coverage	# ORFs	RDS	Circular	Inc Type(s)	# Replication	# Mobilization	# OriT	# Conjugation	# AMRs	# rRNAs	# Plasmid Hits
CTI57_30360|CTI57_30365|CTI57_30370|CTI57_30340|CTI57_30345	2075	NA	3	6.3	no	1	0	1	0	0	0	0	0
CTI57_30365|CTI57_30370|CTI57_30340|CTI57_30345|CTI57_30355	2051	NA	3	6.3	no	1	0	1	0	0	0	0	0
CTI57_30345|CTI57_30355|CTI57_30360|CTI57_30365|CTI57_30370	1925	NA	3	0.0	no	0	0	1	0	0	0	0	0
CTI57_30355|CTI57_30360|CTI57_30365|CTI57_30370|CTI57_30340	1908	NA	3	6.3	no	1	0	1	0	0	0	0	0
CTI57_30370|CTI57_30340|CTI57_30345|CTI57_30355|CTI57_30360	1769	NA	3	6.3	no	1	0	0	0	0	0	0	0
CTI57_30340|CTI57_30345|CTI57_30355|CTI57_30360|CTI57_30365	1607	NA	4	4.7	no	1	0	0	0	0	0	0	0
