ID	Length	Coverage	# ORFs	RDS	Circular	Inc Type(s)	# Replication	# Mobilization	# OriT	# Conjugation	# AMRs	# rRNAs	# Plasmid Hits
CTI61_29595|CTI61_29600|CTI61_29605|CTI61_29610|CTI61_29590	1383	NA	3	18.8	no	0	0	0	0	0	0	0	0
CTI61_29600|CTI61_29605|CTI61_29610|CTI61_29590|CTI61_29595	1383	NA	3	18.8	no	0	0	0	0	0	0	0	0
CTI61_29605|CTI61_29610|CTI61_29590|CTI61_29595|CTI61_29600	1383	NA	3	18.8	no	0	0	0	0	0	0	0	0
CTI61_29610|CTI61_29590|CTI61_29595|CTI61_29600|CTI61_29605	1383	NA	3	18.8	no	0	0	0	0	0	0	0	0
CTI61_29590|CTI61_29595|CTI61_29600|CTI61_29605|CTI61_29610	1383	NA	3	18.8	no	0	0	0	0	0	0	0	0
