ID	Length	Coverage	# ORFs	RDS	Circular	Inc Type(s)	# Replication	# Mobilization	# OriT	# Conjugation	# AMRs	# rRNAs	# Plasmid Hits
CTI56_28455|CTI56_28460|CTI56_28465|CTI56_28440|CTI56_28445	2626	NA	3	13.1	no	0	0	1	0	0	0	0	0
CTI56_28450|CTI56_28455|CTI56_28460|CTI56_28465|CTI56_28440	2584	NA	4	11.5	no	1	0	1	0	0	0	0	0
CTI56_28445|CTI56_28450|CTI56_28455|CTI56_28460|CTI56_28465	2556	NA	4	11.5	no	1	0	1	0	0	0	0	0
CTI56_28460|CTI56_28465|CTI56_28440|CTI56_28445|CTI56_28450	2464	NA	3	11.3	no	1	0	1	0	0	0	0	0
CTI56_28440|CTI56_28445|CTI56_28450|CTI56_28455|CTI56_28460	2452	NA	3	9.1	no	1	0	1	0	0	0	0	0
CTI56_28465|CTI56_28440|CTI56_28445|CTI56_28450|CTI56_28455	1303	NA	2	12.1	no	1	0	0	0	0	0	0	0
