ID	Length	Coverage	# ORFs	RDS	Circular	Inc Type(s)	# Replication	# Mobilization	# OriT	# Conjugation	# AMRs	# rRNAs	# Plasmid Hits
CTI69_29360|CTI69_29365|CTI69_29370|CTI69_29375|CTI69_29350	1479	NA	2	10.9	no	0	0	0	0	0	0	0	0
CTI69_29370|CTI69_29375|CTI69_29350|CTI69_29355|CTI69_29360	1477	NA	3	18.8	no	0	0	0	0	0	0	0	0
CTI69_29375|CTI69_29350|CTI69_29355|CTI69_29360|CTI69_29365	1398	NA	2	26.9	no	0	0	0	0	0	0	0	0
CTI69_29350|CTI69_29355|CTI69_29360|CTI69_29365|CTI69_29370	1383	NA	3	18.8	no	0	0	0	0	0	0	0	0
CTI69_29365|CTI69_29370|CTI69_29375|CTI69_29350|CTI69_29355	1349	NA	3	18.8	no	0	0	0	0	0	0	0	0
CTI69_29355|CTI69_29360|CTI69_29365|CTI69_29370|CTI69_29375	1269	NA	2	18.6	no	0	0	0	0	0	0	0	0
