ID	Length	Coverage	# ORFs	RDS	Circular	Inc Type(s)	# Replication	# Mobilization	# OriT	# Conjugation	# AMRs	# rRNAs	# Plasmid Hits
CTI52_28510|CTI52_28515|CTI52_28520|CTI52_28525|CTI52_28505	2260	NA	6	-198.7	no	0	0	0	0	0	0	0	0
CTI52_28515|CTI52_28520|CTI52_28525|CTI52_28505|CTI52_28510	2260	NA	6	-198.7	no	0	0	0	0	0	0	0	0
CTI52_28520|CTI52_28525|CTI52_28505|CTI52_28510|CTI52_28515	2260	NA	4	-17.8	no	0	0	0	0	0	0	0	0
CTI52_28525|CTI52_28505|CTI52_28510|CTI52_28515|CTI52_28520	2260	NA	6	-198.7	no	0	0	0	0	0	0	0	0
CTI52_28505|CTI52_28510|CTI52_28515|CTI52_28520|CTI52_28525	2260	NA	6	-198.7	no	0	0	0	0	0	0	0	0
