ID	Length	Coverage	# ORFs	RDS	Circular	Inc Type(s)	# Replication	# Mobilization	# OriT	# Conjugation	# AMRs	# rRNAs	# Plasmid Hits
CTI58_28345|CTI58_28350|CTI58_28355|CTI58_28360|CTI58_28340	2584	NA	4	11.5	no	1	0	1	0	0	0	0	0
CTI58_28350|CTI58_28355|CTI58_28360|CTI58_28340|CTI58_28345	2584	NA	4	11.5	no	1	0	1	0	0	0	0	0
CTI58_28355|CTI58_28360|CTI58_28340|CTI58_28345|CTI58_28350	2584	NA	4	11.5	no	1	0	1	0	0	0	0	0
CTI58_28360|CTI58_28340|CTI58_28345|CTI58_28350|CTI58_28355	2584	NA	4	11.5	no	1	0	1	0	0	0	0	0
CTI58_28340|CTI58_28345|CTI58_28350|CTI58_28355|CTI58_28360	2584	NA	4	11.5	no	1	0	1	0	0	0	0	0
