ID	Length	Coverage	# ORFs	RDS	Circular	Inc Type(s)	# Replication	# Mobilization	# OriT	# Conjugation	# AMRs	# rRNAs	# Plasmid Hits
CTI68_29380|CTI68_29355|CTI68_29360|CTI68_29365|CTI68_29370	1479	NA	2	10.9	no	0	0	0	0	0	0	0	0
CTI68_29370|CTI68_29375|CTI68_29380|CTI68_29355|CTI68_29360	1477	NA	3	18.8	no	0	0	0	0	0	0	0	0
CTI68_29365|CTI68_29370|CTI68_29375|CTI68_29380|CTI68_29355	1398	NA	2	26.9	no	0	0	0	0	0	0	0	0
CTI68_29360|CTI68_29365|CTI68_29370|CTI68_29375|CTI68_29380	1383	NA	2	26.9	no	0	0	0	0	0	0	0	0
CTI68_29375|CTI68_29380|CTI68_29355|CTI68_29360|CTI68_29365	1349	NA	3	18.8	no	0	0	0	0	0	0	0	0
CTI68_29355|CTI68_29360|CTI68_29365|CTI68_29370|CTI68_29375	1269	NA	2	18.6	no	0	0	0	0	0	0	0	0
