ID	Length	Coverage	# ORFs	RDS	Circular	Inc Type(s)	# Replication	# Mobilization	# OriT	# Conjugation	# AMRs	# rRNAs	# Plasmid Hits
CTI59_29600|CTI59_29605|CTI59_29610|CTI59_29615|CTI59_29620	1479	NA	2	10.9	no	0	0	0	0	0	0	0	0
CTI59_29620|CTI59_29595|CTI59_29600|CTI59_29605|CTI59_29610	1477	NA	3	18.8	no	0	0	0	0	0	0	0	0
CTI59_29615|CTI59_29620|CTI59_29595|CTI59_29600|CTI59_29605	1398	NA	2	26.9	no	0	0	0	0	0	0	0	0
CTI59_29610|CTI59_29615|CTI59_29620|CTI59_29595|CTI59_29600	1383	NA	2	26.9	no	0	0	0	0	0	0	0	0
CTI59_29595|CTI59_29600|CTI59_29605|CTI59_29610|CTI59_29615	1349	NA	3	18.8	no	0	0	0	0	0	0	0	0
CTI59_29605|CTI59_29610|CTI59_29615|CTI59_29620|CTI59_29595	1269	NA	2	18.6	no	0	0	0	0	0	0	0	0
