ID	Length	Coverage	# ORFs	RDS	Circular	Inc Type(s)	# Replication	# Mobilization	# OriT	# Conjugation	# AMRs	# rRNAs	# Plasmid Hits
CTI54_28610|CTI54_28580|CTI54_28585|CTI54_28590|CTI54_28595	1955	NA	3	0.6	no	1	0	1	0	0	0	0	0
CTI54_28580|CTI54_28585|CTI54_28590|CTI54_28595|CTI54_28605	1931	NA	3	0.6	no	1	0	1	0	0	0	0	0
CTI54_28595|CTI54_28605|CTI54_28610|CTI54_28580|CTI54_28585	1805	NA	3	0.0	no	0	0	1	0	0	0	0	0
CTI54_28605|CTI54_28610|CTI54_28580|CTI54_28585|CTI54_28590	1788	NA	3	6.3	no	1	0	1	0	0	0	0	0
CTI54_28585|CTI54_28590|CTI54_28595|CTI54_28605|CTI54_28610	1649	NA	3	6.3	no	1	0	0	0	0	0	0	0
CTI54_28590|CTI54_28595|CTI54_28605|CTI54_28610|CTI54_28580	1607	NA	4	4.7	no	1	0	0	0	0	0	0	0
