ID	Length	Coverage	# ORFs	RDS	Circular	Inc Type(s)	# Replication	# Mobilization	# OriT	# Conjugation	# AMRs	# rRNAs	# Plasmid Hits
CFSAN001992_22615|CFSAN001992_22530|CFSAN001992_22535|CFSAN001992_22540|CFSAN001992_22545	2958	NA	9	5.7	no	0	0	0	0	0	0	0	0
CFSAN001992_22600|CFSAN001992_22605|CFSAN001992_22610|CFSAN001992_22615|CFSAN001992_22530	2436	NA	8	9.6	no	0	0	0	0	0	0	0	0
CFSAN001992_22610|CFSAN001992_22615|CFSAN001992_22530|CFSAN001992_22535|CFSAN001992_22540	2316	NA	8	9.5	no	0	0	0	0	0	0	0	0
CFSAN001992_22590|CFSAN001992_22595|CFSAN001992_22600|CFSAN001992_22605|CFSAN001992_22610	2301	NA	6	4.3	no	0	0	0	0	0	0	0	0
CFSAN001992_22595|CFSAN001992_22600|CFSAN001992_22605|CFSAN001992_22610|CFSAN001992_22615	1977	NA	6	12.7	no	0	0	0	0	0	0	0	1
CFSAN001992_22605|CFSAN001992_22610|CFSAN001992_22615|CFSAN001992_22530|CFSAN001992_22535	1869	NA	8	9.5	no	0	0	0	0	0	0	0	0
