ID	Length	Coverage	# ORFs	RDS	Circular	Inc Type(s)	# Replication	# Mobilization	# OriT	# Conjugation	# AMRs	# rRNAs	# Plasmid Hits
KONIH1_31780|KONIH1_31785|KONIH1_31790|KONIH1_31795|KONIH1_31800	12174	NA	5	3.7	no	0	0	1	0	2	0	0	0
KONIH1_31775|KONIH1_31780|KONIH1_31785|KONIH1_31790|KONIH1_31795	11529	NA	5	3.9	no	0	0	1	0	2	0	0	0
KONIH1_31470|KONIH1_31475|KONIH1_31480|KONIH1_31485|KONIH1_31490	11199	NA	5	17.1	no	0	0	1	0	1	0	0	0
KONIH1_31770|KONIH1_31775|KONIH1_31780|KONIH1_31785|KONIH1_31790	9411	NA	5	3.7	no	0	0	1	0	2	0	0	1
KONIH1_31480|KONIH1_31485|KONIH1_31490|KONIH1_31495|KONIH1_31500	9276	NA	5	40.5	no	0	0	1	0	2	0	0	1
KONIH1_31765|KONIH1_31770|KONIH1_31775|KONIH1_31780|KONIH1_31785	9231	NA	5	3.6	no	0	0	1	0	2	0	0	1
KONIH1_31475|KONIH1_31480|KONIH1_31485|KONIH1_31490|KONIH1_31495	9216	NA	5	32.4	no	0	0	1	0	2	0	0	1
KONIH1_31485|KONIH1_31490|KONIH1_31495|KONIH1_31500|KONIH1_31505	9111	NA	5	40.6	no	0	0	1	0	2	0	0	1
KONIH1_31490|KONIH1_31495|KONIH1_31500|KONIH1_31505|KONIH1_31510	7506	NA	5	24.6	no	0	0	1	0	1	0	0	0
KONIH1_31785|KONIH1_31790|KONIH1_31795|KONIH1_31800|KONIH1_31805	7488	NA	5	3.6	no	0	0	0	0	2	0	0	0
KONIH1_31760|KONIH1_31765|KONIH1_31770|KONIH1_31775|KONIH1_31780	7197	NA	5	3.1	no	0	0	1	0	1	0	0	0
KONIH1_31720|KONIH1_31725|KONIH1_31730|KONIH1_31735|KONIH1_31740	7035	NA	5	27.7	no	0	0	0	0	0	0	0	0
KONIH1_31465|KONIH1_31470|KONIH1_31475|KONIH1_31480|KONIH1_31485	7017	NA	5	16.6	no	0	0	0	0	1	0	0	0
KONIH1_32200|KONIH1_32205|KONIH1_32210|KONIH1_32215|KONIH1_32220	6873	NA	5	26.4	no	0	0	0	0	0	0	0	0
KONIH1_31715|KONIH1_31720|KONIH1_31725|KONIH1_31730|KONIH1_31735	6816	NA	5	28.1	no	0	0	0	0	0	0	0	0
KONIH1_32205|KONIH1_32210|KONIH1_32215|KONIH1_32220|KONIH1_32225	6816	NA	5	28.1	no	0	0	0	0	0	0	0	0
KONIH1_31725|KONIH1_31730|KONIH1_31735|KONIH1_31740|KONIH1_31745	6564	NA	5	22.8	no	0	0	0	0	0	0	0	0
KONIH1_32195|KONIH1_32200|KONIH1_32205|KONIH1_32210|KONIH1_32215	6345	NA	5	24.3	no	0	0	0	0	0	0	0	0
KONIH1_31730|KONIH1_31735|KONIH1_31740|KONIH1_31745|KONIH1_31750	6210	NA	5	17.3	no	0	0	0	0	0	0	0	0
KONIH1_32235|KONIH1_32240|KONIH1_32245|KONIH1_32250|KONIH1_32255	6099	NA	4	34.4	no	0	0	0	0	0	0	0	0
KONIH1_31710|KONIH1_31715|KONIH1_31720|KONIH1_31725|KONIH1_31730	5982	NA	5	33.8	no	0	0	0	0	0	1	0	0
KONIH1_32210|KONIH1_32215|KONIH1_32220|KONIH1_32225|KONIH1_32230	5982	NA	5	33.8	no	0	0	0	0	0	1	0	0
KONIH1_32285|KONIH1_32290|KONIH1_32295|KONIH1_32300|KONIH1_32305	5934	NA	4	10.8	no	0	0	0	0	0	0	0	0
KONIH1_31455|KONIH1_31460|KONIH1_31465|KONIH1_31470|KONIH1_31475	5931	NA	5	19.8	no	0	0	0	0	1	0	0	0
KONIH1_32300|KONIH1_32305|KONIH1_32310|KONIH1_32315|KONIH1_32320	5907	NA	5	25.8	no	0	0	0	0	0	0	0	0
KONIH1_31450|KONIH1_31455|KONIH1_31460|KONIH1_31465|KONIH1_31470	5826	NA	5	19.4	no	0	0	0	0	2	0	0	0
KONIH1_32290|KONIH1_32295|KONIH1_32300|KONIH1_32305|KONIH1_32310	5814	NA	5	10.2	no	0	0	0	0	0	0	0	0
KONIH1_32190|KONIH1_32195|KONIH1_32200|KONIH1_32205|KONIH1_32210	5718	NA	5	19.4	no	0	0	0	0	0	0	0	0
KONIH1_31795|KONIH1_31800|KONIH1_31805|KONIH1_31810|KONIH1_31815	5643	NA	5	3.3	no	0	0	0	0	2	0	0	0
KONIH1_32295|KONIH1_32300|KONIH1_32305|KONIH1_32310|KONIH1_32315	5589	NA	5	16.3	no	0	0	0	0	0	0	0	0
KONIH1_32250|KONIH1_32255|KONIH1_32260|KONIH1_32265|KONIH1_32270	5517	NA	6	22.3	no	0	0	0	0	0	0	0	0
KONIH1_32245|KONIH1_32250|KONIH1_32255|KONIH1_32260|KONIH1_32265	5514	NA	5	28.0	no	0	0	0	0	0	0	0	0
KONIH1_31790|KONIH1_31795|KONIH1_31800|KONIH1_31805|KONIH1_31810	5427	NA	5	3.5	no	0	0	0	0	1	0	0	0
KONIH1_32240|KONIH1_32245|KONIH1_32250|KONIH1_32255|KONIH1_32260	5415	NA	4	35.0	no	0	0	0	0	0	0	0	0
KONIH1_31380|KONIH1_31385|KONIH1_31390|KONIH1_31395|KONIH1_31400	5202	NA	5	42.8	no	0	0	0	0	2	0	0	1
KONIH1_31855|KONIH1_31860|KONIH1_31865|KONIH1_31870|KONIH1_31875	5202	NA	5	42.8	no	0	0	0	0	2	0	0	1
KONIH1_32255|KONIH1_32260|KONIH1_32265|KONIH1_32270|KONIH1_32275	5187	NA	6	12.2	no	0	0	0	0	0	0	0	0
KONIH1_31375|KONIH1_31380|KONIH1_31385|KONIH1_31390|KONIH1_31395	5046	NA	5	43.6	no	0	0	0	0	2	0	0	1
KONIH1_31860|KONIH1_31865|KONIH1_31870|KONIH1_31875|KONIH1_31880	5046	NA	5	43.6	no	0	0	0	0	2	0	0	1
KONIH1_31460|KONIH1_31465|KONIH1_31470|KONIH1_31475|KONIH1_31480	4947	NA	5	0.8	no	0	0	0	0	0	0	0	0
KONIH1_31645|KONIH1_31650|KONIH1_31655|KONIH1_31660|KONIH1_31665	4773	NA	5	30.7	no	0	0	0	0	0	0	0	0
KONIH1_31660|KONIH1_31665|KONIH1_31670|KONIH1_31675|KONIH1_31680	4581	NA	5	40.0	no	0	0	0	0	0	2	0	0
KONIH1_32110|KONIH1_32115|KONIH1_32120|KONIH1_32125|KONIH1_32130	4533	NA	5	47.4	no	0	0	0	0	0	0	0	0
KONIH1_31655|KONIH1_31660|KONIH1_31665|KONIH1_31670|KONIH1_31675	4482	NA	5	33.3	no	0	0	0	0	0	1	0	0
KONIH1_31400|KONIH1_31405|KONIH1_31410|KONIH1_31415|KONIH1_31420	4446	NA	5	21.8	no	0	0	0	0	2	0	0	0
KONIH1_31835|KONIH1_31840|KONIH1_31845|KONIH1_31850|KONIH1_31855	4446	NA	5	21.8	no	0	0	0	0	2	0	0	0
KONIH1_31690|KONIH1_31695|KONIH1_31700|KONIH1_31705|KONIH1_31710	4371	NA	4	15.4	no	0	0	0	0	0	1	0	0
KONIH1_32555|KONIH1_31375|KONIH1_31380|KONIH1_31385|KONIH1_31390	4344	NA	5	36.6	no	0	0	0	0	1	0	0	1
KONIH1_31865|KONIH1_31870|KONIH1_31875|KONIH1_31880|KONIH1_31885	4344	NA	5	36.6	no	0	0	0	0	1	0	0	1
KONIH1_31685|KONIH1_31690|KONIH1_31695|KONIH1_31700|KONIH1_31705	4326	NA	4	5.1	no	0	0	0	0	0	1	0	0
KONIH1_31705|KONIH1_31710|KONIH1_31715|KONIH1_31720|KONIH1_31725	4326	NA	5	27.5	no	0	0	0	0	0	1	0	0
KONIH1_32215|KONIH1_32220|KONIH1_32225|KONIH1_32230|KONIH1_32235	4326	NA	5	27.5	no	0	0	0	0	0	1	0	0
KONIH1_31650|KONIH1_31655|KONIH1_31660|KONIH1_31665|KONIH1_31670	4299	NA	5	33.2	no	0	0	0	0	0	0	0	0
KONIH1_32095|KONIH1_32100|KONIH1_32105|KONIH1_32110|KONIH1_32115	4227	NA	5	71.5	no	0	0	0	0	0	0	0	0
KONIH1_32100|KONIH1_32105|KONIH1_32110|KONIH1_32115|KONIH1_32120	4182	NA	5	70.1	no	0	0	0	0	0	0	0	0
KONIH1_31830|KONIH1_31835|KONIH1_31840|KONIH1_31845|KONIH1_31850	4179	NA	5	22.4	no	0	0	0	0	2	0	0	0
KONIH1_31405|KONIH1_31410|KONIH1_31415|KONIH1_31420|KONIH1_31425	4146	NA	5	31.0	no	0	0	0	0	2	0	0	0
KONIH1_32550|KONIH1_32555|KONIH1_31375|KONIH1_31380|KONIH1_31385	4122	NA	5	25.3	no	0	0	0	0	0	0	0	0
KONIH1_31525|KONIH1_31530|KONIH1_31535|KONIH1_31540|KONIH1_31545	4122	NA	3	48.9	no	0	0	0	0	0	0	0	0
KONIH1_31870|KONIH1_31875|KONIH1_31880|KONIH1_31885|KONIH1_31890	4122	NA	4	31.1	no	0	0	0	0	0	0	0	0
KONIH1_32230|KONIH1_32235|KONIH1_32240|KONIH1_32245|KONIH1_32250	4083	NA	4	32.2	no	0	0	0	0	0	1	0	0
KONIH1_31640|KONIH1_31645|KONIH1_31650|KONIH1_31655|KONIH1_31660	4077	NA	4	15.4	no	0	0	0	0	0	0	0	0
KONIH1_31875|KONIH1_31880|KONIH1_31885|KONIH1_31890|KONIH1_31895	4041	NA	5	36.0	no	0	0	0	0	0	0	0	0
KONIH1_31535|KONIH1_31540|KONIH1_31545|KONIH1_31550|KONIH1_31555	3993	NA	4	30.7	no	0	0	0	0	0	0	0	0
KONIH1_31675|KONIH1_31680|KONIH1_31685|KONIH1_31690|KONIH1_31695	3990	NA	5	11.1	no	0	0	0	0	0	3	0	0
KONIH1_31530|KONIH1_31535|KONIH1_31540|KONIH1_31545|KONIH1_31550	3984	NA	4	35.8	no	0	0	0	0	0	0	0	0
KONIH1_32410|KONIH1_32415|KONIH1_32420|KONIH1_32425|KONIH1_32430	3969	NA	5	6.8	no	0	0	0	0	0	0	0	0
KONIH1_31700|KONIH1_31705|KONIH1_31710|KONIH1_31715|KONIH1_31720	3957	NA	4	25.7	no	0	0	0	0	0	1	0	0
KONIH1_32545|KONIH1_32550|KONIH1_32555|KONIH1_31375|KONIH1_31380	3954	NA	5	22.4	no	0	0	0	0	0	0	0	0
KONIH1_32105|KONIH1_32110|KONIH1_32115|KONIH1_32120|KONIH1_32125	3948	NA	5	64.4	no	0	0	0	0	0	0	0	0
KONIH1_31415|KONIH1_31420|KONIH1_31425|KONIH1_31430|KONIH1_31435	3924	NA	5	62.1	no	0	0	0	0	3	0	0	0
KONIH1_31580|KONIH1_31590|KONIH1_31595|KONIH1_31605|KONIH1_31610	3921	NA	4	8.7	no	0	0	0	0	0	0	0	0
KONIH1_32020|KONIH1_32025|KONIH1_32030|KONIH1_32035|KONIH1_32040	3921	NA	5	9.9	no	0	0	0	0	0	0	0	0
KONIH1_31520|KONIH1_31525|KONIH1_31530|KONIH1_31535|KONIH1_31540	3864	NA	4	36.6	no	0	0	0	0	0	0	0	0
KONIH1_31735|KONIH1_31740|KONIH1_31745|KONIH1_31750|KONIH1_31755	3858	NA	5	12.2	no	0	0	0	0	0	0	0	0
KONIH1_32225|KONIH1_32230|KONIH1_32235|KONIH1_32240|KONIH1_32245	3816	NA	4	19.2	no	0	0	0	0	0	1	0	0
KONIH1_31680|KONIH1_31685|KONIH1_31690|KONIH1_31695|KONIH1_31700	3810	NA	4	5.2	no	0	0	0	0	0	1	0	0
KONIH1_32005|KONIH1_32010|KONIH1_32020|KONIH1_32025|KONIH1_32030	3798	NA	4	14.6	no	0	0	0	0	0	0	0	0
KONIH1_31410|KONIH1_31415|KONIH1_31420|KONIH1_31425|KONIH1_31430	3783	NA	5	46.2	no	0	0	0	0	2	0	0	0
KONIH1_32010|KONIH1_32020|KONIH1_32025|KONIH1_32030|KONIH1_32035	3768	NA	4	12.3	no	0	0	0	0	0	0	0	0
KONIH1_31905|KONIH1_31910|KONIH1_31915|KONIH1_31920|KONIH1_31925	3741	NA	5	55.2	no	0	0	0	0	3	0	0	1
KONIH1_32415|KONIH1_32420|KONIH1_32425|KONIH1_32430|KONIH1_32435	3735	NA	5	8.9	no	0	0	0	0	0	0	0	0
KONIH1_32505|KONIH1_32510|KONIH1_32515|KONIH1_32520|KONIH1_32525	3729	NA	5	20.6	no	0	0	0	0	4	0	0	1
KONIH1_31825|KONIH1_31830|KONIH1_31835|KONIH1_31840|KONIH1_31845	3717	NA	5	23.3	no	0	0	0	0	2	0	0	0
KONIH1_32420|KONIH1_32425|KONIH1_32430|KONIH1_32435|KONIH1_32440	3714	NA	5	10.5	no	0	0	0	0	0	0	0	0
KONIH1_31445|KONIH1_31450|KONIH1_31455|KONIH1_31460|KONIH1_31465	3690	NA	5	35.0	no	0	0	0	0	3	0	0	1
KONIH1_31695|KONIH1_31700|KONIH1_31705|KONIH1_31710|KONIH1_31715	3687	NA	4	17.6	no	0	0	0	0	0	1	0	0
KONIH1_31670|KONIH1_31675|KONIH1_31680|KONIH1_31685|KONIH1_31690	3657	NA	5	21.5	no	0	0	0	0	0	3	0	0
KONIH1_31665|KONIH1_31670|KONIH1_31675|KONIH1_31680|KONIH1_31685	3639	NA	5	39.9	no	0	0	0	0	0	3	0	0
KONIH1_31910|KONIH1_31915|KONIH1_31920|KONIH1_31925|KONIH1_31930	3636	NA	5	75.9	no	0	0	0	0	3	0	0	1
KONIH1_32115|KONIH1_32120|KONIH1_32125|KONIH1_32130|KONIH1_32135	3621	NA	5	30.3	no	0	0	0	0	0	0	0	0
KONIH1_32090|KONIH1_32095|KONIH1_32100|KONIH1_32105|KONIH1_32110	3582	NA	5	77.2	no	0	0	0	0	0	0	0	0
KONIH1_32220|KONIH1_32225|KONIH1_32230|KONIH1_32235|KONIH1_32240	3576	NA	4	25.7	no	0	0	0	0	0	1	0	0
KONIH1_31815|KONIH1_31820|KONIH1_31825|KONIH1_31830|KONIH1_31835	3537	NA	5	22.9	no	0	0	0	0	2	0	0	0
KONIH1_32185|KONIH1_32190|KONIH1_32195|KONIH1_32200|KONIH1_32205	3531	NA	5	13.2	no	0	0	0	0	0	1	0	0
KONIH1_31420|KONIH1_31425|KONIH1_31430|KONIH1_31435|KONIH1_31440	3516	NA	5	77.0	no	0	0	0	0	2	0	0	0
KONIH1_32025|KONIH1_32030|KONIH1_32035|KONIH1_32040|KONIH1_32045	3516	NA	5	23.2	no	0	0	0	0	0	0	0	0
KONIH1_32305|KONIH1_32310|KONIH1_32315|KONIH1_32320|KONIH1_32330	3489	NA	6	23.0	no	0	0	0	0	0	0	0	0
KONIH1_31395|KONIH1_31400|KONIH1_31405|KONIH1_31410|KONIH1_31415	3483	NA	5	12.8	no	0	0	0	0	2	0	0	0
KONIH1_31840|KONIH1_31845|KONIH1_31850|KONIH1_31855|KONIH1_31860	3483	NA	5	12.8	no	0	0	0	0	2	0	0	0
KONIH1_32320|KONIH1_32330|KONIH1_32335|KONIH1_32340|KONIH1_32345	3483	NA	5	20.1	no	0	0	0	0	0	0	0	0
KONIH1_32500|KONIH1_32505|KONIH1_32510|KONIH1_32515|KONIH1_32520	3471	NA	5	41.4	no	0	0	0	0	3	0	0	1
KONIH1_31390|KONIH1_31395|KONIH1_31400|KONIH1_31405|KONIH1_31410	3462	NA	5	22.9	no	0	0	0	0	2	0	0	1
KONIH1_31845|KONIH1_31850|KONIH1_31855|KONIH1_31860|KONIH1_31865	3462	NA	5	22.9	no	0	0	0	0	2	0	0	1
KONIH1_31900|KONIH1_31905|KONIH1_31910|KONIH1_31915|KONIH1_31920	3459	NA	5	38.4	no	0	0	0	0	2	0	0	0
KONIH1_32405|KONIH1_32410|KONIH1_32415|KONIH1_32420|KONIH1_32425	3451	NA	4	5.7	no	0	0	0	0	0	0	0	0
KONIH1_31820|KONIH1_31825|KONIH1_31830|KONIH1_31835|KONIH1_31840	3441	NA	5	24.1	no	0	0	0	0	2	0	0	0
KONIH1_31915|KONIH1_31920|KONIH1_31925|KONIH1_31930|KONIH1_31935	3408	NA	5	93.6	no	0	0	0	0	3	0	0	1
KONIH1_32495|KONIH1_32500|KONIH1_32505|KONIH1_32510|KONIH1_32515	3402	NA	5	60.8	no	0	0	0	0	3	0	0	1
KONIH1_32510|KONIH1_32515|KONIH1_32520|KONIH1_32525|KONIH1_32530	3366	NA	5	3.5	no	0	0	0	0	3	0	0	0
KONIH1_31435|KONIH1_31440|KONIH1_31445|KONIH1_31450|KONIH1_31455	3357	NA	5	68.5	no	0	0	0	0	4	0	0	1
KONIH1_32030|KONIH1_32035|KONIH1_32040|KONIH1_32045|KONIH1_32050	3339	NA	5	30.7	no	0	0	0	0	0	0	0	0
KONIH1_32400|KONIH1_32405|KONIH1_32410|KONIH1_32415|KONIH1_32420	3262	NA	4	3.0	no	0	0	0	0	0	0	0	0
KONIH1_31800|KONIH1_31805|KONIH1_31810|KONIH1_31815|KONIH1_31820	3258	NA	5	4.2	no	0	0	0	0	2	0	0	0
KONIH1_31385|KONIH1_31390|KONIH1_31395|KONIH1_31400|KONIH1_31405	3252	NA	5	25.8	no	0	0	0	0	2	0	0	1
KONIH1_31850|KONIH1_31855|KONIH1_31860|KONIH1_31865|KONIH1_31870	3252	NA	5	25.8	no	0	0	0	0	2	0	0	1
KONIH1_31590|KONIH1_31595|KONIH1_31605|KONIH1_31610|KONIH1_31615	3180	NA	4	9.4	no	0	0	0	0	0	0	0	0
KONIH1_32120|KONIH1_32125|KONIH1_32130|KONIH1_32135|KONIH1_32140	3051	NA	5	28.7	no	0	0	0	0	0	0	0	0
KONIH1_32515|KONIH1_32520|KONIH1_32525|KONIH1_32530|KONIH1_32535	3039	NA	5	2.7	no	0	0	0	0	2	0	0	0
KONIH1_31895|KONIH1_31900|KONIH1_31905|KONIH1_31910|KONIH1_31915	3030	NA	5	29.6	no	0	0	0	0	1	0	0	0
KONIH1_32085|KONIH1_32090|KONIH1_32095|KONIH1_32100|KONIH1_32105	3012	NA	5	75.0	no	0	0	0	0	0	0	0	0
KONIH1_31515|KONIH1_31520|KONIH1_31525|KONIH1_31530|KONIH1_31535	2946	NA	4	28.4	no	0	0	0	0	0	0	0	0
KONIH1_32330|KONIH1_32335|KONIH1_32340|KONIH1_32345|KONIH1_32350	2943	NA	5	9.5	no	0	0	0	0	0	0	0	0
KONIH1_32165|KONIH1_32170|KONIH1_32175|KONIH1_32180|KONIH1_32185	2889	NA	5	10.7	no	0	0	0	0	0	2	0	0
KONIH1_31960|KONIH1_31970|KONIH1_31975|KONIH1_31980|KONIH1_31990	2871	NA	5	23.8	no	0	0	0	0	0	0	0	0
KONIH1_32310|KONIH1_32315|KONIH1_32320|KONIH1_32330|KONIH1_32335	2871	NA	5	27.2	no	0	0	0	0	0	0	0	0
KONIH1_32345|KONIH1_32350|KONIH1_32355|KONIH1_32360|KONIH1_32365	2868	NA	5	21.4	no	0	0	0	0	0	0	0	0
KONIH1_31440|KONIH1_31445|KONIH1_31450|KONIH1_31455|KONIH1_31460	2853	NA	5	52.0	no	0	0	0	0	3	0	0	1
KONIH1_31635|KONIH1_31640|KONIH1_31645|KONIH1_31650|KONIH1_31655	2850	NA	4	17.0	no	0	0	0	0	0	0	0	0
KONIH1_32315|KONIH1_32320|KONIH1_32330|KONIH1_32335|KONIH1_32340	2820	NA	5	26.8	no	0	0	0	0	0	0	0	0
KONIH1_32080|KONIH1_32085|KONIH1_32090|KONIH1_32095|KONIH1_32100	2802	NA	5	66.8	no	0	0	0	0	0	0	0	0
KONIH1_31930|KONIH1_31935|KONIH1_31940|KONIH1_31945|KONIH1_31950	2754	NA	5	16.1	no	0	0	0	0	0	0	0	0
KONIH1_31970|KONIH1_31975|KONIH1_31980|KONIH1_31990|KONIH1_31995	2739	NA	5	7.7	no	0	0	0	0	0	0	0	0
KONIH1_31605|KONIH1_31610|KONIH1_31615|KONIH1_31620|KONIH1_31625	2685	NA	5	18.3	no	0	0	0	0	0	0	0	0
KONIH1_31595|KONIH1_31605|KONIH1_31610|KONIH1_31615|KONIH1_31620	2670	NA	4	22.8	no	0	0	0	0	0	0	0	0
KONIH1_31920|KONIH1_31925|KONIH1_31930|KONIH1_31935|KONIH1_31940	2658	NA	5	77.1	no	0	0	0	0	2	0	0	0
KONIH1_32125|KONIH1_32130|KONIH1_32135|KONIH1_32140|KONIH1_32145	2643	NA	5	27.7	no	0	0	0	0	0	0	0	0
KONIH1_31615|KONIH1_31620|KONIH1_31625|KONIH1_31630|KONIH1_31635	2613	NA	5	12.0	no	0	0	0	0	0	0	0	0
KONIH1_31620|KONIH1_31625|KONIH1_31630|KONIH1_31635|KONIH1_31640	2586	NA	4	15.0	no	0	0	0	0	0	0	0	0
KONIH1_32175|KONIH1_32180|KONIH1_32185|KONIH1_32190|KONIH1_32195	2583	NA	5	17.2	no	0	0	0	0	0	2	0	0
KONIH1_32335|KONIH1_32340|KONIH1_32345|KONIH1_32350|KONIH1_32355	2568	NA	5	5.1	no	0	0	0	0	0	0	0	0
KONIH1_32170|KONIH1_32175|KONIH1_32180|KONIH1_32185|KONIH1_32190	2562	NA	5	12.6	no	0	0	0	0	0	2	0	0
KONIH1_31755|KONIH1_31760|KONIH1_31765|KONIH1_31770|KONIH1_31775	2559	NA	5	3.4	no	0	0	0	0	1	0	0	0
KONIH1_32065|KONIH1_32070|KONIH1_32075|KONIH1_32080|KONIH1_32085	2541	NA	5	63.9	no	0	0	0	0	0	0	0	0
KONIH1_31495|KONIH1_31500|KONIH1_31505|KONIH1_31510|KONIH1_31515	2538	NA	4	159.7	no	0	0	0	0	1	0	0	0
KONIH1_32365|KONIH1_32370|KONIH1_32375|KONIH1_32380|KONIH1_32385	2532	NA	5	20.0	no	0	0	0	0	0	0	0	0
KONIH1_31750|KONIH1_31755|KONIH1_31760|KONIH1_31765|KONIH1_31770	2484	NA	5	4.3	no	0	0	0	0	0	0	0	0
KONIH1_32180|KONIH1_32185|KONIH1_32190|KONIH1_32195|KONIH1_32200	2421	NA	5	8.4	no	0	0	0	0	0	2	0	0
KONIH1_31630|KONIH1_31635|KONIH1_31640|KONIH1_31645|KONIH1_31650	2415	NA	4	28.6	no	0	0	0	0	0	0	0	0
KONIH1_31740|KONIH1_31745|KONIH1_31750|KONIH1_31755|KONIH1_31760	2409	NA	5	6.4	no	0	0	0	0	0	0	0	0
KONIH1_32340|KONIH1_32345|KONIH1_32350|KONIH1_32355|KONIH1_32360	2394	NA	5	7.5	no	0	0	0	0	0	0	0	0
KONIH1_32430|KONIH1_32435|KONIH1_32440|KONIH1_32445|KONIH1_32450	2388	NA	5	9.1	no	0	0	0	0	0	0	0	0
KONIH1_32470|KONIH1_32475|KONIH1_32480|KONIH1_32485|KONIH1_32490	2364	NA	5	4.8	no	0	0	0	0	0	0	0	0
KONIH1_32465|KONIH1_32470|KONIH1_32475|KONIH1_32480|KONIH1_32485	2352	NA	5	6.7	no	0	0	0	0	0	0	0	0
KONIH1_32060|KONIH1_32065|KONIH1_32070|KONIH1_32075|KONIH1_32080	2346	NA	5	60.8	no	0	0	0	0	0	0	0	0
KONIH1_31610|KONIH1_31615|KONIH1_31620|KONIH1_31625|KONIH1_31630	2343	NA	5	13.6	no	0	0	0	0	0	0	0	0
KONIH1_32070|KONIH1_32075|KONIH1_32080|KONIH1_32085|KONIH1_32090	2343	NA	5	65.3	no	0	0	0	0	0	0	0	0
KONIH1_31925|KONIH1_31930|KONIH1_31935|KONIH1_31940|KONIH1_31945	2340	NA	5	59.9	no	0	0	0	0	1	0	0	0
KONIH1_32160|KONIH1_32165|KONIH1_32170|KONIH1_32175|KONIH1_32180	2337	NA	5	11.8	no	0	0	0	0	0	1	0	0
KONIH1_32370|KONIH1_32375|KONIH1_32380|KONIH1_32385|KONIH1_32390	2337	NA	5	7.2	no	0	0	0	0	0	0	0	0
KONIH1_32450|KONIH1_32455|KONIH1_32460|KONIH1_32465|KONIH1_32470	2337	NA	5	8.1	no	0	0	0	0	0	0	0	0
KONIH1_32360|KONIH1_32365|KONIH1_32370|KONIH1_32375|KONIH1_32380	2334	NA	5	22.3	no	0	0	0	0	0	0	0	0
KONIH1_32055|KONIH1_32060|KONIH1_32065|KONIH1_32070|KONIH1_32075	2316	NA	5	62.9	no	0	0	0	0	0	0	0	0
KONIH1_31430|KONIH1_31435|KONIH1_31440|KONIH1_31445|KONIH1_31450	2313	NA	5	65.6	no	0	0	0	0	3	0	0	1
KONIH1_32375|KONIH1_32380|KONIH1_32385|KONIH1_32390|KONIH1_32395	2307	NA	5	21.0	no	0	0	0	0	0	0	0	0
KONIH1_31975|KONIH1_31980|KONIH1_31990|KONIH1_31995|KONIH1_32000	2268	NA	5	26.1	no	0	0	0	0	0	0	0	0
KONIH1_32075|KONIH1_32080|KONIH1_32085|KONIH1_32090|KONIH1_32095	2247	NA	5	65.7	no	0	0	0	0	0	0	0	0
KONIH1_31625|KONIH1_31630|KONIH1_31635|KONIH1_31640|KONIH1_31645	2223	NA	4	21.0	no	0	0	0	0	0	0	0	0
KONIH1_32490|KONIH1_32495|KONIH1_32500|KONIH1_32505|KONIH1_32510	2223	NA	4	75.2	no	0	0	0	0	2	0	0	1
KONIH1_31510|KONIH1_31515|KONIH1_31520|KONIH1_31525|KONIH1_31530	2217	NA	5	14.1	no	0	0	0	0	0	0	0	0
KONIH1_31745|KONIH1_31750|KONIH1_31755|KONIH1_31760|KONIH1_31765	2199	NA	5	5.6	no	0	0	0	0	0	0	0	0
KONIH1_32475|KONIH1_32480|KONIH1_32485|KONIH1_32490|KONIH1_32495	2187	NA	5	23.1	no	0	0	0	0	0	0	0	0
KONIH1_31505|KONIH1_31510|KONIH1_31515|KONIH1_31520|KONIH1_31525	2172	NA	5	10.1	no	0	0	0	0	0	0	0	0
KONIH1_32485|KONIH1_32490|KONIH1_32495|KONIH1_32500|KONIH1_32505	2169	NA	5	59.8	no	0	0	0	0	1	0	0	0
KONIH1_31980|KONIH1_31990|KONIH1_31995|KONIH1_32000|KONIH1_32005	2160	NA	5	30.5	no	0	0	0	0	0	0	0	0
KONIH1_32050|KONIH1_32055|KONIH1_32060|KONIH1_32065|KONIH1_32070	2151	NA	5	60.0	no	0	0	0	0	0	0	0	0
KONIH1_32155|KONIH1_32160|KONIH1_32165|KONIH1_32170|KONIH1_32175	2148	NA	5	28.4	no	0	0	0	0	0	0	0	0
KONIH1_32000|KONIH1_32005|KONIH1_32010|KONIH1_32020|KONIH1_32025	2139	NA	4	34.5	no	0	0	0	0	0	0	0	0
KONIH1_32380|KONIH1_32385|KONIH1_32390|KONIH1_32395|KONIH1_32400	2139	NA	5	18.9	no	0	0	0	0	0	0	0	0
KONIH1_31425|KONIH1_31430|KONIH1_31435|KONIH1_31440|KONIH1_31445	2133	NA	5	75.7	no	0	0	0	0	2	0	0	0
KONIH1_32130|KONIH1_32135|KONIH1_32140|KONIH1_32145|KONIH1_32150	2133	NA	5	30.4	no	0	0	0	0	0	0	0	0
KONIH1_31500|KONIH1_31505|KONIH1_31510|KONIH1_31515|KONIH1_31520	2124	NA	5	13.7	no	0	0	0	0	0	0	0	0
KONIH1_31805|KONIH1_31810|KONIH1_31815|KONIH1_31820|KONIH1_31825	2115	NA	5	5.7	no	0	0	0	0	1	0	0	0
KONIH1_31995|KONIH1_32000|KONIH1_32005|KONIH1_32010|KONIH1_32020	2061	NA	4	33.9	no	0	0	0	0	0	0	0	0
KONIH1_32445|KONIH1_32450|KONIH1_32455|KONIH1_32460|KONIH1_32465	2025	NA	5	6.9	no	0	0	0	0	0	0	0	0
KONIH1_32440|KONIH1_32445|KONIH1_32450|KONIH1_32455|KONIH1_32460	2022	NA	5	7.0	no	0	0	0	0	0	0	0	0
KONIH1_32460|KONIH1_32465|KONIH1_32470|KONIH1_32475|KONIH1_32480	2013	NA	5	7.7	no	0	0	0	0	0	0	0	0
KONIH1_31890|KONIH1_31895|KONIH1_31900|KONIH1_31905|KONIH1_31910	2010	NA	5	19.0	no	0	0	0	0	0	0	0	0
KONIH1_32435|KONIH1_32440|KONIH1_32445|KONIH1_32450|KONIH1_32455	1998	NA	5	5.5	no	0	0	0	0	0	0	0	0
KONIH1_32480|KONIH1_32485|KONIH1_32490|KONIH1_32495|KONIH1_32500	1998	NA	5	42.0	no	0	0	0	0	0	0	0	0
KONIH1_32455|KONIH1_32460|KONIH1_32465|KONIH1_32470|KONIH1_32475	1956	NA	5	8.4	no	0	0	0	0	0	0	0	0
KONIH1_32425|KONIH1_32430|KONIH1_32435|KONIH1_32440|KONIH1_32445	1944	NA	5	9.3	no	0	0	0	0	0	0	0	0
KONIH1_32520|KONIH1_32525|KONIH1_32530|KONIH1_32535|KONIH1_32540	1917	NA	5	2.7	no	0	0	0	0	1	0	0	0
KONIH1_31810|KONIH1_31815|KONIH1_31820|KONIH1_31825|KONIH1_31830	1821	NA	5	6.3	no	0	0	0	0	1	0	0	0
KONIH1_32150|KONIH1_32155|KONIH1_32160|KONIH1_32165|KONIH1_32170	1821	NA	5	30.3	no	0	0	0	0	0	0	0	0
KONIH1_32350|KONIH1_32355|KONIH1_32360|KONIH1_32365|KONIH1_32370	1815	NA	5	21.5	no	0	0	0	0	0	0	0	0
KONIH1_32355|KONIH1_32360|KONIH1_32365|KONIH1_32370|KONIH1_32375	1812	NA	5	22.2	no	0	0	0	0	0	0	0	0
KONIH1_32145|KONIH1_32150|KONIH1_32155|KONIH1_32160|KONIH1_32165	1809	NA	5	40.5	no	0	0	0	0	0	0	0	0
KONIH1_32040|KONIH1_32045|KONIH1_32050|KONIH1_32055|KONIH1_32060	1785	NA	5	52.7	no	0	0	0	0	0	0	0	0
KONIH1_32390|KONIH1_32395|KONIH1_32400|KONIH1_32405|KONIH1_32410	1711	NA	4	21.7	no	0	0	0	0	0	0	0	0
KONIH1_32525|KONIH1_32530|KONIH1_32535|KONIH1_32540|KONIH1_32545	1707	NA	5	2.5	no	0	0	0	0	1	0	0	0
KONIH1_31885|KONIH1_31890|KONIH1_31895|KONIH1_31900|KONIH1_31905	1704	NA	5	17.8	no	0	0	0	0	0	0	0	0
KONIH1_32045|KONIH1_32050|KONIH1_32055|KONIH1_32060|KONIH1_32065	1701	NA	5	61.0	no	0	0	0	0	0	0	0	0
KONIH1_31880|KONIH1_31885|KONIH1_31890|KONIH1_31895|KONIH1_31900	1686	NA	5	19.0	no	0	0	0	0	0	0	0	0
KONIH1_31990|KONIH1_31995|KONIH1_32000|KONIH1_32005|KONIH1_32010	1686	NA	4	34.9	no	0	0	0	0	0	0	0	0
KONIH1_32535|KONIH1_32540|KONIH1_32545|KONIH1_32550|KONIH1_32555	1635	NA	5	3.4	no	0	0	0	0	0	0	0	1
KONIH1_32540|KONIH1_32545|KONIH1_32550|KONIH1_32555|KONIH1_31375	1614	NA	5	5.1	no	0	0	0	0	0	0	0	1
KONIH1_32385|KONIH1_32390|KONIH1_32395|KONIH1_32400|KONIH1_32405	1582	NA	4	21.9	no	0	0	0	0	0	0	0	0
KONIH1_32530|KONIH1_32535|KONIH1_32540|KONIH1_32545|KONIH1_32550	1548	NA	5	2.5	no	0	0	0	0	0	0	0	1
KONIH1_32135|KONIH1_32140|KONIH1_32145|KONIH1_32150|KONIH1_32155	1533	NA	5	44.3	no	0	0	0	0	0	0	0	0
KONIH1_32035|KONIH1_32040|KONIH1_32045|KONIH1_32050|KONIH1_32055	1521	NA	5	43.3	no	0	0	0	0	0	0	0	0
KONIH1_32395|KONIH1_32400|KONIH1_32405|KONIH1_32410|KONIH1_32415	1453	NA	4	19.3	no	0	0	0	0	0	0	0	0
KONIH1_32140|KONIH1_32145|KONIH1_32150|KONIH1_32155|KONIH1_32160	1410	NA	5	45.5	no	0	0	0	0	0	0	0	0
