ID	Length	Coverage	# ORFs	RDS	Circular	Inc Type(s)	# Replication	# Mobilization	# OriT	# Conjugation	# AMRs	# rRNAs	# Plasmid Hits
CFNIH1_25420|CFNIH1_25425|CFNIH1_25430|CFNIH1_25435|CFNIH1_25440	9660	NA	5	33.2	no	0	0	0	0	1	0	0	0
CFNIH1_25430|CFNIH1_25435|CFNIH1_25440|CFNIH1_25445|CFNIH1_25450	9537	NA	5	30.6	no	0	0	0	0	0	0	0	0
CFNIH1_25425|CFNIH1_25430|CFNIH1_25435|CFNIH1_25440|CFNIH1_25445	9399	NA	5	32.1	no	0	0	0	0	0	0	0	0
CFNIH1_25410|CFNIH1_25415|CFNIH1_25420|CFNIH1_25425|CFNIH1_25430	8736	NA	5	34.4	no	0	0	0	0	3	0	0	0
CFNIH1_25415|CFNIH1_25420|CFNIH1_25425|CFNIH1_25430|CFNIH1_25435	8526	NA	5	33.9	no	0	0	0	0	2	0	0	0
CFNIH1_25680|CFNIH1_25685|CFNIH1_25690|CFNIH1_25695|CFNIH1_25700	8259	NA	5	34.8	no	0	0	0	0	0	0	0	0
CFNIH1_25685|CFNIH1_25690|CFNIH1_25695|CFNIH1_25700|CFNIH1_25705	8067	NA	5	27.9	no	0	0	0	0	0	1	0	1
CFNIH1_26240|CFNIH1_26245|CFNIH1_26250|CFNIH1_26255|CFNIH1_26260	7953	NA	5	48.9	no	0	0	0	0	2	0	0	0
CFNIH1_25330|CFNIH1_25335|CFNIH1_25340|CFNIH1_25345|CFNIH1_25350	7884	NA	5	41.3	no	0	0	1	0	1	0	0	0
CFNIH1_26235|CFNIH1_26240|CFNIH1_26245|CFNIH1_26250|CFNIH1_26255	7869	NA	5	49.0	no	0	0	0	0	2	0	0	0
CFNIH1_25675|CFNIH1_25680|CFNIH1_25685|CFNIH1_25690|CFNIH1_25695	7647	NA	5	24.8	no	0	0	0	0	0	0	0	1
CFNIH1_25665|CFNIH1_25675|CFNIH1_25680|CFNIH1_25685|CFNIH1_25690	7329	NA	5	21.6	no	0	0	0	0	0	0	0	1
CFNIH1_24990|CFNIH1_24995|CFNIH1_25000|CFNIH1_25005|CFNIH1_25015	6852	NA	5	3.0	no	0	0	1	0	1	0	0	0
CFNIH1_26245|CFNIH1_26250|CFNIH1_26255|CFNIH1_26260|CFNIH1_26265	6714	NA	5	49.1	no	0	0	0	0	2	0	0	1
CFNIH1_25340|CFNIH1_25345|CFNIH1_25350|CFNIH1_25355|CFNIH1_25360	6672	NA	5	41.9	no	0	0	1	0	1	0	0	1
CFNIH1_24980|CFNIH1_24985|CFNIH1_24990|CFNIH1_24995|CFNIH1_25000	6657	NA	5	0.2	no	0	0	1	0	1	0	0	0
CFNIH1_25455|CFNIH1_25460|CFNIH1_25465|CFNIH1_25470|CFNIH1_25475	6606	NA	5	32.0	no	0	0	0	0	3	0	0	0
CFNIH1_25775|CFNIH1_25780|CFNIH1_25785|CFNIH1_25790|CFNIH1_25795	6606	NA	5	38.1	no	0	0	0	0	0	1	0	0
CFNIH1_25325|CFNIH1_25330|CFNIH1_25335|CFNIH1_25340|CFNIH1_25345	6513	NA	5	36.1	no	0	0	1	0	0	0	0	0
CFNIH1_24985|CFNIH1_24990|CFNIH1_24995|CFNIH1_25000|CFNIH1_25005	6501	NA	5	5.0	no	0	0	1	0	1	0	0	0
CFNIH1_25345|CFNIH1_25350|CFNIH1_25355|CFNIH1_25360|CFNIH1_25365	6501	NA	5	41.7	no	0	0	1	0	1	0	0	1
CFNIH1_25770|CFNIH1_25775|CFNIH1_25780|CFNIH1_25785|CFNIH1_25790	6429	NA	5	26.1	no	0	0	0	0	0	0	0	0
CFNIH1_26065|CFNIH1_26070|CFNIH1_26075|CFNIH1_26080|CFNIH1_26085	6396	NA	5	1.6	no	0	1	0	0	0	0	0	0
CFNIH1_26070|CFNIH1_26075|CFNIH1_26080|CFNIH1_26085|CFNIH1_26090	6318	NA	5	5.4	no	0	1	0	0	0	0	0	0
CFNIH1_25335|CFNIH1_25340|CFNIH1_25345|CFNIH1_25350|CFNIH1_25355	6276	NA	5	41.4	no	0	0	1	0	1	0	0	1
CFNIH1_25450|CFNIH1_25455|CFNIH1_25460|CFNIH1_25465|CFNIH1_25470	6276	NA	5	32.7	no	0	0	0	0	3	0	0	0
CFNIH1_26250|CFNIH1_26255|CFNIH1_26260|CFNIH1_26265|CFNIH1_26270	6219	NA	5	48.7	no	0	0	0	0	1	0	0	1
CFNIH1_25780|CFNIH1_25785|CFNIH1_25790|CFNIH1_25795|CFNIH1_25800	6045	NA	5	39.9	no	0	0	0	0	0	1	0	0
CFNIH1_25460|CFNIH1_25465|CFNIH1_25470|CFNIH1_25475|CFNIH1_25480	5982	NA	5	31.6	no	0	0	0	0	2	0	0	0
CFNIH1_24975|CFNIH1_24980|CFNIH1_24985|CFNIH1_24990|CFNIH1_24995	5862	NA	5	-4.3	no	0	0	1	0	0	0	0	1
CFNIH1_26210|CFNIH1_26215|CFNIH1_26220|CFNIH1_26225|CFNIH1_26230	5838	NA	5	20.4	no	0	0	0	0	0	0	0	0
CFNIH1_24965|CFNIH1_24975|CFNIH1_24980|CFNIH1_24985|CFNIH1_24990	5829	NA	5	-2.1	no	0	0	1	0	0	0	0	1
CFNIH1_25465|CFNIH1_25470|CFNIH1_25475|CFNIH1_25480|CFNIH1_25485	5631	NA	4	24.0	no	0	0	0	0	2	0	0	0
CFNIH1_25510|CFNIH1_25515|CFNIH1_25520|CFNIH1_25525|CFNIH1_25530	5616	NA	5	30.5	no	0	0	0	0	0	0	0	0
CFNIH1_25505|CFNIH1_25510|CFNIH1_25515|CFNIH1_25520|CFNIH1_25525	5607	NA	5	31.0	no	0	0	0	0	0	0	0	0
CFNIH1_25585|CFNIH1_25590|CFNIH1_25595|CFNIH1_25600|CFNIH1_25605	5454	NA	5	29.7	no	0	0	0	0	0	0	0	0
CFNIH1_25690|CFNIH1_25695|CFNIH1_25700|CFNIH1_25705|CFNIH1_25710	5427	NA	5	34.7	no	0	0	0	0	0	2	0	0
CFNIH1_26255|CFNIH1_26260|CFNIH1_26265|CFNIH1_26270|CFNIH1_26275	5394	NA	5	41.1	no	0	0	0	0	0	0	0	0
CFNIH1_25765|CFNIH1_25770|CFNIH1_25775|CFNIH1_25780|CFNIH1_25785	5346	NA	5	26.2	no	0	0	0	0	0	0	0	0
CFNIH1_26230|CFNIH1_26235|CFNIH1_26240|CFNIH1_26245|CFNIH1_26250	5295	NA	5	39.7	no	0	0	0	0	2	0	0	0
CFNIH1_25435|CFNIH1_25440|CFNIH1_25445|CFNIH1_25450|CFNIH1_25455	5271	NA	5	34.2	no	0	0	0	0	1	0	0	0
CFNIH1_25755|CFNIH1_25765|CFNIH1_25770|CFNIH1_25775|CFNIH1_25780	5241	NA	5	14.0	no	0	0	0	0	0	0	0	0
CFNIH1_25440|CFNIH1_25445|CFNIH1_25450|CFNIH1_25455|CFNIH1_25460	5235	NA	5	33.0	no	0	0	0	0	1	0	0	0
CFNIH1_26060|CFNIH1_26065|CFNIH1_26070|CFNIH1_26075|CFNIH1_26080	5217	NA	5	1.3	no	0	0	0	0	0	0	0	0
CFNIH1_26055|CFNIH1_26060|CFNIH1_26065|CFNIH1_26070|CFNIH1_26075	5196	NA	5	9.1	no	0	0	0	0	0	1	0	0
CFNIH1_25515|CFNIH1_25520|CFNIH1_25525|CFNIH1_25530|CFNIH1_25535	5127	NA	5	30.3	no	0	0	0	0	0	0	0	0
CFNIH1_26205|CFNIH1_26210|CFNIH1_26215|CFNIH1_26220|CFNIH1_26225	5109	NA	5	20.8	no	0	0	0	0	0	0	0	1
CFNIH1_25935|CFNIH1_25940|CFNIH1_25945|CFNIH1_25950|CFNIH1_25960	5061	NA	5	0.9	no	0	0	0	0	0	0	0	0
CFNIH1_26075|CFNIH1_26080|CFNIH1_26085|CFNIH1_26090|CFNIH1_26095	5031	NA	5	9.1	no	0	1	0	0	0	1	0	0
CFNIH1_25520|CFNIH1_25525|CFNIH1_25530|CFNIH1_25535|CFNIH1_25540	5001	NA	5	30.0	no	0	0	0	0	0	0	0	0
CFNIH1_25930|CFNIH1_25935|CFNIH1_25940|CFNIH1_25945|CFNIH1_25950	4968	NA	5	12.9	no	0	0	0	0	0	0	0	0
CFNIH1_25795|CFNIH1_25800|CFNIH1_25805|CFNIH1_25810|CFNIH1_25815	4941	NA	5	9.3	no	0	0	0	0	0	1	0	0
CFNIH1_25940|CFNIH1_25945|CFNIH1_25950|CFNIH1_25960|CFNIH1_25965	4842	NA	5	0.8	no	0	0	0	0	0	0	0	0
CFNIH1_25630|CFNIH1_25635|CFNIH1_25645|CFNIH1_25650|CFNIH1_25655	4833	NA	5	21.5	no	0	0	0	0	0	0	0	0
CFNIH1_25470|CFNIH1_25475|CFNIH1_25480|CFNIH1_25485|CFNIH1_25490	4809	NA	3	20.6	no	0	0	0	0	1	0	0	0
CFNIH1_25945|CFNIH1_25950|CFNIH1_25960|CFNIH1_25965|CFNIH1_25970	4806	NA	5	1.2	no	0	0	0	0	0	0	0	0
CFNIH1_26225|CFNIH1_26230|CFNIH1_26235|CFNIH1_26240|CFNIH1_26245	4737	NA	5	39.8	no	0	0	0	0	1	0	0	0
CFNIH1_25500|CFNIH1_25505|CFNIH1_25510|CFNIH1_25515|CFNIH1_25520	4719	NA	5	30.8	no	0	0	0	0	0	0	0	0
CFNIH1_26085|CFNIH1_26090|CFNIH1_26095|CFNIH1_26100|CFNIH1_26105	4683	NA	5	16.5	no	0	1	0	0	0	3	0	0
CFNIH1_25715|CFNIH1_25720|CFNIH1_25725|CFNIH1_25730|CFNIH1_25735	4671	NA	5	15.0	no	0	0	0	0	0	3	0	0
CFNIH1_25660|CFNIH1_25665|CFNIH1_25675|CFNIH1_25680|CFNIH1_25685	4635	NA	5	19.8	no	0	0	0	0	0	0	0	0
CFNIH1_26195|CFNIH1_26200|CFNIH1_26205|CFNIH1_26210|CFNIH1_26215	4623	NA	5	1.0	no	0	0	0	0	0	0	0	1
CFNIH1_26190|CFNIH1_26195|CFNIH1_26200|CFNIH1_26205|CFNIH1_26210	4608	NA	5	1.1	no	0	0	0	0	0	0	0	0
CFNIH1_25635|CFNIH1_25645|CFNIH1_25650|CFNIH1_25655|CFNIH1_25660	4554	NA	5	22.1	no	0	0	0	0	0	0	0	0
CFNIH1_25720|CFNIH1_25725|CFNIH1_25730|CFNIH1_25735|CFNIH1_25740	4536	NA	5	7.3	no	0	0	0	0	0	2	0	0
CFNIH1_26165|CFNIH1_26170|CFNIH1_26175|CFNIH1_26180|CFNIH1_26185	4524	NA	5	19.2	no	0	0	0	0	0	0	0	0
CFNIH1_25790|CFNIH1_25795|CFNIH1_25800|CFNIH1_25805|CFNIH1_25810	4494	NA	5	11.5	no	0	0	0	0	0	1	0	0
CFNIH1_26200|CFNIH1_26205|CFNIH1_26210|CFNIH1_26215|CFNIH1_26220	4494	NA	5	10.8	no	0	0	0	0	0	0	0	1
CFNIH1_25495|CFNIH1_25500|CFNIH1_25505|CFNIH1_25510|CFNIH1_25515	4410	NA	5	31.5	no	0	0	0	0	0	0	0	0
CFNIH1_26040|CFNIH1_26045|CFNIH1_26050|CFNIH1_26055|CFNIH1_26060	4386	NA	5	22.0	no	0	0	0	0	0	3	0	0
CFNIH1_26045|CFNIH1_26050|CFNIH1_26055|CFNIH1_26060|CFNIH1_26065	4332	NA	5	14.9	no	0	0	0	0	0	2	0	0
CFNIH1_26170|CFNIH1_26175|CFNIH1_26180|CFNIH1_26185|CFNIH1_26190	4320	NA	5	9.6	no	0	0	0	0	0	0	0	0
CFNIH1_26050|CFNIH1_26055|CFNIH1_26060|CFNIH1_26065|CFNIH1_26070	4308	NA	5	11.0	no	0	0	0	0	0	2	0	0
CFNIH1_26035|CFNIH1_26040|CFNIH1_26045|CFNIH1_26050|CFNIH1_26055	4233	NA	4	27.6	no	0	0	0	0	0	3	0	0
CFNIH1_25730|CFNIH1_25735|CFNIH1_25740|CFNIH1_25745|CFNIH1_25750	4212	NA	5	8.0	no	0	0	0	0	0	3	0	0
CFNIH1_25595|CFNIH1_25600|CFNIH1_25605|CFNIH1_25610|CFNIH1_25615	4206	NA	5	30.8	no	0	0	0	0	0	0	0	0
CFNIH1_26220|CFNIH1_26225|CFNIH1_26230|CFNIH1_26235|CFNIH1_26240	4200	NA	5	39.8	no	0	0	0	0	0	0	0	0
CFNIH1_25090|CFNIH1_25095|CFNIH1_25100|CFNIH1_25105|CFNIH1_25110	4149	NA	5	42.8	no	0	0	0	0	0	1	0	0
CFNIH1_25710|CFNIH1_25715|CFNIH1_25720|CFNIH1_25725|CFNIH1_25730	4134	NA	4	18.6	no	0	0	0	0	0	2	0	0
CFNIH1_25220|CFNIH1_25225|CFNIH1_25230|CFNIH1_25235|CFNIH1_25240	4125	NA	5	10.3	no	0	0	0	0	0	0	0	0
CFNIH1_25590|CFNIH1_25595|CFNIH1_25600|CFNIH1_25605|CFNIH1_25610	4032	NA	5	29.7	no	0	0	0	0	0	0	0	0
CFNIH1_24995|CFNIH1_25000|CFNIH1_25005|CFNIH1_25015|CFNIH1_25020	3984	NA	5	2.6	no	0	0	0	0	1	0	0	0
CFNIH1_26160|CFNIH1_26165|CFNIH1_26170|CFNIH1_26175|CFNIH1_26180	3957	NA	5	28.6	no	0	0	0	0	0	0	0	0
CFNIH1_25525|CFNIH1_25530|CFNIH1_25535|CFNIH1_25540|CFNIH1_25545	3948	NA	5	30.2	no	0	0	0	0	0	0	0	0
CFNIH1_25095|CFNIH1_25100|CFNIH1_25105|CFNIH1_25110|CFNIH1_25115	3942	NA	5	34.4	no	0	0	0	0	0	0	0	0
CFNIH1_25650|CFNIH1_25655|CFNIH1_25660|CFNIH1_25665|CFNIH1_25675	3924	NA	5	13.4	no	0	0	0	0	0	0	0	0
CFNIH1_25600|CFNIH1_25605|CFNIH1_25610|CFNIH1_25615|CFNIH1_25620	3921	NA	5	30.7	no	0	0	0	0	0	0	0	0
CFNIH1_25645|CFNIH1_25650|CFNIH1_25655|CFNIH1_25660|CFNIH1_25665	3909	NA	5	19.4	no	0	0	0	0	0	0	0	0
CFNIH1_25100|CFNIH1_25105|CFNIH1_25110|CFNIH1_25115|CFNIH1_25120	3882	NA	5	43.0	no	0	0	0	0	0	0	0	0
CFNIH1_26030|CFNIH1_26035|CFNIH1_26040|CFNIH1_26045|CFNIH1_26050	3858	NA	5	21.0	no	0	0	0	0	0	4	0	0
CFNIH1_25785|CFNIH1_25790|CFNIH1_25795|CFNIH1_25800|CFNIH1_25805	3852	NA	5	26.0	no	0	0	0	0	0	1	0	0
CFNIH1_26080|CFNIH1_26085|CFNIH1_26090|CFNIH1_26095|CFNIH1_26100	3849	NA	5	13.2	no	0	1	0	0	0	2	0	0
CFNIH1_26025|CFNIH1_26030|CFNIH1_26035|CFNIH1_26040|CFNIH1_26045	3834	NA	5	18.3	no	0	0	0	0	0	4	0	0
CFNIH1_25405|CFNIH1_25410|CFNIH1_25415|CFNIH1_25420|CFNIH1_25425	3831	NA	5	39.7	no	0	0	0	0	3	0	0	1
CFNIH1_25320|CFNIH1_25325|CFNIH1_25330|CFNIH1_25335|CFNIH1_25340	3813	NA	5	35.4	no	0	0	0	0	0	0	0	1
CFNIH1_25445|CFNIH1_25450|CFNIH1_25455|CFNIH1_25460|CFNIH1_25465	3795	NA	5	32.8	no	0	0	0	0	2	0	0	0
CFNIH1_25310|CFNIH1_25315|CFNIH1_25320|CFNIH1_25325|CFNIH1_25330	3786	NA	5	27.6	no	0	0	0	0	0	0	0	0
CFNIH1_25225|CFNIH1_25230|CFNIH1_25235|CFNIH1_25240|CFNIH1_25245	3765	NA	5	24.3	no	0	0	0	0	0	0	0	0
CFNIH1_25105|CFNIH1_25110|CFNIH1_25115|CFNIH1_25120|CFNIH1_25125	3759	NA	5	40.9	no	0	0	0	0	0	0	0	0
CFNIH1_25605|CFNIH1_25610|CFNIH1_25615|CFNIH1_25620|CFNIH1_25625	3753	NA	5	30.6	no	0	0	0	0	0	0	0	0
CFNIH1_26010|CFNIH1_26015|CFNIH1_26020|CFNIH1_26025|CFNIH1_26030	3735	NA	5	9.1	no	0	0	0	0	0	2	0	0
CFNIH1_25085|CFNIH1_25090|CFNIH1_25095|CFNIH1_25100|CFNIH1_25105	3729	NA	5	40.7	no	0	0	0	0	0	1	0	0
CFNIH1_25400|CFNIH1_25405|CFNIH1_25410|CFNIH1_25415|CFNIH1_25420	3720	NA	5	40.0	no	0	0	0	0	3	0	0	1
CFNIH1_25350|CFNIH1_25355|CFNIH1_25360|CFNIH1_25365|CFNIH1_25370	3702	NA	5	33.6	no	0	0	0	0	1	0	0	0
CFNIH1_24870|CFNIH1_24875|CFNIH1_24880|CFNIH1_24885|CFNIH1_24890	3693	NA	4	25.4	no	0	0	0	0	0	0	0	0
CFNIH1_25060|CFNIH1_25065|CFNIH1_25070|CFNIH1_25075|CFNIH1_25080	3690	NA	5	20.8	no	1	1	0	0	0	0	0	0
CFNIH1_24875|CFNIH1_24880|CFNIH1_24885|CFNIH1_24890|CFNIH1_24900	3687	NA	5	32.6	no	0	0	0	0	0	0	0	0
CFNIH1_24880|CFNIH1_24885|CFNIH1_24890|CFNIH1_24900|CFNIH1_24905	3618	NA	5	28.4	no	0	0	0	0	0	0	0	0
CFNIH1_25490|CFNIH1_25495|CFNIH1_25500|CFNIH1_25505|CFNIH1_25510	3585	NA	5	31.9	no	0	0	0	0	0	0	0	0
CFNIH1_25055|CFNIH1_25060|CFNIH1_25065|CFNIH1_25070|CFNIH1_25075	3561	NA	5	19.8	no	1	1	0	0	0	0	0	0
CFNIH1_24725|CFNIH1_24730|CFNIH1_24735|CFNIH1_24740|CFNIH1_24745	3543	NA	5	48.6	no	1	1	0	0	0	0	0	0
CFNIH1_25395|CFNIH1_25400|CFNIH1_25405|CFNIH1_25410|CFNIH1_25415	3507	NA	5	40.4	no	0	0	0	0	2	0	0	1
CFNIH1_25700|CFNIH1_25705|CFNIH1_25710|CFNIH1_25715|CFNIH1_25720	3501	NA	5	34.2	no	0	0	0	0	0	3	0	0
CFNIH1_24770|CFNIH1_24775|CFNIH1_24780|CFNIH1_24785|CFNIH1_24790	3483	NA	5	41.0	no	0	0	0	0	0	0	0	0
CFNIH1_24760|CFNIH1_24765|CFNIH1_24770|CFNIH1_24775|CFNIH1_24780	3462	NA	5	34.1	no	0	0	0	0	0	0	0	1
CFNIH1_25275|CFNIH1_25280|CFNIH1_25285|CFNIH1_25290|CFNIH1_25295	3444	NA	5	46.4	no	0	0	0	0	0	0	0	1
CFNIH1_25065|CFNIH1_25070|CFNIH1_25075|CFNIH1_25080|CFNIH1_25085	3438	NA	5	26.8	no	1	1	0	0	0	0	0	0
CFNIH1_26090|CFNIH1_26095|CFNIH1_26100|CFNIH1_26105|CFNIH1_26110	3429	NA	5	23.0	no	0	0	0	0	0	4	0	1
CFNIH1_25280|CFNIH1_25285|CFNIH1_25290|CFNIH1_25295|CFNIH1_25300	3426	NA	5	45.5	no	0	0	0	0	0	0	0	1
CFNIH1_25290|CFNIH1_25295|CFNIH1_25300|CFNIH1_25305|CFNIH1_25310	3423	NA	5	38.4	no	0	0	0	0	0	0	0	0
CFNIH1_24765|CFNIH1_24770|CFNIH1_24775|CFNIH1_24780|CFNIH1_24785	3417	NA	5	33.6	no	0	0	0	0	0	0	0	1
CFNIH1_25315|CFNIH1_25320|CFNIH1_25325|CFNIH1_25330|CFNIH1_25335	3402	NA	5	27.4	no	0	0	0	0	0	0	0	1
CFNIH1_24890|CFNIH1_24900|CFNIH1_24905|CFNIH1_24910|CFNIH1_24915	3381	NA	5	24.4	no	0	0	0	0	0	0	0	0
CFNIH1_25655|CFNIH1_25660|CFNIH1_25665|CFNIH1_25675|CFNIH1_25680	3375	NA	5	25.2	no	0	0	0	0	0	0	0	0
CFNIH1_25000|CFNIH1_25005|CFNIH1_25015|CFNIH1_25020|CFNIH1_25025	3348	NA	5	17.5	no	0	0	0	0	1	0	0	0
CFNIH1_25045|CFNIH1_25050|CFNIH1_25055|CFNIH1_25060|CFNIH1_25065	3330	NA	5	18.4	no	0	0	0	0	0	0	0	0
CFNIH1_25625|CFNIH1_25630|CFNIH1_25635|CFNIH1_25645|CFNIH1_25650	3324	NA	5	20.9	no	0	0	0	0	0	0	0	0
CFNIH1_24885|CFNIH1_24890|CFNIH1_24900|CFNIH1_24905|CFNIH1_24910	3315	NA	5	24.6	no	0	0	0	0	0	0	0	0
CFNIH1_24915|CFNIH1_24920|CFNIH1_24925|CFNIH1_24930|CFNIH1_24935	3306	NA	4	8.2	no	0	0	0	0	0	2	0	0
CFNIH1_25580|CFNIH1_25585|CFNIH1_25590|CFNIH1_25595|CFNIH1_25600	3303	NA	5	29.8	no	0	0	0	0	0	0	0	0
CFNIH1_26020|CFNIH1_26025|CFNIH1_26030|CFNIH1_26035|CFNIH1_26040	3300	NA	5	24.4	no	0	0	0	0	0	4	0	0
CFNIH1_25695|CFNIH1_25700|CFNIH1_25705|CFNIH1_25710|CFNIH1_25715	3294	NA	5	34.0	no	0	0	0	0	0	3	0	0
CFNIH1_25050|CFNIH1_25055|CFNIH1_25060|CFNIH1_25065|CFNIH1_25070	3267	NA	5	19.6	no	0	0	0	0	0	0	0	0
CFNIH1_25575|CFNIH1_25580|CFNIH1_25585|CFNIH1_25590|CFNIH1_25595	3261	NA	5	29.6	no	0	0	0	0	0	0	0	0
CFNIH1_25110|CFNIH1_25115|CFNIH1_25120|CFNIH1_25125|CFNIH1_25130	3255	NA	5	29.2	no	0	0	0	0	0	0	0	0
CFNIH1_25240|CFNIH1_25245|CFNIH1_25250|CFNIH1_25255|CFNIH1_25265	3255	NA	5	48.2	no	0	0	0	0	0	0	0	0
CFNIH1_24740|CFNIH1_24745|CFNIH1_24750|CFNIH1_24755|CFNIH1_24760	3243	NA	5	42.4	no	0	0	0	0	0	0	0	0
CFNIH1_25735|CFNIH1_25740|CFNIH1_25745|CFNIH1_25750|CFNIH1_25755	3237	NA	5	7.9	no	0	0	0	0	0	2	0	0
CFNIH1_26290|CFNIH1_26295|CFNIH1_26300|CFNIH1_24720|CFNIH1_24725	3234	NA	4	50.1	no	1	1	0	0	0	0	0	0
CFNIH1_26295|CFNIH1_26300|CFNIH1_24720|CFNIH1_24725|CFNIH1_24730	3222	NA	5	48.2	no	1	1	0	0	0	0	0	0
CFNIH1_24720|CFNIH1_24725|CFNIH1_24730|CFNIH1_24735|CFNIH1_24740	3222	NA	5	47.8	no	1	1	0	0	0	0	0	0
CFNIH1_26105|CFNIH1_26110|CFNIH1_26115|CFNIH1_26120|CFNIH1_26125	3219	NA	5	31.6	no	0	0	0	0	0	4	0	0
CFNIH1_24735|CFNIH1_24740|CFNIH1_24745|CFNIH1_24750|CFNIH1_24755	3204	NA	5	52.7	no	0	0	0	0	0	0	0	0
CFNIH1_25705|CFNIH1_25710|CFNIH1_25715|CFNIH1_25720|CFNIH1_25725	3192	NA	5	23.6	no	0	0	0	0	0	3	0	0
CFNIH1_25235|CFNIH1_25240|CFNIH1_25245|CFNIH1_25250|CFNIH1_25255	3189	NA	5	39.5	no	0	0	0	0	0	0	0	0
CFNIH1_25750|CFNIH1_25755|CFNIH1_25765|CFNIH1_25770|CFNIH1_25775	3180	NA	5	7.9	no	0	0	0	0	0	1	0	0
CFNIH1_26015|CFNIH1_26020|CFNIH1_26025|CFNIH1_26030|CFNIH1_26035	3165	NA	5	16.7	no	0	0	0	0	0	3	0	0
CFNIH1_24910|CFNIH1_24915|CFNIH1_24920|CFNIH1_24925|CFNIH1_24930	3141	NA	4	15.2	no	0	0	0	0	0	1	0	0
CFNIH1_25285|CFNIH1_25290|CFNIH1_25295|CFNIH1_25300|CFNIH1_25305	3138	NA	5	39.6	no	0	0	0	0	0	0	0	1
CFNIH1_25295|CFNIH1_25300|CFNIH1_25305|CFNIH1_25310|CFNIH1_25315	3129	NA	5	29.5	no	0	0	0	0	0	0	0	0
CFNIH1_26100|CFNIH1_26105|CFNIH1_26110|CFNIH1_26115|CFNIH1_26120	3126	NA	5	27.7	no	0	0	0	0	0	4	0	0
CFNIH1_24755|CFNIH1_24760|CFNIH1_24765|CFNIH1_24770|CFNIH1_24775	3123	NA	5	34.4	no	0	0	0	0	0	0	0	1
CFNIH1_25070|CFNIH1_25075|CFNIH1_25080|CFNIH1_25085|CFNIH1_25090	3120	NA	5	38.1	no	1	1	0	0	0	1	0	0
CFNIH1_25125|CFNIH1_25130|CFNIH1_25135|CFNIH1_25150|CFNIH1_25155	3108	NA	4	13.8	no	0	0	0	0	0	0	0	0
CFNIH1_25080|CFNIH1_25085|CFNIH1_25090|CFNIH1_25095|CFNIH1_25100	3090	NA	5	34.7	no	0	0	0	0	0	1	0	0
CFNIH1_24775|CFNIH1_24780|CFNIH1_24785|CFNIH1_24790|CFNIH1_24795	3075	NA	5	40.8	no	0	0	0	0	0	0	0	0
CFNIH1_25570|CFNIH1_25575|CFNIH1_25580|CFNIH1_25585|CFNIH1_25590	3060	NA	5	29.3	no	0	0	0	0	0	0	0	0
CFNIH1_25075|CFNIH1_25080|CFNIH1_25085|CFNIH1_25090|CFNIH1_25095	3045	NA	5	32.3	no	1	1	0	0	0	1	0	0
CFNIH1_26215|CFNIH1_26220|CFNIH1_26225|CFNIH1_26230|CFNIH1_26235	3036	NA	5	29.8	no	0	0	0	0	0	0	0	0
CFNIH1_25480|CFNIH1_25485|CFNIH1_25490|CFNIH1_25495|CFNIH1_25500	3027	NA	3	21.6	no	0	0	0	0	0	0	0	0
CFNIH1_25230|CFNIH1_25235|CFNIH1_25240|CFNIH1_25245|CFNIH1_25250	3003	NA	5	34.0	no	0	0	0	0	0	0	0	0
CFNIH1_26095|CFNIH1_26100|CFNIH1_26105|CFNIH1_26110|CFNIH1_26115	2997	NA	5	26.9	no	0	0	0	0	0	5	0	0
CFNIH1_25475|CFNIH1_25480|CFNIH1_25485|CFNIH1_25490|CFNIH1_25495	2979	NA	3	21.0	no	0	0	0	0	0	0	0	0
CFNIH1_25120|CFNIH1_25125|CFNIH1_25130|CFNIH1_25135|CFNIH1_25150	2967	NA	4	18.1	no	0	0	0	0	0	0	0	0
CFNIH1_24730|CFNIH1_24735|CFNIH1_24740|CFNIH1_24745|CFNIH1_24750	2964	NA	5	50.1	no	0	0	0	0	0	0	0	0
CFNIH1_25485|CFNIH1_25490|CFNIH1_25495|CFNIH1_25500|CFNIH1_25505	2916	NA	5	31.9	no	0	0	0	0	0	0	0	0
CFNIH1_26130|CFNIH1_26135|CFNIH1_26140|CFNIH1_26145|CFNIH1_26150	2901	NA	5	17.8	no	0	0	0	0	0	0	0	0
CFNIH1_25130|CFNIH1_25135|CFNIH1_25150|CFNIH1_25155|CFNIH1_25160	2895	NA	4	14.2	no	0	0	0	0	0	0	0	0
CFNIH1_26275|CFNIH1_26280|CFNIH1_26285|CFNIH1_26290|CFNIH1_26295	2859	NA	4	40.7	no	0	0	0	0	0	0	0	0
CFNIH1_25390|CFNIH1_25395|CFNIH1_25400|CFNIH1_25405|CFNIH1_25410	2856	NA	5	40.5	no	0	0	0	0	1	0	0	0
CFNIH1_25565|CFNIH1_25570|CFNIH1_25575|CFNIH1_25580|CFNIH1_25585	2820	NA	5	29.8	no	0	0	0	0	0	0	0	0
CFNIH1_26280|CFNIH1_26285|CFNIH1_26290|CFNIH1_26295|CFNIH1_26300	2817	NA	4	50.8	no	0	0	0	0	0	0	0	0
CFNIH1_25040|CFNIH1_25045|CFNIH1_25050|CFNIH1_25055|CFNIH1_25060	2778	NA	5	22.9	no	0	0	0	0	0	0	0	0
CFNIH1_26110|CFNIH1_26115|CFNIH1_26120|CFNIH1_26125|CFNIH1_26130	2760	NA	5	28.8	no	0	0	0	0	0	3	0	0
CFNIH1_24900|CFNIH1_24905|CFNIH1_24910|CFNIH1_24915|CFNIH1_24920	2754	NA	5	19.8	no	0	0	0	0	0	0	0	0
CFNIH1_26125|CFNIH1_26130|CFNIH1_26135|CFNIH1_26140|CFNIH1_26145	2754	NA	5	17.5	no	0	0	0	0	0	1	0	0
CFNIH1_25245|CFNIH1_25250|CFNIH1_25255|CFNIH1_25265|CFNIH1_25270	2751	NA	5	47.0	no	0	0	0	0	0	0	0	0
CFNIH1_26155|CFNIH1_26160|CFNIH1_26165|CFNIH1_26170|CFNIH1_26175	2748	NA	5	28.5	no	0	0	0	0	0	0	0	1
CFNIH1_24905|CFNIH1_24910|CFNIH1_24915|CFNIH1_24920|CFNIH1_24925	2739	NA	4	21.6	no	0	0	0	0	0	0	0	0
CFNIH1_26150|CFNIH1_26155|CFNIH1_26160|CFNIH1_26165|CFNIH1_26170	2721	NA	5	46.3	no	0	0	0	0	0	0	0	0
CFNIH1_24865|CFNIH1_24870|CFNIH1_24875|CFNIH1_24880|CFNIH1_24885	2700	NA	4	30.8	no	0	0	0	0	0	0	0	0
CFNIH1_26300|CFNIH1_24720|CFNIH1_24725|CFNIH1_24730|CFNIH1_24735	2673	NA	5	48.0	no	1	1	0	0	0	0	0	0
CFNIH1_24750|CFNIH1_24755|CFNIH1_24760|CFNIH1_24765|CFNIH1_24770	2667	NA	5	34.0	no	0	0	0	0	0	0	0	0
CFNIH1_26120|CFNIH1_26125|CFNIH1_26130|CFNIH1_26135|CFNIH1_26140	2667	NA	5	17.2	no	0	0	0	0	0	1	0	0
CFNIH1_24780|CFNIH1_24785|CFNIH1_24790|CFNIH1_24795|CFNIH1_24800	2616	NA	5	40.0	no	0	0	0	0	0	0	0	0
CFNIH1_26115|CFNIH1_26120|CFNIH1_26125|CFNIH1_26130|CFNIH1_26135	2607	NA	5	25.3	no	0	0	0	0	0	2	0	0
CFNIH1_25360|CFNIH1_25365|CFNIH1_25370|CFNIH1_25375|CFNIH1_25380	2594	NA	5	6.4	no	0	0	0	0	0	0	0	0
CFNIH1_25740|CFNIH1_25745|CFNIH1_25750|CFNIH1_25755|CFNIH1_25765	2589	NA	5	7.9	no	0	0	0	0	0	1	0	0
CFNIH1_25745|CFNIH1_25750|CFNIH1_25755|CFNIH1_25765|CFNIH1_25770	2589	NA	5	7.9	no	0	0	0	0	0	1	0	0
CFNIH1_25165|CFNIH1_25170|CFNIH1_25175|CFNIH1_25180|CFNIH1_25185	2556	NA	5	12.5	no	0	0	0	0	0	0	0	0
CFNIH1_26285|CFNIH1_26290|CFNIH1_26295|CFNIH1_26300|CFNIH1_24720	2553	NA	4	51.4	no	0	0	0	0	0	0	0	0
CFNIH1_25375|CFNIH1_25380|CFNIH1_25385|CFNIH1_25390|CFNIH1_25395	2546	NA	5	5.6	no	0	0	0	0	0	0	0	0
CFNIH1_25530|CFNIH1_25535|CFNIH1_25540|CFNIH1_25545|CFNIH1_25550	2541	NA	5	29.7	no	0	0	0	0	0	0	0	0
CFNIH1_25615|CFNIH1_25620|CFNIH1_25625|CFNIH1_25630|CFNIH1_25635	2538	NA	5	31.2	no	0	0	0	0	0	0	0	0
CFNIH1_25175|CFNIH1_25180|CFNIH1_25185|CFNIH1_25190|CFNIH1_25195	2502	NA	5	17.7	no	0	0	0	0	0	0	0	0
CFNIH1_25255|CFNIH1_25265|CFNIH1_25270|CFNIH1_25275|CFNIH1_25280	2478	NA	5	45.9	no	0	0	0	0	0	0	0	0
CFNIH1_25135|CFNIH1_25150|CFNIH1_25155|CFNIH1_25160|CFNIH1_25165	2472	NA	5	12.2	no	0	0	0	0	0	0	0	0
CFNIH1_25170|CFNIH1_25175|CFNIH1_25180|CFNIH1_25185|CFNIH1_25190	2472	NA	5	15.9	no	0	0	0	0	0	0	0	0
CFNIH1_25380|CFNIH1_25385|CFNIH1_25390|CFNIH1_25395|CFNIH1_25400	2459	NA	5	20.2	no	0	0	0	0	0	0	0	0
CFNIH1_25535|CFNIH1_25540|CFNIH1_25545|CFNIH1_25550|CFNIH1_25555	2454	NA	5	30.3	no	0	0	0	0	0	0	0	0
CFNIH1_24745|CFNIH1_24750|CFNIH1_24755|CFNIH1_24760|CFNIH1_24765	2421	NA	5	34.2	no	0	0	0	0	0	0	0	0
CFNIH1_24790|CFNIH1_24795|CFNIH1_24800|CFNIH1_24805|CFNIH1_24810	2415	NA	5	47.6	no	0	0	0	0	0	0	0	1
CFNIH1_26270|CFNIH1_26275|CFNIH1_26280|CFNIH1_26285|CFNIH1_26290	2409	NA	4	39.3	no	0	0	0	0	0	0	0	0
CFNIH1_25115|CFNIH1_25120|CFNIH1_25125|CFNIH1_25130|CFNIH1_25135	2397	NA	4	20.6	no	0	0	0	0	0	0	0	0
CFNIH1_26265|CFNIH1_26270|CFNIH1_26275|CFNIH1_26280|CFNIH1_26285	2388	NA	5	41.6	no	0	0	0	0	0	0	0	1
CFNIH1_26185|CFNIH1_26190|CFNIH1_26195|CFNIH1_26200|CFNIH1_26205	2382	NA	5	1.0	no	0	0	0	0	0	0	0	0
CFNIH1_26260|CFNIH1_26265|CFNIH1_26270|CFNIH1_26275|CFNIH1_26280	2331	NA	5	41.4	no	0	0	0	0	0	0	0	1
CFNIH1_24800|CFNIH1_24805|CFNIH1_24810|CFNIH1_24815|CFNIH1_24820	2325	NA	5	44.9	no	0	0	0	0	0	0	0	1
CFNIH1_25620|CFNIH1_25625|CFNIH1_25630|CFNIH1_25635|CFNIH1_25645	2319	NA	5	31.3	no	0	0	0	0	0	0	0	0
CFNIH1_25270|CFNIH1_25275|CFNIH1_25280|CFNIH1_25285|CFNIH1_25290	2298	NA	5	46.6	no	0	0	0	0	0	0	0	1
CFNIH1_24795|CFNIH1_24800|CFNIH1_24805|CFNIH1_24810|CFNIH1_24815	2244	NA	5	45.3	no	0	0	0	0	0	0	0	1
CFNIH1_25250|CFNIH1_25255|CFNIH1_25265|CFNIH1_25270|CFNIH1_25275	2244	NA	5	46.7	no	0	0	0	0	0	0	0	0
CFNIH1_25540|CFNIH1_25545|CFNIH1_25550|CFNIH1_25555|CFNIH1_25560	2229	NA	4	30.3	no	0	0	0	0	0	0	0	0
CFNIH1_25355|CFNIH1_25360|CFNIH1_25365|CFNIH1_25370|CFNIH1_25375	2211	NA	5	18.9	no	0	0	0	0	0	0	0	0
CFNIH1_25180|CFNIH1_25185|CFNIH1_25190|CFNIH1_25195|CFNIH1_25200	2175	NA	5	17.7	no	0	0	0	0	0	0	0	0
CFNIH1_25265|CFNIH1_25270|CFNIH1_25275|CFNIH1_25280|CFNIH1_25285	2175	NA	5	46.1	no	0	0	0	0	0	0	0	1
CFNIH1_25005|CFNIH1_25015|CFNIH1_25020|CFNIH1_25025|CFNIH1_25030	2169	NA	5	16.5	no	0	0	0	0	0	0	0	0
CFNIH1_26145|CFNIH1_26150|CFNIH1_26155|CFNIH1_26160|CFNIH1_26165	2163	NA	5	42.6	no	0	0	0	0	0	0	0	0
CFNIH1_24810|CFNIH1_24815|CFNIH1_24820|CFNIH1_24825|CFNIH1_24830	2142	NA	5	45.4	no	0	0	0	0	0	0	0	0
CFNIH1_24860|CFNIH1_24865|CFNIH1_24870|CFNIH1_24875|CFNIH1_24880	2139	NA	4	36.5	no	0	0	0	0	0	0	0	0
CFNIH1_25385|CFNIH1_25390|CFNIH1_25395|CFNIH1_25400|CFNIH1_25405	2118	NA	5	32.7	no	0	0	0	0	0	0	0	0
CFNIH1_25150|CFNIH1_25155|CFNIH1_25160|CFNIH1_25165|CFNIH1_25170	2115	NA	5	11.8	no	0	0	0	0	0	0	0	0
CFNIH1_24805|CFNIH1_24810|CFNIH1_24815|CFNIH1_24820|CFNIH1_24825	2079	NA	5	45.5	no	0	0	0	0	0	0	0	1
CFNIH1_25160|CFNIH1_25165|CFNIH1_25170|CFNIH1_25175|CFNIH1_25180	2046	NA	5	13.6	no	0	0	0	0	0	0	0	0
CFNIH1_25185|CFNIH1_25190|CFNIH1_25195|CFNIH1_25200|CFNIH1_25205	1992	NA	5	17.4	no	0	0	0	0	0	0	0	1
CFNIH1_24785|CFNIH1_24790|CFNIH1_24795|CFNIH1_24800|CFNIH1_24805	1986	NA	5	50.1	no	0	0	0	0	0	0	0	0
CFNIH1_25300|CFNIH1_25305|CFNIH1_25310|CFNIH1_25315|CFNIH1_25320	1980	NA	5	27.7	no	0	0	0	0	0	0	0	0
CFNIH1_26140|CFNIH1_26145|CFNIH1_26150|CFNIH1_26155|CFNIH1_26160	1962	NA	5	33.1	no	0	0	0	0	0	0	0	0
CFNIH1_26135|CFNIH1_26140|CFNIH1_26145|CFNIH1_26150|CFNIH1_26155	1947	NA	5	26.8	no	0	0	0	0	0	0	0	0
CFNIH1_25015|CFNIH1_25020|CFNIH1_25025|CFNIH1_25030|CFNIH1_25035	1932	NA	5	14.9	no	0	0	0	0	0	0	0	0
CFNIH1_25610|CFNIH1_25615|CFNIH1_25620|CFNIH1_25625|CFNIH1_25630	1857	NA	5	30.9	no	0	0	0	0	0	0	0	0
CFNIH1_25155|CFNIH1_25160|CFNIH1_25165|CFNIH1_25170|CFNIH1_25175	1848	NA	5	14.7	no	0	0	0	0	0	0	0	0
CFNIH1_24845|CFNIH1_24850|CFNIH1_24855|CFNIH1_24860|CFNIH1_24865	1839	NA	5	40.6	no	0	0	0	0	0	0	0	0
CFNIH1_24855|CFNIH1_24860|CFNIH1_24865|CFNIH1_24870|CFNIH1_24875	1836	NA	4	37.1	no	0	0	0	0	0	0	0	0
CFNIH1_25195|CFNIH1_25200|CFNIH1_25205|CFNIH1_25210|CFNIH1_25215	1824	NA	5	5.3	no	0	0	0	0	0	0	0	0
CFNIH1_25305|CFNIH1_25310|CFNIH1_25315|CFNIH1_25320|CFNIH1_25325	1812	NA	5	22.6	no	0	0	0	0	0	0	0	0
CFNIH1_24825|CFNIH1_24830|CFNIH1_24835|CFNIH1_24840|CFNIH1_24845	1770	NA	5	50.1	no	0	0	0	0	0	0	0	0
CFNIH1_24820|CFNIH1_24825|CFNIH1_24830|CFNIH1_24835|CFNIH1_24840	1749	NA	5	50.3	no	0	0	0	0	0	0	0	0
CFNIH1_24830|CFNIH1_24835|CFNIH1_24840|CFNIH1_24845|CFNIH1_24850	1749	NA	5	40.8	no	0	0	0	0	0	0	0	0
CFNIH1_24840|CFNIH1_24845|CFNIH1_24850|CFNIH1_24855|CFNIH1_24860	1719	NA	5	40.7	no	0	0	0	0	0	0	0	0
CFNIH1_25035|CFNIH1_25040|CFNIH1_25045|CFNIH1_25050|CFNIH1_25055	1692	NA	5	21.9	no	0	0	0	0	0	0	0	0
CFNIH1_25550|CFNIH1_25555|CFNIH1_25560|CFNIH1_25565|CFNIH1_25570	1665	NA	4	29.9	no	0	0	0	0	0	0	0	0
CFNIH1_24835|CFNIH1_24840|CFNIH1_24845|CFNIH1_24850|CFNIH1_24855	1650	NA	5	40.7	no	0	0	0	0	0	0	0	0
CFNIH1_24850|CFNIH1_24855|CFNIH1_24860|CFNIH1_24865|CFNIH1_24870	1626	NA	4	48.8	no	0	0	0	0	0	0	0	1
CFNIH1_25555|CFNIH1_25560|CFNIH1_25565|CFNIH1_25570|CFNIH1_25575	1620	NA	4	30.0	no	0	0	0	0	0	0	0	0
CFNIH1_24815|CFNIH1_24820|CFNIH1_24825|CFNIH1_24830|CFNIH1_24835	1587	NA	5	47.8	no	0	0	0	0	0	0	0	0
CFNIH1_25030|CFNIH1_25035|CFNIH1_25040|CFNIH1_25045|CFNIH1_25050	1572	NA	5	20.8	no	0	0	0	0	0	0	0	0
CFNIH1_25545|CFNIH1_25550|CFNIH1_25555|CFNIH1_25560|CFNIH1_25565	1536	NA	4	30.3	no	0	0	0	0	0	0	0	0
CFNIH1_25025|CFNIH1_25030|CFNIH1_25035|CFNIH1_25040|CFNIH1_25045	1491	NA	5	20.7	no	0	0	0	0	0	0	0	0
CFNIH1_25560|CFNIH1_25565|CFNIH1_25570|CFNIH1_25575|CFNIH1_25580	1470	NA	4	29.9	no	0	0	0	0	0	0	0	0
CFNIH1_25020|CFNIH1_25025|CFNIH1_25030|CFNIH1_25035|CFNIH1_25040	1455	NA	5	19.5	no	0	0	0	0	0	0	0	0
CFNIH1_25190|CFNIH1_25195|CFNIH1_25200|CFNIH1_25205|CFNIH1_25210	1266	NA	5	13.7	no	0	0	0	0	0	0	0	1
