ID	Length	Coverage	# ORFs	RDS	Circular	Inc Type(s)	# Replication	# Mobilization	# OriT	# Conjugation	# AMRs	# rRNAs	# Plasmid Hits
CFSAN001992_00020|CFSAN001992_00025|CFSAN001992_00030|CFSAN001992_00045|CFSAN001992_00050	2682	NA	8	2.4	no	0	0	0	0	0	0	0	0
CFSAN001992_00135|CFSAN001992_00140|CFSAN001992_00145|CFSAN001992_000005|CFSAN001992_00020	2607	NA	5	4.1	no	0	0	0	0	0	0	0	0
CFSAN001992_00140|CFSAN001992_00145|CFSAN001992_000005|CFSAN001992_00020|CFSAN001992_00025	2505	NA	5	4.1	no	0	0	0	0	0	0	0	0
CFSAN001992_00145|CFSAN001992_000005|CFSAN001992_00020|CFSAN001992_00025|CFSAN001992_00030	2244	NA	5	4.1	no	0	0	0	0	0	0	0	0
CFSAN001992_000005|CFSAN001992_00020|CFSAN001992_00025|CFSAN001992_00030|CFSAN001992_00045	2166	NA	7	2.9	no	0	0	0	0	0	0	0	0
