ID	Length	Coverage	# ORFs	RDS	Circular	Inc Type(s)	# Replication	# Mobilization	# OriT	# Conjugation	# AMRs	# rRNAs	# Plasmid Hits
KONIH1_29855|KONIH1_29860|KONIH1_29865|KONIH1_29870|KONIH1_29875	12297	NA	5	20.3	no	0	0	1	0	2	0	0	0
KONIH1_29850|KONIH1_29855|KONIH1_29860|KONIH1_29865|KONIH1_29870	11652	NA	5	1.6	no	0	0	1	0	2	0	0	0
KONIH1_29840|KONIH1_29845|KONIH1_29850|KONIH1_29855|KONIH1_29860	9666	NA	5	1.6	no	0	0	1	0	2	0	0	0
KONIH1_29845|KONIH1_29850|KONIH1_29855|KONIH1_29860|KONIH1_29865	9402	NA	5	1.6	no	0	0	1	0	2	0	0	1
KONIH1_29835|KONIH1_29840|KONIH1_29845|KONIH1_29850|KONIH1_29855	7713	NA	5	1.5	no	0	0	1	0	1	0	0	0
KONIH1_29530|KONIH1_29535|KONIH1_29540|KONIH1_29545|KONIH1_29550	7683	NA	5	4.9	no	0	0	0	0	0	0	0	0
KONIH1_29860|KONIH1_29865|KONIH1_29870|KONIH1_29875|KONIH1_29880	7614	NA	5	20.3	no	0	0	0	0	2	0	0	0
KONIH1_29535|KONIH1_29540|KONIH1_29545|KONIH1_29550|KONIH1_29555	7527	NA	5	2.2	no	0	0	0	0	0	0	0	0
KONIH1_29540|KONIH1_29545|KONIH1_29550|KONIH1_29555|KONIH1_29560	6972	NA	5	1.9	no	0	0	0	0	0	0	0	0
KONIH1_29780|KONIH1_29785|KONIH1_29790|KONIH1_29795|KONIH1_29800	6057	NA	5	22.6	no	0	0	0	0	0	0	0	0
KONIH1_29870|KONIH1_29875|KONIH1_29880|KONIH1_29885|KONIH1_29890	5772	NA	5	20.7	no	0	0	0	0	2	0	0	1
KONIH1_29775|KONIH1_29780|KONIH1_29785|KONIH1_29790|KONIH1_29795	5682	NA	5	18.1	no	0	0	0	0	0	0	0	0
KONIH1_29550|KONIH1_29555|KONIH1_29560|KONIH1_29565|KONIH1_29570	5652	NA	5	1.6	no	0	0	0	0	0	0	0	0
KONIH1_29865|KONIH1_29870|KONIH1_29875|KONIH1_29880|KONIH1_29885	5556	NA	5	20.3	no	0	0	0	0	1	0	0	1
KONIH1_29730|KONIH1_29735|KONIH1_29740|KONIH1_29745|KONIH1_29750	5526	NA	5	19.7	no	0	0	0	0	0	0	0	0
KONIH1_29720|KONIH1_29725|KONIH1_29730|KONIH1_29735|KONIH1_29740	5517	NA	5	21.2	no	0	0	0	0	0	0	0	0
KONIH1_30170|KONIH1_30175|KONIH1_30180|KONIH1_30185|KONIH1_30190	5373	NA	6	61.5	no	0	0	0	0	0	0	0	0
KONIH1_29735|KONIH1_29740|KONIH1_29745|KONIH1_29750|KONIH1_29755	5301	NA	5	19.1	no	0	0	0	0	0	0	0	0
KONIH1_29925|KONIH1_29930|KONIH1_29935|KONIH1_29940|KONIH1_29945	5301	NA	5	3.9	no	0	0	0	0	2	0	0	1
KONIH1_29725|KONIH1_29730|KONIH1_29735|KONIH1_29740|KONIH1_29745	5277	NA	5	20.6	no	0	0	0	0	0	0	0	0
KONIH1_29740|KONIH1_29745|KONIH1_29750|KONIH1_29755|KONIH1_29760	5151	NA	5	0.9	no	0	0	0	0	0	0	0	0
KONIH1_30165|KONIH1_30170|KONIH1_30175|KONIH1_30180|KONIH1_30185	5142	NA	6	54.3	no	0	0	0	0	0	0	0	0
KONIH1_29790|KONIH1_29795|KONIH1_29800|KONIH1_29805|KONIH1_29810	5097	NA	5	22.6	no	0	0	0	0	0	0	0	1
KONIH1_29920|KONIH1_29925|KONIH1_29930|KONIH1_29935|KONIH1_29940	5004	NA	5	4.2	no	0	0	0	0	3	0	0	1
KONIH1_29785|KONIH1_29790|KONIH1_29795|KONIH1_29800|KONIH1_29805	4917	NA	5	22.7	no	0	0	0	0	0	0	0	1
KONIH1_30160|KONIH1_30165|KONIH1_30170|KONIH1_30175|KONIH1_30180	4839	NA	6	54.3	no	0	0	0	0	0	0	0	0
KONIH1_29910|KONIH1_29915|KONIH1_29920|KONIH1_29925|KONIH1_29930	4803	NA	5	4.8	no	0	0	0	0	4	0	0	1
KONIH1_29570|KONIH1_29575|KONIH1_29580|KONIH1_29585|KONIH1_29590	4701	NA	5	0.7	no	0	0	0	0	0	0	0	0
KONIH1_29930|KONIH1_29935|KONIH1_29940|KONIH1_29945|KONIH1_29950	4665	NA	5	2.8	no	0	0	0	0	1	0	0	1
KONIH1_30175|KONIH1_30180|KONIH1_30185|KONIH1_30190|KONIH1_30195	4641	NA	6	78.8	no	1	1	0	0	0	0	0	0
KONIH1_30180|KONIH1_30185|KONIH1_30190|KONIH1_30195|KONIH1_30200	4605	NA	6	60.6	no	1	1	0	0	0	0	0	0
KONIH1_29915|KONIH1_29920|KONIH1_29925|KONIH1_29930|KONIH1_29935	4581	NA	5	4.3	no	0	0	0	0	4	0	0	1
KONIH1_29565|KONIH1_29570|KONIH1_29575|KONIH1_29580|KONIH1_29585	4470	NA	5	0.8	no	0	0	0	0	0	0	0	0
KONIH1_29935|KONIH1_29940|KONIH1_29945|KONIH1_29950|KONIH1_29955	4425	NA	5	2.5	no	0	0	0	0	0	0	0	1
KONIH1_29905|KONIH1_29910|KONIH1_29915|KONIH1_29920|KONIH1_29925	4413	NA	5	4.0	no	0	0	0	0	3	0	0	1
KONIH1_30195|KONIH1_30200|KONIH1_30205|KONIH1_30210|KONIH1_30215	4356	NA	5	17.8	no	1	1	0	0	0	0	0	0
KONIH1_29940|KONIH1_29945|KONIH1_29950|KONIH1_29955|KONIH1_29960	4335	NA	5	2.2	no	0	0	0	0	0	0	0	0
KONIH1_29575|KONIH1_29580|KONIH1_29585|KONIH1_29590|KONIH1_29595	4284	NA	5	1.4	no	0	0	0	0	0	0	0	0
KONIH1_30185|KONIH1_30190|KONIH1_30195|KONIH1_30200|KONIH1_30205	4281	NA	5	55.1	no	1	1	0	0	0	0	0	0
KONIH1_30255|KONIH1_29490|KONIH1_29495|KONIH1_29505|KONIH1_29510	4278	NA	5	15.8	no	0	0	0	0	0	0	0	0
KONIH1_29545|KONIH1_29550|KONIH1_29555|KONIH1_29560|KONIH1_29565	4275	NA	5	2.0	no	0	0	0	0	0	0	0	0
KONIH1_30250|KONIH1_30255|KONIH1_29490|KONIH1_29495|KONIH1_29505	4263	NA	5	32.1	no	0	0	0	0	0	0	0	0
KONIH1_29490|KONIH1_29495|KONIH1_29505|KONIH1_29510|KONIH1_29515	4191	NA	5	10.9	no	0	0	0	0	0	0	0	0
KONIH1_30245|KONIH1_30250|KONIH1_30255|KONIH1_29490|KONIH1_29495	4143	NA	5	42.9	no	0	0	0	0	0	0	0	0
KONIH1_29555|KONIH1_29560|KONIH1_29565|KONIH1_29570|KONIH1_29575	4095	NA	5	1.2	no	0	0	0	0	0	0	0	0
KONIH1_30190|KONIH1_30195|KONIH1_30200|KONIH1_30205|KONIH1_30210	4062	NA	5	41.9	no	1	1	0	0	0	0	0	0
KONIH1_29675|KONIH1_29680|KONIH1_29685|KONIH1_29690|KONIH1_29695	4029	NA	3	174.4	no	0	0	0	0	0	0	0	0
KONIH1_30060|KONIH1_30065|KONIH1_30070|KONIH1_30075|KONIH1_30080	4002	NA	5	2.1	no	0	0	0	0	0	0	0	0
KONIH1_30070|KONIH1_30075|KONIH1_30080|KONIH1_30090|KONIH1_30095	3930	NA	5	1.8	no	0	0	0	0	0	0	0	0
KONIH1_30155|KONIH1_30160|KONIH1_30165|KONIH1_30170|KONIH1_30175	3864	NA	4	59.6	no	0	0	0	0	0	0	0	0
KONIH1_29495|KONIH1_29505|KONIH1_29510|KONIH1_29515|KONIH1_29520	3849	NA	5	5.0	no	0	0	0	0	0	0	0	0
KONIH1_29680|KONIH1_29685|KONIH1_29690|KONIH1_29695|KONIH1_29700	3837	NA	4	135.9	no	0	0	0	0	0	0	0	0
KONIH1_30050|KONIH1_30055|KONIH1_30060|KONIH1_30065|KONIH1_30070	3831	NA	5	10.4	no	0	0	0	0	0	0	0	0
KONIH1_29580|KONIH1_29585|KONIH1_29590|KONIH1_29595|KONIH1_29600	3828	NA	5	4.9	no	0	0	0	0	0	0	0	0
KONIH1_30065|KONIH1_30070|KONIH1_30075|KONIH1_30080|KONIH1_30090	3798	NA	5	2.0	no	0	0	0	0	0	0	0	0
KONIH1_30055|KONIH1_30060|KONIH1_30065|KONIH1_30070|KONIH1_30075	3783	NA	5	7.0	no	0	0	0	0	0	0	0	0
KONIH1_30150|KONIH1_30155|KONIH1_30160|KONIH1_30165|KONIH1_30170	3712	NA	4	33.7	no	0	0	0	0	0	0	0	0
KONIH1_29795|KONIH1_29800|KONIH1_29805|KONIH1_29810|KONIH1_29815	3660	NA	5	17.8	no	0	0	0	0	0	0	0	1
KONIH1_29585|KONIH1_29590|KONIH1_29595|KONIH1_29600|KONIH1_29610	3627	NA	5	7.4	no	0	0	0	0	0	0	0	0
KONIH1_29800|KONIH1_29805|KONIH1_29810|KONIH1_29815|KONIH1_29820	3612	NA	5	13.9	no	0	1	0	0	0	0	0	0
KONIH1_29900|KONIH1_29905|KONIH1_29910|KONIH1_29915|KONIH1_29920	3606	NA	5	3.2	no	0	0	0	0	2	0	0	0
KONIH1_29595|KONIH1_29600|KONIH1_29610|KONIH1_29620|KONIH1_29625	3600	NA	5	8.0	no	0	0	0	0	0	0	0	0
KONIH1_29975|KONIH1_29985|KONIH1_29990|KONIH1_29995|KONIH1_30000	3600	NA	5	24.5	no	0	0	0	0	3	0	0	1
KONIH1_29670|KONIH1_29675|KONIH1_29680|KONIH1_29685|KONIH1_29690	3591	NA	5	18.2	no	0	0	0	0	0	0	0	0
KONIH1_30240|KONIH1_30245|KONIH1_30250|KONIH1_30255|KONIH1_29490	3588	NA	5	40.7	no	0	0	0	0	0	0	0	0
KONIH1_29970|KONIH1_29975|KONIH1_29985|KONIH1_29990|KONIH1_29995	3573	NA	5	3.7	no	0	0	0	0	3	0	0	0
KONIH1_30215|KONIH1_30220|KONIH1_30225|KONIH1_30230|KONIH1_30235	3486	NA	4	1.0	no	0	0	0	0	0	0	0	0
KONIH1_29965|KONIH1_29970|KONIH1_29975|KONIH1_29985|KONIH1_29990	3408	NA	5	4.1	no	0	0	0	0	2	0	0	0
KONIH1_29985|KONIH1_29990|KONIH1_29995|KONIH1_30000|KONIH1_30005	3399	NA	5	25.1	no	0	0	0	0	3	0	0	1
KONIH1_29895|KONIH1_29900|KONIH1_29905|KONIH1_29910|KONIH1_29915	3306	NA	5	4.0	no	0	0	0	0	1	0	0	0
KONIH1_29590|KONIH1_29595|KONIH1_29600|KONIH1_29610|KONIH1_29620	3279	NA	5	7.5	no	0	0	0	0	0	0	0	0
KONIH1_29875|KONIH1_29880|KONIH1_29885|KONIH1_29890|KONIH1_29895	3255	NA	5	21.6	no	0	0	0	0	2	0	0	1
KONIH1_30075|KONIH1_30080|KONIH1_30090|KONIH1_30095|KONIH1_30100	3255	NA	5	1.8	no	0	0	0	0	0	0	0	0
KONIH1_30080|KONIH1_30090|KONIH1_30095|KONIH1_30100|KONIH1_30105	3252	NA	5	1.9	no	0	0	0	0	0	0	0	0
KONIH1_30235|KONIH1_30240|KONIH1_30245|KONIH1_30250|KONIH1_30255	3174	NA	5	35.9	no	0	0	0	0	0	0	0	0
KONIH1_29665|KONIH1_29670|KONIH1_29675|KONIH1_29680|KONIH1_29685	3156	NA	5	20.4	no	0	0	0	0	0	0	0	0
KONIH1_29805|KONIH1_29810|KONIH1_29815|KONIH1_29820|KONIH1_29825	3033	NA	5	12.6	no	0	1	0	0	0	0	0	0
KONIH1_29830|KONIH1_29835|KONIH1_29840|KONIH1_29845|KONIH1_29850	2997	NA	5	1.4	no	0	0	0	0	1	0	0	0
KONIH1_29810|KONIH1_29815|KONIH1_29820|KONIH1_29825|KONIH1_29830	2982	NA	5	8.3	no	0	1	0	0	0	0	0	0
KONIH1_29960|KONIH1_29965|KONIH1_29970|KONIH1_29975|KONIH1_29985	2973	NA	5	3.2	no	0	0	0	0	1	0	0	0
KONIH1_30090|KONIH1_30095|KONIH1_30100|KONIH1_30105|KONIH1_30115	2970	NA	5	1.6	no	0	0	0	0	0	0	0	0
KONIH1_29620|KONIH1_29625|KONIH1_29630|KONIH1_29635|KONIH1_29640	2946	NA	5	5.9	no	0	0	0	0	0	0	0	0
KONIH1_30145|KONIH1_30150|KONIH1_30155|KONIH1_30160|KONIH1_30165	2905	NA	4	34.4	no	0	0	0	0	0	0	0	0
KONIH1_29685|KONIH1_29690|KONIH1_29695|KONIH1_29700|KONIH1_29705	2880	NA	4	140.0	no	0	0	0	0	0	0	0	0
KONIH1_29625|KONIH1_29630|KONIH1_29635|KONIH1_29640|KONIH1_29645	2859	NA	5	24.3	no	0	0	0	0	0	0	0	0
KONIH1_29820|KONIH1_29825|KONIH1_29830|KONIH1_29835|KONIH1_29840	2820	NA	5	4.6	no	0	1	0	0	0	0	0	0
KONIH1_29600|KONIH1_29610|KONIH1_29620|KONIH1_29625|KONIH1_29630	2778	NA	5	7.6	no	0	0	0	0	0	0	0	0
KONIH1_29715|KONIH1_29720|KONIH1_29725|KONIH1_29730|KONIH1_29735	2763	NA	5	21.3	no	0	0	0	0	0	0	0	0
KONIH1_29990|KONIH1_29995|KONIH1_30000|KONIH1_30005|KONIH1_30010	2679	NA	5	24.7	no	0	0	0	0	2	0	0	0
KONIH1_30095|KONIH1_30100|KONIH1_30105|KONIH1_30115|KONIH1_30120	2637	NA	5	1.6	no	0	0	0	0	0	0	0	0
KONIH1_29610|KONIH1_29620|KONIH1_29625|KONIH1_29630|KONIH1_29635	2607	NA	5	7.6	no	0	0	0	0	0	0	0	0
KONIH1_29655|KONIH1_29665|KONIH1_29670|KONIH1_29675|KONIH1_29680	2568	NA	5	27.0	no	0	0	0	0	0	0	0	0
KONIH1_29825|KONIH1_29830|KONIH1_29835|KONIH1_29840|KONIH1_29845	2541	NA	5	4.3	no	0	0	0	0	0	0	0	0
KONIH1_30125|KONIH1_30130|KONIH1_30135|KONIH1_30140|KONIH1_30145	2538	NA	5	10.1	no	0	0	0	0	0	0	0	0
KONIH1_30100|KONIH1_30105|KONIH1_30115|KONIH1_30120|KONIH1_30125	2502	NA	5	1.7	no	0	0	0	0	0	0	0	0
KONIH1_30005|KONIH1_30010|KONIH1_30015|KONIH1_30020|KONIH1_30025	2475	NA	5	3.1	no	0	0	0	0	0	0	0	0
KONIH1_30010|KONIH1_30015|KONIH1_30020|KONIH1_30025|KONIH1_30035	2454	NA	5	3.0	no	0	0	0	0	0	0	0	0
KONIH1_29690|KONIH1_29695|KONIH1_29700|KONIH1_29705|KONIH1_29710	2445	NA	4	139.5	no	0	0	0	0	0	0	0	0
KONIH1_30130|KONIH1_30135|KONIH1_30140|KONIH1_30145|KONIH1_30150	2389	NA	6	8.5	no	0	0	0	0	0	0	0	0
KONIH1_29945|KONIH1_29950|KONIH1_29955|KONIH1_29960|KONIH1_29965	2370	NA	5	2.2	no	0	0	0	0	0	0	0	0
KONIH1_30220|KONIH1_30225|KONIH1_30230|KONIH1_30235|KONIH1_30240	2340	NA	5	2.8	no	0	0	0	0	0	0	0	0
KONIH1_29995|KONIH1_30000|KONIH1_30005|KONIH1_30010|KONIH1_30015	2337	NA	5	24.0	no	0	0	0	0	1	0	0	0
KONIH1_30225|KONIH1_30230|KONIH1_30235|KONIH1_30240|KONIH1_30245	2313	NA	5	13.4	no	0	0	0	0	0	0	0	0
KONIH1_30000|KONIH1_30005|KONIH1_30010|KONIH1_30015|KONIH1_30020	2250	NA	5	23.8	no	0	0	0	0	0	0	0	0
KONIH1_29630|KONIH1_29635|KONIH1_29640|KONIH1_29645|KONIH1_29650	2226	NA	5	26.6	no	0	0	0	0	0	0	0	0
KONIH1_29815|KONIH1_29820|KONIH1_29825|KONIH1_29830|KONIH1_29835	2196	NA	5	4.0	no	0	1	0	0	0	0	0	0
KONIH1_30140|KONIH1_30145|KONIH1_30150|KONIH1_30155|KONIH1_30160	2152	NA	4	27.3	no	0	0	0	0	0	0	0	0
KONIH1_29710|KONIH1_29715|KONIH1_29720|KONIH1_29725|KONIH1_29730	2115	NA	5	2.9	no	0	0	0	0	0	0	0	1
KONIH1_29890|KONIH1_29895|KONIH1_29900|KONIH1_29905|KONIH1_29910	2106	NA	5	3.7	no	0	0	0	0	1	0	0	0
KONIH1_30045|KONIH1_30050|KONIH1_30055|KONIH1_30060|KONIH1_30065	2097	NA	5	10.5	no	0	0	0	0	0	0	0	0
KONIH1_30115|KONIH1_30120|KONIH1_30125|KONIH1_30130|KONIH1_30135	2094	NA	5	1.7	no	0	0	0	0	0	0	0	0
KONIH1_29695|KONIH1_29700|KONIH1_29705|KONIH1_29710|KONIH1_29715	2082	NA	5	8.5	no	0	0	0	0	0	0	0	0
KONIH1_29880|KONIH1_29885|KONIH1_29890|KONIH1_29895|KONIH1_29900	2070	NA	5	2.9	no	0	0	0	0	1	0	0	0
KONIH1_30120|KONIH1_30125|KONIH1_30130|KONIH1_30135|KONIH1_30140	2049	NA	5	10.0	no	0	0	0	0	0	0	0	0
KONIH1_30015|KONIH1_30020|KONIH1_30025|KONIH1_30035|KONIH1_30040	1971	NA	5	2.9	no	0	0	0	0	0	0	0	0
KONIH1_29705|KONIH1_29710|KONIH1_29715|KONIH1_29720|KONIH1_29725	1959	NA	5	6.0	no	0	0	0	0	0	0	0	0
KONIH1_30230|KONIH1_30235|KONIH1_30240|KONIH1_30245|KONIH1_30250	1941	NA	5	31.1	no	0	0	0	0	0	0	0	0
KONIH1_29955|KONIH1_29960|KONIH1_29965|KONIH1_29970|KONIH1_29975	1938	NA	5	2.9	no	0	0	0	0	1	0	0	0
KONIH1_30105|KONIH1_30115|KONIH1_30120|KONIH1_30125|KONIH1_30130	1905	NA	5	1.8	no	0	0	0	0	0	0	0	0
KONIH1_30020|KONIH1_30025|KONIH1_30035|KONIH1_30040|KONIH1_30045	1902	NA	5	3.0	no	0	0	0	0	0	0	0	0
KONIH1_30135|KONIH1_30140|KONIH1_30145|KONIH1_30150|KONIH1_30155	1900	NA	4	12.1	no	0	0	0	0	0	0	0	0
KONIH1_30040|KONIH1_30045|KONIH1_30050|KONIH1_30055|KONIH1_30060	1884	NA	5	10.5	no	0	0	0	0	0	0	0	0
KONIH1_29700|KONIH1_29705|KONIH1_29710|KONIH1_29715|KONIH1_29720	1878	NA	5	9.3	no	0	0	0	0	0	0	0	0
KONIH1_29635|KONIH1_29640|KONIH1_29645|KONIH1_29650|KONIH1_29655	1851	NA	5	33.2	no	0	0	0	0	0	0	0	0
KONIH1_29640|KONIH1_29645|KONIH1_29650|KONIH1_29655|KONIH1_29665	1842	NA	5	32.0	no	0	0	0	0	0	0	0	0
KONIH1_29885|KONIH1_29890|KONIH1_29895|KONIH1_29900|KONIH1_29905	1731	NA	5	2.9	no	0	0	0	0	1	0	0	0
KONIH1_29950|KONIH1_29955|KONIH1_29960|KONIH1_29965|KONIH1_29970	1725	NA	5	2.4	no	0	0	0	0	0	0	0	0
KONIH1_30025|KONIH1_30035|KONIH1_30040|KONIH1_30045|KONIH1_30050	1704	NA	5	6.3	no	0	0	0	0	0	0	0	0
KONIH1_29645|KONIH1_29650|KONIH1_29655|KONIH1_29665|KONIH1_29670	1590	NA	5	38.1	no	0	0	0	0	0	0	0	0
KONIH1_29650|KONIH1_29655|KONIH1_29665|KONIH1_29670|KONIH1_29675	1578	NA	5	29.2	no	0	0	0	0	0	0	0	0
KONIH1_30035|KONIH1_30040|KONIH1_30045|KONIH1_30050|KONIH1_30055	1503	NA	5	11.1	no	0	0	0	0	0	0	0	0
