ID	Length	Coverage	# ORFs	RDS	Circular	Inc Type(s)	# Replication	# Mobilization	# OriT	# Conjugation	# AMRs	# rRNAs	# Plasmid Hits
ECNIH3_24240|ECNIH3_24245|ECNIH3_24250|ECNIH3_24260|ECNIH3_24265	6270	NA	5	16.9	no	0	0	1	0	1	0	0	1
ECNIH3_24225|ECNIH3_24230|ECNIH3_24235|ECNIH3_24240|ECNIH3_24245	6267	NA	4	13.0	no	0	0	1	0	1	0	0	1
ECNIH3_24235|ECNIH3_24240|ECNIH3_24245|ECNIH3_24250|ECNIH3_24260	6267	NA	5	15.5	no	0	0	1	0	1	0	0	1
ECNIH3_24230|ECNIH3_24235|ECNIH3_24240|ECNIH3_24245|ECNIH3_24250	5979	NA	5	18.1	no	0	0	1	0	1	0	0	1
ECNIH3_24200|ECNIH3_24205|ECNIH3_24210|ECNIH3_24215|ECNIH3_24225	5634	NA	5	15.6	no	0	0	0	0	0	1	0	0
ECNIH3_24215|ECNIH3_24225|ECNIH3_24230|ECNIH3_24235|ECNIH3_24240	5619	NA	4	22.4	no	0	0	1	0	0	1	0	0
ECNIH3_24180|ECNIH3_24185|ECNIH3_24200|ECNIH3_24205|ECNIH3_24210	5577	NA	5	14.2	no	0	0	0	0	0	0	0	0
ECNIH3_24185|ECNIH3_24200|ECNIH3_24205|ECNIH3_24210|ECNIH3_24215	5463	NA	5	16.0	no	0	0	0	0	0	1	0	0
ECNIH3_24205|ECNIH3_24210|ECNIH3_24215|ECNIH3_24225|ECNIH3_24230	5436	NA	4	19.4	no	0	0	0	0	0	1	0	0
ECNIH3_24175|ECNIH3_24180|ECNIH3_24185|ECNIH3_24200|ECNIH3_24205	5418	NA	5	19.4	no	0	0	0	0	1	0	0	0
ECNIH3_24145|ECNIH3_24150|ECNIH3_24155|ECNIH3_24160|ECNIH3_24165	5283	NA	5	15.2	no	0	0	0	0	3	0	0	1
ECNIH3_24140|ECNIH3_24145|ECNIH3_24150|ECNIH3_24155|ECNIH3_24160	4902	NA	5	15.2	no	0	0	0	0	2	0	0	1
ECNIH3_24160|ECNIH3_24165|ECNIH3_24170|ECNIH3_24175|ECNIH3_24180	4782	NA	5	24.1	no	0	0	0	0	4	0	0	0
ECNIH3_24080|ECNIH3_24085|ECNIH3_24090|ECNIH3_24095|ECNIH3_24100	4317	NA	4	45.5	no	0	0	0	0	0	0	0	0
ECNIH3_24165|ECNIH3_24170|ECNIH3_24175|ECNIH3_24180|ECNIH3_24185	4275	NA	5	25.4	no	0	0	0	0	3	0	0	0
ECNIH3_24130|ECNIH3_24135|ECNIH3_24140|ECNIH3_24145|ECNIH3_24150	4209	NA	5	16.0	no	0	0	0	0	1	0	0	1
ECNIH3_24170|ECNIH3_24175|ECNIH3_24180|ECNIH3_24185|ECNIH3_24200	4203	NA	5	21.5	no	0	0	0	0	2	0	0	0
ECNIH3_24135|ECNIH3_24140|ECNIH3_24145|ECNIH3_24150|ECNIH3_24155	4155	NA	5	15.0	no	0	0	0	0	1	0	0	1
ECNIH3_24070|ECNIH3_24075|ECNIH3_24080|ECNIH3_24085|ECNIH3_24090	4149	NA	4	44.6	no	0	0	0	0	0	1	0	0
ECNIH3_24125|ECNIH3_24130|ECNIH3_24135|ECNIH3_24140|ECNIH3_24145	4095	NA	5	16.0	no	0	0	0	0	1	0	0	0
ECNIH3_24155|ECNIH3_24160|ECNIH3_24165|ECNIH3_24170|ECNIH3_24175	4014	NA	5	21.9	no	0	0	0	0	4	0	0	0
ECNIH3_24075|ECNIH3_24080|ECNIH3_24085|ECNIH3_24090|ECNIH3_24095	3942	NA	3	52.4	no	0	0	0	0	0	0	0	0
ECNIH3_24085|ECNIH3_24090|ECNIH3_24095|ECNIH3_24100|ECNIH3_24105	3864	NA	4	43.0	no	0	0	0	0	0	0	0	0
ECNIH3_24065|ECNIH3_24070|ECNIH3_24075|ECNIH3_24080|ECNIH3_24085	3729	NA	4	41.9	no	0	0	0	0	0	1	0	0
ECNIH3_24210|ECNIH3_24215|ECNIH3_24225|ECNIH3_24230|ECNIH3_24235	3702	NA	4	17.7	no	0	0	0	0	0	1	0	0
ECNIH3_24340|ECNIH3_24345|ECNIH3_24350|ECNIH3_24055|ECNIH3_24060	3690	NA	5	20.8	no	1	1	0	0	0	0	0	0
ECNIH3_24150|ECNIH3_24155|ECNIH3_24160|ECNIH3_24165|ECNIH3_24170	3567	NA	5	16.6	no	0	0	0	0	3	0	0	0
ECNIH3_24335|ECNIH3_24340|ECNIH3_24345|ECNIH3_24350|ECNIH3_24055	3561	NA	5	19.8	no	1	1	0	0	0	0	0	0
ECNIH3_24345|ECNIH3_24350|ECNIH3_24055|ECNIH3_24060|ECNIH3_24065	3438	NA	5	26.8	no	1	1	0	0	0	0	0	0
ECNIH3_24245|ECNIH3_24250|ECNIH3_24260|ECNIH3_24265|ECNIH3_24270	3378	NA	5	17.5	no	0	0	0	0	1	0	0	0
ECNIH3_24325|ECNIH3_24330|ECNIH3_24335|ECNIH3_24340|ECNIH3_24345	3330	NA	5	18.4	no	0	0	0	0	0	0	0	0
ECNIH3_24330|ECNIH3_24335|ECNIH3_24340|ECNIH3_24345|ECNIH3_24350	3267	NA	5	19.6	no	0	0	0	0	0	0	0	0
ECNIH3_24350|ECNIH3_24055|ECNIH3_24060|ECNIH3_24065|ECNIH3_24070	3120	NA	5	38.1	no	1	1	0	0	0	1	0	0
ECNIH3_24060|ECNIH3_24065|ECNIH3_24070|ECNIH3_24075|ECNIH3_24080	3090	NA	4	34.4	no	0	0	0	0	0	1	0	0
ECNIH3_24055|ECNIH3_24060|ECNIH3_24065|ECNIH3_24070|ECNIH3_24075	3045	NA	5	32.3	no	1	1	0	0	0	1	0	0
ECNIH3_24090|ECNIH3_24095|ECNIH3_24100|ECNIH3_24105|ECNIH3_24110	2970	NA	4	33.9	no	0	0	0	0	0	0	0	0
ECNIH3_24320|ECNIH3_24325|ECNIH3_24330|ECNIH3_24335|ECNIH3_24340	2778	NA	5	22.9	no	0	0	0	0	0	0	0	0
ECNIH3_24250|ECNIH3_24260|ECNIH3_24265|ECNIH3_24270|ECNIH3_24275	2169	NA	5	16.5	no	0	0	0	0	0	0	0	0
ECNIH3_24260|ECNIH3_24265|ECNIH3_24270|ECNIH3_24275|ECNIH3_24280	1932	NA	5	14.9	no	0	0	0	0	0	0	0	0
ECNIH3_24100|ECNIH3_24105|ECNIH3_24110|ECNIH3_24115|ECNIH3_24120	1920	NA	5	17.6	no	0	0	0	0	0	0	0	0
ECNIH3_24095|ECNIH3_24100|ECNIH3_24105|ECNIH3_24110|ECNIH3_24115	1881	NA	4	22.0	no	0	0	0	0	0	0	0	0
ECNIH3_24105|ECNIH3_24110|ECNIH3_24115|ECNIH3_24120|ECNIH3_24125	1878	NA	5	12.7	no	0	0	0	0	0	0	0	0
ECNIH3_24110|ECNIH3_24115|ECNIH3_24120|ECNIH3_24125|ECNIH3_24130	1848	NA	5	11.8	no	0	0	0	0	0	0	0	0
ECNIH3_24115|ECNIH3_24120|ECNIH3_24125|ECNIH3_24130|ECNIH3_24135	1827	NA	5	11.3	no	0	0	0	0	0	0	0	0
ECNIH3_24315|ECNIH3_24320|ECNIH3_24325|ECNIH3_24330|ECNIH3_24335	1809	NA	5	22.8	no	0	0	0	0	0	0	0	0
ECNIH3_24120|ECNIH3_24125|ECNIH3_24130|ECNIH3_24135|ECNIH3_24140	1800	NA	5	11.9	no	0	0	0	0	0	0	0	0
ECNIH3_24290|ECNIH3_24300|ECNIH3_24305|ECNIH3_24310|ECNIH3_24315	1785	NA	5	19.4	no	0	0	0	0	0	0	0	0
ECNIH3_24310|ECNIH3_24315|ECNIH3_24320|ECNIH3_24325|ECNIH3_24330	1728	NA	5	21.4	no	0	0	0	0	0	0	0	0
ECNIH3_24265|ECNIH3_24270|ECNIH3_24275|ECNIH3_24280|ECNIH3_24290	1725	NA	5	19.1	no	0	0	0	0	0	0	0	0
ECNIH3_24270|ECNIH3_24275|ECNIH3_24280|ECNIH3_24290|ECNIH3_24300	1689	NA	5	19.0	no	0	0	0	0	0	0	0	0
ECNIH3_24280|ECNIH3_24290|ECNIH3_24300|ECNIH3_24305|ECNIH3_24310	1668	NA	5	18.5	no	0	0	0	0	0	0	0	0
ECNIH3_24275|ECNIH3_24280|ECNIH3_24290|ECNIH3_24300|ECNIH3_24305	1629	NA	5	18.7	no	0	0	0	0	0	0	0	0
ECNIH3_24305|ECNIH3_24310|ECNIH3_24315|ECNIH3_24320|ECNIH3_24325	1587	NA	5	21.0	no	0	0	0	0	0	0	0	0
ECNIH3_24300|ECNIH3_24305|ECNIH3_24310|ECNIH3_24315|ECNIH3_24320	1515	NA	5	19.7	no	0	0	0	0	0	0	0	0
