ID	Length	Coverage	# ORFs	RDS	Circular	Inc Type(s)	# Replication	# Mobilization	# OriT	# Conjugation	# AMRs	# rRNAs	# Plasmid Hits
ECNIH3_23860|ECNIH3_23865|ECNIH3_23870|ECNIH3_23875|ECNIH3_23880	6156	NA	5	0.4	no	0	0	0	0	0	0	0	1
ECNIH3_24050|ECNIH3_23680|ECNIH3_23685|ECNIH3_23690|ECNIH3_23695	6138	NA	5	0.3	no	0	0	1	0	1	0	0	0
ECNIH3_24045|ECNIH3_24050|ECNIH3_23680|ECNIH3_23685|ECNIH3_23690	6021	NA	5	0.3	no	0	0	1	0	1	0	0	0
ECNIH3_23685|ECNIH3_23690|ECNIH3_23695|ECNIH3_23700|ECNIH3_23705	5862	NA	5	0.4	no	0	0	1	0	1	0	0	1
ECNIH3_23680|ECNIH3_23685|ECNIH3_23690|ECNIH3_23695|ECNIH3_23700	5715	NA	5	0.4	no	0	0	1	0	1	0	0	1
ECNIH3_23855|ECNIH3_23860|ECNIH3_23865|ECNIH3_23870|ECNIH3_23875	5556	NA	5	0.3	no	0	0	0	0	0	0	0	1
ECNIH3_23865|ECNIH3_23870|ECNIH3_23875|ECNIH3_23880|ECNIH3_23885	4953	NA	5	0.4	no	0	0	0	0	0	0	0	1
ECNIH3_24040|ECNIH3_24045|ECNIH3_24050|ECNIH3_23680|ECNIH3_23685	4926	NA	5	0.3	no	0	0	1	0	0	0	0	0
ECNIH3_23870|ECNIH3_23875|ECNIH3_23880|ECNIH3_23885|ECNIH3_23890	4521	NA	5	0.4	no	0	0	0	0	0	0	0	1
ECNIH3_23800|ECNIH3_23805|ECNIH3_23810|ECNIH3_23815|ECNIH3_23820	3831	NA	5	0.3	no	0	0	0	0	1	0	0	1
ECNIH3_23750|ECNIH3_23760|ECNIH3_23775|ECNIH3_23780|ECNIH3_23785	3183	NA	5	0.4	no	1	0	0	0	0	0	0	0
ECNIH3_23760|ECNIH3_23775|ECNIH3_23780|ECNIH3_23785|ECNIH3_23790	3180	NA	5	0.4	no	1	0	0	0	0	0	0	0
ECNIH3_23775|ECNIH3_23780|ECNIH3_23785|ECNIH3_23790|ECNIH3_23800	3108	NA	5	0.4	no	1	0	0	0	0	0	0	0
ECNIH3_23780|ECNIH3_23785|ECNIH3_23790|ECNIH3_23800|ECNIH3_23805	2337	NA	5	0.4	no	1	0	0	0	0	0	0	0
ECNIH3_23785|ECNIH3_23790|ECNIH3_23800|ECNIH3_23805|ECNIH3_23810	1788	NA	5	0.3	no	1	0	0	0	0	0	0	0
