ID	Length	Coverage	# ORFs	RDS	Circular	Inc Type(s)	# Replication	# Mobilization	# OriT	# Conjugation	# AMRs	# rRNAs	# Plasmid Hits
CTI54_28560|CTI54_28565|CTI54_28570|CTI54_28575|CTI54_28540	3681	NA	6	2.0	no	0	0	0	0	0	0	0	0
CTI54_28570|CTI54_28575|CTI54_28540|CTI54_28545|CTI54_28550	3576	NA	5	2.5	no	0	0	0	0	0	0	0	0
CTI54_28565|CTI54_28570|CTI54_28575|CTI54_28540|CTI54_28545	3510	NA	5	2.5	no	0	0	0	0	0	0	0	0
CTI54_28555|CTI54_28560|CTI54_28565|CTI54_28570|CTI54_28575	1494	NA	6	2.4	no	0	0	0	0	0	0	0	0
CTI54_28550|CTI54_28555|CTI54_28560|CTI54_28565|CTI54_28570	1464	NA	6	2.5	no	0	0	0	0	0	0	0	0
