ID	Length	Coverage	# ORFs	RDS	Circular	Inc Type(s)	# Replication	# Mobilization	# OriT	# Conjugation	# AMRs	# rRNAs	# Plasmid Hits
ECNIH2_26585=ECNIH2_26590=ECNIH2_26595=ECNIH2_26600=ECNIH2_26605	11484	NA	7	22.8	no	1	0	0	0	0	0	0	1
ECNIH2_26580=ECNIH2_26585=ECNIH2_26590=ECNIH2_26595=ECNIH2_26600	11018	NA	6	16.4	no	1	0	0	0	0	0	0	1
ECNIH2_25310=ECNIH2_25315=ECNIH2_25320=ECNIH2_25330=ECNIH2_25335	11000	NA	7	29.4	no	0	0	0	0	1	0	0	1
ECNIH2_25235=ECNIH2_25240=ECNIH2_25245=ECNIH2_25250=ECNIH2_25255	10703	NA	6	30.0	no	0	0	0	0	0	0	0	1
ECNIH2_25225=ECNIH2_25230=ECNIH2_25235=ECNIH2_25240=ECNIH2_25245	10700	NA	5	26.6	no	0	0	0	0	0	0	0	1
ECNIH2_25230=ECNIH2_25235=ECNIH2_25240=ECNIH2_25245=ECNIH2_25250	10601	NA	5	28.6	no	0	0	0	0	0	0	0	1
ECNIH2_25240=ECNIH2_25245=ECNIH2_25250=ECNIH2_25255=ECNIH2_25260	10573	NA	6	30.0	no	0	0	0	0	0	0	0	1
ECNIH2_25815=ECNIH2_25820=ECNIH2_25825=ECNIH2_25830=ECNIH2_25835	9634	NA	7	13.1	no	0	0	0	0	0	1	0	0
ECNIH2_25810=ECNIH2_25815=ECNIH2_25820=ECNIH2_25825=ECNIH2_25830	9131	NA	7	14.3	no	0	0	0	0	0	1	0	0
ECNIH2_25820=ECNIH2_25825=ECNIH2_25830=ECNIH2_25835=ECNIH2_25840	9040	NA	7	4.6	no	0	0	0	0	0	0	0	0
ECNIH2_25320=ECNIH2_25330=ECNIH2_25335=ECNIH2_25340=ECNIH2_25345	8784	NA	6	31.5	no	0	0	0	0	1	0	0	1
ECNIH2_25305=ECNIH2_25310=ECNIH2_25315=ECNIH2_25320=ECNIH2_25330	8467	NA	7	29.6	no	0	0	0	0	0	0	0	1
ECNIH2_25330=ECNIH2_25335=ECNIH2_25340=ECNIH2_25345=ECNIH2_25350	8398	NA	5	37.8	no	0	0	0	0	1	0	0	1
ECNIH2_26165=ECNIH2_26170=ECNIH2_26175=ECNIH2_26180=ECNIH2_26185	8317	NA	5	28.2	no	0	0	0	1	1	0	0	1
ECNIH2_26200=ECNIH2_26205=ECNIH2_26210=ECNIH2_26215=ECNIH2_26220	8181	NA	5	26.0	no	0	0	1	0	2	0	0	1
ECNIH2_26160=ECNIH2_26165=ECNIH2_26170=ECNIH2_26175=ECNIH2_26180	8149	NA	5	25.3	no	0	0	0	1	1	0	0	1
ECNIH2_26155=ECNIH2_26160=ECNIH2_26165=ECNIH2_26170=ECNIH2_26175	8111	NA	5	22.3	no	0	0	0	0	1	0	0	1
ECNIH2_25825=ECNIH2_25830=ECNIH2_25835=ECNIH2_25840=ECNIH2_25845	8027	NA	7	5.1	no	0	0	0	0	0	0	0	1
ECNIH2_26185=ECNIH2_26190=ECNIH2_26195=ECNIH2_26200=ECNIH2_26205	8020	NA	6	21.4	no	0	0	1	0	1	0	0	1
ECNIH2_25335=ECNIH2_25340=ECNIH2_25345=ECNIH2_25350=ECNIH2_25355	7756	NA	5	35.3	no	0	0	0	0	1	0	0	1
ECNIH2_26150=ECNIH2_26155=ECNIH2_26160=ECNIH2_26165=ECNIH2_26170	7756	NA	5	19.4	no	0	0	0	0	0	0	0	1
ECNIH2_26195=ECNIH2_26200=ECNIH2_26205=ECNIH2_26210=ECNIH2_26215	7736	NA	5	25.9	no	0	0	1	0	2	0	0	1
ECNIH2_25785=ECNIH2_25790=ECNIH2_25795=ECNIH2_25800=ECNIH2_25805	7714	NA	5	22.1	no	0	0	0	0	0	0	0	1
ECNIH2_25300=ECNIH2_25305=ECNIH2_25310=ECNIH2_25315=ECNIH2_25320	7701	NA	6	32.5	no	0	0	0	0	0	0	0	1
ECNIH2_25780=ECNIH2_25785=ECNIH2_25790=ECNIH2_25795=ECNIH2_25800	7658	NA	5	31.0	no	0	0	0	0	0	0	0	1
ECNIH2_25775=ECNIH2_25780=ECNIH2_25785=ECNIH2_25790=ECNIH2_25795	7569	NA	5	45.9	no	0	0	0	0	0	1	0	1
ECNIH2_26190=ECNIH2_26195=ECNIH2_26200=ECNIH2_26205=ECNIH2_26210	7569	NA	5	25.7	no	0	0	1	0	1	0	0	1
ECNIH2_26590=ECNIH2_26595=ECNIH2_26600=ECNIH2_26605=ECNIH2_26610	7499	NA	6	27.2	no	0	0	0	0	0	0	0	1
ECNIH2_25470=ECNIH2_25475=ECNIH2_25480=ECNIH2_25485=ECNIH2_25490	7369	NA	6	28.1	no	0	0	0	0	0	0	0	1
ECNIH2_25315=ECNIH2_25320=ECNIH2_25330=ECNIH2_25335=ECNIH2_25340	7319	NA	6	31.6	no	0	0	0	0	1	0	0	1
ECNIH2_25290=ECNIH2_25295=ECNIH2_25300=ECNIH2_25305=ECNIH2_25310	7267	NA	5	15.8	no	0	0	0	0	0	0	0	1
ECNIH2_25790=ECNIH2_25795=ECNIH2_25800=ECNIH2_25805=ECNIH2_25810	7098	NA	5	28.1	no	0	0	0	0	0	0	0	1
ECNIH2_26145=ECNIH2_26150=ECNIH2_26155=ECNIH2_26160=ECNIH2_26165	6954	NA	5	19.3	no	0	0	0	0	0	0	0	1
ECNIH2_26595=ECNIH2_26600=ECNIH2_26605=ECNIH2_26610=ECNIH2_26620	6827	NA	7	23.2	no	0	0	0	0	0	0	0	0
ECNIH2_25295=ECNIH2_25300=ECNIH2_25305=ECNIH2_25310=ECNIH2_25315	6645	NA	6	32.6	no	0	0	0	0	0	0	0	1
ECNIH2_25465=ECNIH2_25470=ECNIH2_25475=ECNIH2_25480=ECNIH2_25485	6554	NA	6	24.4	no	0	0	0	0	0	0	0	1
ECNIH2_25830=ECNIH2_25835=ECNIH2_25840=ECNIH2_25845=ECNIH2_25850	6466	NA	6	12.0	no	0	0	0	0	0	0	0	1
ECNIH2_25390=ECNIH2_25395=ECNIH2_25400=ECNIH2_25405=ECNIH2_25410	6461	NA	6	22.4	no	0	0	0	0	0	0	0	0
ECNIH2_25605=ECNIH2_25610=ECNIH2_25615=ECNIH2_25620=ECNIH2_25625	6351	NA	6	16.8	no	0	0	0	0	0	0	0	1
ECNIH2_26510=ECNIH2_26515=ECNIH2_26520=ECNIH2_26525=ECNIH2_26530	6267	NA	6	26.5	no	0	0	0	0	0	0	0	1
ECNIH2_25650=ECNIH2_25665=ECNIH2_25670=ECNIH2_25675=ECNIH2_25680	6223	NA	6	29.8	no	0	0	0	0	0	0	0	1
ECNIH2_26320=ECNIH2_26325=ECNIH2_26330=ECNIH2_26335=ECNIH2_26340	6208	NA	6	8.7	no	0	0	0	0	0	0	0	1
ECNIH2_25895=ECNIH2_25900=ECNIH2_25905=ECNIH2_25910=ECNIH2_25915	6187	NA	5	1.9	no	0	0	0	0	0	1	0	1
ECNIH2_26180=ECNIH2_26185=ECNIH2_26190=ECNIH2_26195=ECNIH2_26200	6187	NA	5	22.9	no	0	0	1	0	0	0	0	1
ECNIH2_25475=ECNIH2_25480=ECNIH2_25485=ECNIH2_25490=ECNIH2_25495	6174	NA	5	23.7	no	0	0	0	0	0	0	0	1
ECNIH2_25795=ECNIH2_25800=ECNIH2_25805=ECNIH2_25810=ECNIH2_25815	6152	NA	5	33.8	no	0	0	0	0	0	1	0	1
ECNIH2_25400=ECNIH2_25405=ECNIH2_25410=ECNIH2_25415=ECNIH2_25420	6141	NA	6	28.5	no	0	0	0	0	0	0	0	1
ECNIH2_26505=ECNIH2_26510=ECNIH2_26515=ECNIH2_26520=ECNIH2_26525	6134	NA	6	25.8	no	0	0	0	0	0	0	0	1
ECNIH2_25805=ECNIH2_25810=ECNIH2_25815=ECNIH2_25820=ECNIH2_25825	6082	NA	5	24.0	no	0	0	0	0	0	1	0	1
ECNIH2_25220=ECNIH2_25225=ECNIH2_25230=ECNIH2_25235=ECNIH2_25240	6070	NA	5	26.7	no	0	0	0	0	0	0	0	0
ECNIH2_25405=ECNIH2_25410=ECNIH2_25415=ECNIH2_25420=ECNIH2_25425	5980	NA	6	36.3	no	0	0	0	0	0	0	0	1
ECNIH2_25590=ECNIH2_25600=ECNIH2_25605=ECNIH2_25610=ECNIH2_25615	5921	NA	7	16.0	no	0	0	0	0	0	0	0	1
ECNIH2_25385=ECNIH2_25390=ECNIH2_25395=ECNIH2_25400=ECNIH2_25405	5917	NA	5	19.3	no	0	0	0	0	0	0	0	0
ECNIH2_25600=ECNIH2_25605=ECNIH2_25610=ECNIH2_25615=ECNIH2_25620	5908	NA	6	15.2	no	0	0	0	0	0	0	0	1
ECNIH2_25460=ECNIH2_25465=ECNIH2_25470=ECNIH2_25475=ECNIH2_25480	5873	NA	6	32.6	no	0	0	0	0	0	0	0	1
ECNIH2_26205=ECNIH2_26210=ECNIH2_26215=ECNIH2_26220=ECNIH2_26225	5768	NA	5	20.3	no	0	0	0	0	2	0	0	1
ECNIH2_26260=ECNIH2_26265=ECNIH2_26270=ECNIH2_26280=ECNIH2_26285	5725	NA	7	24.7	no	0	0	0	0	0	0	0	1
ECNIH2_25610=ECNIH2_25615=ECNIH2_25620=ECNIH2_25625=ECNIH2_25630	5708	NA	6	14.6	no	0	0	0	0	0	0	0	1
ECNIH2_26515=ECNIH2_26520=ECNIH2_26525=ECNIH2_26530=ECNIH2_26535	5705	NA	5	29.1	no	0	0	0	0	0	0	0	1
ECNIH2_25365=ECNIH2_25370=ECNIH2_25375=ECNIH2_25385=ECNIH2_25390	5704	NA	6	7.7	no	0	0	0	0	0	0	0	0
ECNIH2_26170=ECNIH2_26175=ECNIH2_26180=ECNIH2_26185=ECNIH2_26190	5603	NA	6	23.7	no	0	0	0	1	1	0	0	1
ECNIH2_25885=ECNIH2_25890=ECNIH2_25895=ECNIH2_25900=ECNIH2_25905	5585	NA	5	2.2	no	0	0	0	0	0	1	0	1
ECNIH2_26325=ECNIH2_26330=ECNIH2_26335=ECNIH2_26340=ECNIH2_26345	5583	NA	6	13.0	no	0	0	0	0	0	0	0	1
ECNIH2_25340=ECNIH2_25345=ECNIH2_25350=ECNIH2_25355=ECNIH2_25360	5577	NA	5	35.4	no	0	0	0	0	0	0	0	1
ECNIH2_25480=ECNIH2_25485=ECNIH2_25490=ECNIH2_25495=ECNIH2_25500	5567	NA	5	21.0	no	0	0	0	0	0	0	0	1
ECNIH2_26020=ECNIH2_26025=ECNIH2_26030=ECNIH2_26035=ECNIH2_26040	5520	NA	5	3.3	no	0	0	0	0	0	0	0	1
ECNIH2_26255=ECNIH2_26260=ECNIH2_26265=ECNIH2_26270=ECNIH2_26280	5509	NA	7	24.8	no	0	0	0	0	0	0	0	1
ECNIH2_25645=ECNIH2_25650=ECNIH2_25665=ECNIH2_25670=ECNIH2_25675	5457	NA	6	31.1	no	0	0	0	0	0	0	0	1
ECNIH2_25345=ECNIH2_25350=ECNIH2_25355=ECNIH2_25360=ECNIH2_25365	5434	NA	5	28.4	no	0	0	0	0	0	0	0	1
ECNIH2_25395=ECNIH2_25400=ECNIH2_25405=ECNIH2_25410=ECNIH2_25415	5387	NA	6	22.5	no	0	0	0	0	0	0	0	0
ECNIH2_25890=ECNIH2_25895=ECNIH2_25900=ECNIH2_25905=ECNIH2_25910	5367	NA	5	2.2	no	0	0	0	0	0	1	0	1
ECNIH2_25875=ECNIH2_25885=ECNIH2_25890=ECNIH2_25895=ECNIH2_25900	5359	NA	6	1.9	no	0	0	0	0	0	1	0	0
ECNIH2_25665=ECNIH2_25670=ECNIH2_25675=ECNIH2_25680=ECNIH2_25685	5315	NA	5	33.6	no	0	0	0	0	0	0	0	1
ECNIH2_25930=ECNIH2_25935=ECNIH2_25940=ECNIH2_25945=ECNIH2_25950	5298	NA	6	26.9	no	0	0	0	0	0	0	0	1
ECNIH2_26330=ECNIH2_26335=ECNIH2_26340=ECNIH2_26345=ECNIH2_26355	5222	NA	6	20.0	no	0	0	0	0	0	0	0	1
ECNIH2_25870=ECNIH2_25875=ECNIH2_25885=ECNIH2_25890=ECNIH2_25895	5214	NA	7	7.2	no	0	0	0	0	0	2	0	0
ECNIH2_25935=ECNIH2_25940=ECNIH2_25945=ECNIH2_25950=ECNIH2_25955	5213	NA	6	26.8	no	0	0	0	0	0	0	0	1
ECNIH2_26650=ECNIH2_26655=ECNIH2_26660=ECNIH2_26665=ECNIH2_25180	5209	NA	6	35.6	no	1	0	0	0	0	0	0	1
ECNIH2_26270=ECNIH2_26280=ECNIH2_26285=ECNIH2_26290=ECNIH2_26300	5193	NA	7	24.8	no	0	0	0	0	0	0	0	1
ECNIH2_25455=ECNIH2_25460=ECNIH2_25465=ECNIH2_25470=ECNIH2_25475	5180	NA	6	35.1	no	0	0	0	0	0	0	0	1
ECNIH2_26015=ECNIH2_26020=ECNIH2_26025=ECNIH2_26030=ECNIH2_26035	5170	NA	5	5.2	no	0	0	0	0	0	0	0	1
ECNIH2_25250=ECNIH2_25255=ECNIH2_25260=ECNIH2_25265=ECNIH2_25275	5148	NA	6	30.0	no	0	0	0	0	0	0	0	1
ECNIH2_25770=ECNIH2_25775=ECNIH2_25780=ECNIH2_25785=ECNIH2_25790	5140	NA	5	42.2	no	0	0	0	0	0	1	0	1
ECNIH2_26465=ECNIH2_26475=ECNIH2_26480=ECNIH2_26485=ECNIH2_26490	5092	NA	7	15.7	no	0	0	0	0	0	0	0	1
ECNIH2_26450=ECNIH2_26455=ECNIH2_26460=ECNIH2_26465=ECNIH2_26475	5091	NA	6	1.7	no	0	0	0	0	0	0	0	0
ECNIH2_25370=ECNIH2_25375=ECNIH2_25385=ECNIH2_25390=ECNIH2_25395	5089	NA	6	7.8	no	0	0	0	0	0	0	0	0
ECNIH2_25265=ECNIH2_25275=ECNIH2_25280=ECNIH2_25285=ECNIH2_25290	5045	NA	5	0.7	no	0	0	0	0	0	0	0	0
ECNIH2_26005=ECNIH2_26010=ECNIH2_26015=ECNIH2_26020=ECNIH2_26025	5026	NA	5	8.9	no	0	0	0	0	0	0	0	1
ECNIH2_25375=ECNIH2_25385=ECNIH2_25390=ECNIH2_25395=ECNIH2_25400	5011	NA	6	16.2	no	0	0	0	0	0	0	0	1
ECNIH2_25410=ECNIH2_25415=ECNIH2_25420=ECNIH2_25425=ECNIH2_25430	5006	NA	5	36.2	no	0	0	0	0	0	0	0	1
ECNIH2_25245=ECNIH2_25250=ECNIH2_25255=ECNIH2_25260=ECNIH2_25265	4997	NA	6	30.0	no	0	0	0	0	0	0	0	1
ECNIH2_25945=ECNIH2_25950=ECNIH2_25955=ECNIH2_25960=ECNIH2_25965	4989	NA	6	25.8	no	0	0	0	0	0	0	0	1
ECNIH2_26175=ECNIH2_26180=ECNIH2_26185=ECNIH2_26190=ECNIH2_26195	4932	NA	6	23.8	no	0	0	0	1	1	0	0	1
ECNIH2_26600=ECNIH2_26605=ECNIH2_26610=ECNIH2_26620=ECNIH2_26625	4902	NA	7	9.4	no	0	0	0	0	0	0	0	0
ECNIH2_25585=ECNIH2_25590=ECNIH2_25600=ECNIH2_25605=ECNIH2_25610	4891	NA	6	18.9	no	0	0	0	0	0	0	0	1
ECNIH2_25985=ECNIH2_25990=ECNIH2_25995=ECNIH2_26000=ECNIH2_26005	4879	NA	5	9.6	no	0	0	0	0	0	1	0	1
ECNIH2_25940=ECNIH2_25945=ECNIH2_25950=ECNIH2_25955=ECNIH2_25960	4843	NA	6	29.1	no	0	0	0	0	0	0	0	1
ECNIH2_25620=ECNIH2_25625=ECNIH2_25630=ECNIH2_25635=ECNIH2_25640	4774	NA	5	17.7	no	0	0	0	0	0	0	0	1
ECNIH2_25215=ECNIH2_25220=ECNIH2_25225=ECNIH2_25230=ECNIH2_25235	4743	NA	5	19.5	no	0	0	0	0	1	0	0	0
ECNIH2_25485=ECNIH2_25490=ECNIH2_25495=ECNIH2_25500=ECNIH2_25505	4703	NA	5	20.7	no	0	0	0	0	0	0	0	1
ECNIH2_26265=ECNIH2_26270=ECNIH2_26280=ECNIH2_26285=ECNIH2_26290	4688	NA	6	29.1	no	0	0	0	0	0	0	0	1
ECNIH2_25275=ECNIH2_25280=ECNIH2_25285=ECNIH2_25290=ECNIH2_25295	4675	NA	5	0.9	no	0	0	0	0	0	0	0	0
ECNIH2_26645=ECNIH2_26650=ECNIH2_26655=ECNIH2_26660=ECNIH2_26665	4671	NA	7	6.1	no	0	0	0	0	0	0	0	1
ECNIH2_25360=ECNIH2_25365=ECNIH2_25370=ECNIH2_25375=ECNIH2_25385	4656	NA	6	7.6	no	0	0	0	0	0	0	0	0
ECNIH2_25800=ECNIH2_25805=ECNIH2_25810=ECNIH2_25815=ECNIH2_25820	4618	NA	5	27.5	no	0	0	0	0	0	1	0	1
ECNIH2_25260=ECNIH2_25265=ECNIH2_25275=ECNIH2_25280=ECNIH2_25285	4615	NA	5	20.6	no	0	0	0	0	0	0	0	0
ECNIH2_26610=ECNIH2_26620=ECNIH2_26625=ECNIH2_26630=ECNIH2_26635	4615	NA	7	0.9	no	0	0	0	0	0	0	0	0
ECNIH2_25580=ECNIH2_25585=ECNIH2_25590=ECNIH2_25600=ECNIH2_25605	4604	NA	6	16.9	no	0	0	0	0	0	0	0	1
ECNIH2_25415=ECNIH2_25420=ECNIH2_25425=ECNIH2_25430=ECNIH2_25435	4597	NA	5	36.2	no	0	0	0	0	0	0	0	1
ECNIH2_26475=ECNIH2_26480=ECNIH2_26485=ECNIH2_26490=ECNIH2_26495	4558	NA	6	22.3	no	0	0	0	0	0	0	0	1
ECNIH2_25560=ECNIH2_25565=ECNIH2_25570=ECNIH2_25575=ECNIH2_25580	4528	NA	5	2.3	no	0	0	0	0	0	0	0	1
ECNIH2_25670=ECNIH2_25675=ECNIH2_25680=ECNIH2_25685=ECNIH2_25690	4522	NA	4	19.1	no	0	0	0	0	0	0	0	1
ECNIH2_26460=ECNIH2_26465=ECNIH2_26475=ECNIH2_26480=ECNIH2_26485	4521	NA	7	11.5	no	0	0	0	0	0	0	0	0
ECNIH2_25615=ECNIH2_25620=ECNIH2_25625=ECNIH2_25630=ECNIH2_25635	4495	NA	5	18.9	no	0	0	0	0	0	0	0	1
ECNIH2_25990=ECNIH2_25995=ECNIH2_26000=ECNIH2_26005=ECNIH2_26010	4478	NA	5	8.5	no	0	0	0	0	0	1	0	1
ECNIH2_25205=ECNIH2_25210=ECNIH2_25215=ECNIH2_25220=ECNIH2_25225	4473	NA	5	20.0	no	0	0	0	0	1	0	0	0
ECNIH2_25500=ECNIH2_25505=ECNIH2_25510=ECNIH2_25515=ECNIH2_25520	4426	NA	6	3.8	no	0	0	0	0	0	0	0	1
ECNIH2_26520=ECNIH2_26525=ECNIH2_26530=ECNIH2_26535=ECNIH2_26540	4413	NA	5	23.5	no	0	0	0	0	0	0	0	1
ECNIH2_26445=ECNIH2_26450=ECNIH2_26455=ECNIH2_26460=ECNIH2_26465	4399	NA	5	5.5	no	0	0	0	0	0	0	0	0
ECNIH2_25675=ECNIH2_25680=ECNIH2_25685=ECNIH2_25690=ECNIH2_25695	4364	NA	5	23.1	no	0	0	0	0	0	2	0	1
ECNIH2_25640=ECNIH2_25645=ECNIH2_25650=ECNIH2_25665=ECNIH2_25670	4352	NA	6	32.6	no	0	0	0	0	0	0	0	1
ECNIH2_26010=ECNIH2_26015=ECNIH2_26020=ECNIH2_26025=ECNIH2_26030	4342	NA	5	7.0	no	0	0	0	0	0	0	0	1
ECNIH2_26210=ECNIH2_26215=ECNIH2_26220=ECNIH2_26225=ECNIH2_26230	4324	NA	5	23.4	no	0	0	0	0	1	0	0	1
ECNIH2_26000=ECNIH2_26005=ECNIH2_26010=ECNIH2_26015=ECNIH2_26020	4321	NA	5	11.0	no	0	0	0	0	0	1	0	1
ECNIH2_25200=ECNIH2_25205=ECNIH2_25210=ECNIH2_25215=ECNIH2_25220	4292	NA	5	29.2	no	0	0	0	0	1	0	0	1
ECNIH2_26665=ECNIH2_25180=ECNIH2_25185=ECNIH2_25190=ECNIH2_25195	4275	NA	5	35.3	no	1	0	0	0	0	0	0	1
ECNIH2_25195=ECNIH2_25200=ECNIH2_25205=ECNIH2_25210=ECNIH2_25215	4230	NA	5	29.1	no	0	0	0	0	1	0	0	1
ECNIH2_25420=ECNIH2_25425=ECNIH2_25430=ECNIH2_25435=ECNIH2_25440	4228	NA	5	28.9	no	0	0	0	0	0	0	0	1
ECNIH2_25350=ECNIH2_25355=ECNIH2_25360=ECNIH2_25365=ECNIH2_25370	4224	NA	5	8.7	no	0	0	0	0	0	0	0	0
ECNIH2_25630=ECNIH2_25635=ECNIH2_25640=ECNIH2_25645=ECNIH2_25650	4191	NA	5	24.0	no	0	0	0	0	0	0	0	1
ECNIH2_25625=ECNIH2_25630=ECNIH2_25635=ECNIH2_25640=ECNIH2_25645	4182	NA	5	20.5	no	0	0	0	0	0	0	0	1
ECNIH2_25255=ECNIH2_25260=ECNIH2_25265=ECNIH2_25275=ECNIH2_25280	4160	NA	5	29.9	no	0	0	0	0	0	0	0	1
ECNIH2_26660=ECNIH2_26665=ECNIH2_25180=ECNIH2_25185=ECNIH2_25190	4127	NA	5	35.3	no	1	0	0	0	0	0	0	1
ECNIH2_25635=ECNIH2_25640=ECNIH2_25645=ECNIH2_25650=ECNIH2_25665	4125	NA	5	35.5	no	0	0	0	0	0	0	0	1
ECNIH2_25210=ECNIH2_25215=ECNIH2_25220=ECNIH2_25225=ECNIH2_25230	4123	NA	5	12.3	no	0	0	0	0	1	0	0	0
ECNIH2_25425=ECNIH2_25430=ECNIH2_25435=ECNIH2_25440=ECNIH2_25445	4116	NA	6	24.2	no	0	0	0	0	0	0	0	1
ECNIH2_25285=ECNIH2_25290=ECNIH2_25295=ECNIH2_25300=ECNIH2_25305	4106	NA	5	7.0	no	0	0	0	0	0	0	0	0
ECNIH2_25765=ECNIH2_25770=ECNIH2_25775=ECNIH2_25780=ECNIH2_25785	4105	NA	5	41.3	no	0	0	0	0	0	1	0	1
ECNIH2_25495=ECNIH2_25500=ECNIH2_25505=ECNIH2_25510=ECNIH2_25515	4097	NA	6	8.3	no	0	0	0	0	0	0	0	1
ECNIH2_25975=ECNIH2_25980=ECNIH2_25985=ECNIH2_25990=ECNIH2_25995	4079	NA	6	18.4	no	0	0	0	0	0	0	0	1
ECNIH2_26250=ECNIH2_26255=ECNIH2_26260=ECNIH2_26265=ECNIH2_26270	4065	NA	6	24.0	no	0	0	0	0	0	0	0	1
ECNIH2_25280=ECNIH2_25285=ECNIH2_25290=ECNIH2_25295=ECNIH2_25300	4041	NA	5	0.9	no	0	0	0	0	0	0	0	0
ECNIH2_26280=ECNIH2_26285=ECNIH2_26290=ECNIH2_26300=ECNIH2_26310	4031	NA	6	14.1	no	0	0	0	0	0	0	0	1
ECNIH2_26455=ECNIH2_26460=ECNIH2_26465=ECNIH2_26475=ECNIH2_26480	4012	NA	6	5.2	no	0	0	0	0	0	0	0	0
ECNIH2_25860=ECNIH2_25865=ECNIH2_25870=ECNIH2_25875=ECNIH2_25885	4006	NA	7	13.4	no	0	0	0	0	0	3	0	0
ECNIH2_25490=ECNIH2_25495=ECNIH2_25500=ECNIH2_25505=ECNIH2_25510	3996	NA	6	13.0	no	0	0	0	0	0	0	0	1
ECNIH2_26335=ECNIH2_26340=ECNIH2_26345=ECNIH2_26355=ECNIH2_26360	3985	NA	6	25.2	no	0	0	0	0	0	0	0	1
ECNIH2_26400=ECNIH2_26405=ECNIH2_26410=ECNIH2_26415=ECNIH2_26420	3981	NA	5	10.9	no	0	0	0	0	0	0	0	1
ECNIH2_26655=ECNIH2_26660=ECNIH2_26665=ECNIH2_25180=ECNIH2_25185	3964	NA	5	35.4	no	1	0	0	0	0	0	0	1
ECNIH2_26480=ECNIH2_26485=ECNIH2_26490=ECNIH2_26495=ECNIH2_26500	3950	NA	6	25.2	no	0	0	0	0	0	0	0	1
ECNIH2_25835=ECNIH2_25840=ECNIH2_25845=ECNIH2_25850=ECNIH2_25855	3949	NA	5	11.9	no	0	0	0	0	0	1	0	1
ECNIH2_26525=ECNIH2_26530=ECNIH2_26535=ECNIH2_26540=ECNIH2_26545	3933	NA	5	20.6	no	0	0	0	0	0	0	0	1
ECNIH2_25980=ECNIH2_25985=ECNIH2_25990=ECNIH2_25995=ECNIH2_26000	3915	NA	5	10.3	no	0	0	0	0	0	1	0	1
ECNIH2_25545=ECNIH2_25550=ECNIH2_25555=ECNIH2_25560=ECNIH2_25565	3907	NA	5	2.8	no	0	0	0	0	0	0	0	1
ECNIH2_25440=ECNIH2_25445=ECNIH2_25450=ECNIH2_25455=ECNIH2_25460	3897	NA	6	30.7	no	0	0	0	0	0	0	0	1
ECNIH2_25575=ECNIH2_25580=ECNIH2_25585=ECNIH2_25590=ECNIH2_25600	3894	NA	6	15.0	no	0	0	0	0	0	0	0	1
ECNIH2_25450=ECNIH2_25455=ECNIH2_25460=ECNIH2_25465=ECNIH2_25470	3892	NA	5	28.1	no	0	0	0	0	0	0	0	1
ECNIH2_25565=ECNIH2_25570=ECNIH2_25575=ECNIH2_25580=ECNIH2_25585	3871	NA	5	10.2	no	0	0	0	0	0	0	0	1
ECNIH2_25865=ECNIH2_25870=ECNIH2_25875=ECNIH2_25885=ECNIH2_25890	3859	NA	7	12.3	no	0	0	0	0	0	2	0	0
ECNIH2_25845=ECNIH2_25850=ECNIH2_25855=ECNIH2_25860=ECNIH2_25865	3830	NA	5	21.8	no	0	0	0	0	0	3	0	1
ECNIH2_25970=ECNIH2_25975=ECNIH2_25980=ECNIH2_25985=ECNIH2_25990	3828	NA	7	18.5	no	0	0	0	0	0	0	0	1
ECNIH2_25760=ECNIH2_25765=ECNIH2_25770=ECNIH2_25775=ECNIH2_25780	3826	NA	6	36.2	no	0	0	0	0	0	1	0	1
ECNIH2_25745=ECNIH2_25750=ECNIH2_25755=ECNIH2_25760=ECNIH2_25765	3823	NA	8	16.4	no	0	0	0	0	0	0	0	1
ECNIH2_26140=ECNIH2_26145=ECNIH2_26150=ECNIH2_26155=ECNIH2_26160	3778	NA	5	19.3	no	0	0	0	0	0	0	0	1
ECNIH2_25995=ECNIH2_26000=ECNIH2_26005=ECNIH2_26010=ECNIH2_26015	3772	NA	5	9.3	no	0	0	0	0	0	1	0	1
ECNIH2_26290=ECNIH2_26300=ECNIH2_26310=ECNIH2_26315=ECNIH2_26320	3754	NA	7	0.9	no	0	0	0	0	0	0	0	1
ECNIH2_25950=ECNIH2_25955=ECNIH2_25960=ECNIH2_25965=ECNIH2_25970	3750	NA	5	20.7	no	0	0	0	0	0	0	0	1
ECNIH2_25850=ECNIH2_25855=ECNIH2_25860=ECNIH2_25865=ECNIH2_25870	3745	NA	5	29.2	no	0	0	0	0	0	4	0	1
ECNIH2_26115=ECNIH2_26120=ECNIH2_26125=ECNIH2_26130=ECNIH2_26135	3741	NA	5	27.7	no	0	0	0	0	0	0	0	1
ECNIH2_26110=ECNIH2_26115=ECNIH2_26120=ECNIH2_26125=ECNIH2_26130	3733	NA	5	27.6	no	0	0	0	0	0	0	0	1
ECNIH2_26395=ECNIH2_26400=ECNIH2_26405=ECNIH2_26410=ECNIH2_26415	3698	NA	5	8.7	no	0	0	0	0	0	0	0	1
ECNIH2_26135=ECNIH2_26140=ECNIH2_26145=ECNIH2_26150=ECNIH2_26155	3679	NA	5	22.1	no	0	0	0	0	0	0	0	1
ECNIH2_26390=ECNIH2_26395=ECNIH2_26400=ECNIH2_26405=ECNIH2_26410	3679	NA	5	11.4	no	0	0	0	0	0	0	0	1
ECNIH2_25840=ECNIH2_25845=ECNIH2_25850=ECNIH2_25855=ECNIH2_25860	3674	NA	4	17.1	no	0	0	0	0	0	2	0	0
ECNIH2_25680=ECNIH2_25685=ECNIH2_25690=ECNIH2_25695=ECNIH2_25700	3665	NA	5	25.7	no	0	0	0	0	0	3	0	1
ECNIH2_25570=ECNIH2_25575=ECNIH2_25580=ECNIH2_25585=ECNIH2_25590	3657	NA	5	16.8	no	0	0	0	0	0	0	0	1
ECNIH2_26405=ECNIH2_26410=ECNIH2_26415=ECNIH2_26420=ECNIH2_26430	3652	NA	5	8.2	no	0	0	0	0	0	0	0	1
ECNIH2_26060=ECNIH2_26065=ECNIH2_26070=ECNIH2_26075=ECNIH2_26080	3640	NA	5	6.6	no	0	0	0	0	0	0	0	1
ECNIH2_25735=ECNIH2_25740=ECNIH2_25745=ECNIH2_25750=ECNIH2_25755	3638	NA	7	18.6	no	0	0	0	0	0	0	0	1
ECNIH2_26500=ECNIH2_26505=ECNIH2_26510=ECNIH2_26515=ECNIH2_26520	3632	NA	6	25.7	no	0	0	0	0	0	0	0	1
ECNIH2_25730=ECNIH2_25735=ECNIH2_25740=ECNIH2_25745=ECNIH2_25750	3608	NA	7	16.7	no	0	0	0	0	0	0	0	1
ECNIH2_26440=ECNIH2_26445=ECNIH2_26450=ECNIH2_26455=ECNIH2_26460	3607	NA	5	13.5	no	0	0	0	0	0	0	0	1
ECNIH2_25355=ECNIH2_25360=ECNIH2_25365=ECNIH2_25370=ECNIH2_25375	3598	NA	5	1.6	no	0	0	0	0	0	0	0	0
ECNIH2_26215=ECNIH2_26220=ECNIH2_26225=ECNIH2_26230=ECNIH2_26235	3578	NA	5	23.6	no	0	0	0	0	1	0	0	1
ECNIH2_26495=ECNIH2_26500=ECNIH2_26505=ECNIH2_26510=ECNIH2_26515	3571	NA	5	20.7	no	0	0	0	0	0	0	0	1
ECNIH2_26220=ECNIH2_26225=ECNIH2_26230=ECNIH2_26235=ECNIH2_26240	3561	NA	5	23.3	no	0	0	0	0	0	0	0	1
ECNIH2_26485=ECNIH2_26490=ECNIH2_26495=ECNIH2_26500=ECNIH2_26505	3551	NA	5	20.4	no	0	0	0	0	0	0	0	1
ECNIH2_25180=ECNIH2_25185=ECNIH2_25190=ECNIH2_25195=ECNIH2_25200	3546	NA	5	35.4	no	1	0	0	0	0	0	0	1
ECNIH2_25185=ECNIH2_25190=ECNIH2_25195=ECNIH2_25200=ECNIH2_25205	3516	NA	4	36.1	no	0	0	0	0	0	0	0	1
ECNIH2_25430=ECNIH2_25435=ECNIH2_25440=ECNIH2_25445=ECNIH2_25450	3469	NA	6	24.6	no	0	0	0	0	0	0	0	1
ECNIH2_26550=ECNIH2_26555=ECNIH2_26560=ECNIH2_26565=ECNIH2_26570	3442	NA	5	30.1	no	0	0	0	0	0	0	0	1
ECNIH2_26245=ECNIH2_26250=ECNIH2_26255=ECNIH2_26260=ECNIH2_26265	3409	NA	6	24.0	no	0	0	0	0	0	0	0	1
ECNIH2_25755=ECNIH2_25760=ECNIH2_25765=ECNIH2_25770=ECNIH2_25775	3405	NA	6	30.9	no	0	0	0	0	0	1	0	1
ECNIH2_26490=ECNIH2_26495=ECNIH2_26500=ECNIH2_26505=ECNIH2_26510	3405	NA	5	20.5	no	0	0	0	0	0	0	0	1
ECNIH2_26055=ECNIH2_26060=ECNIH2_26065=ECNIH2_26070=ECNIH2_26075	3400	NA	5	4.6	no	0	0	0	0	0	0	0	1
ECNIH2_25700=ECNIH2_25705=ECNIH2_25710=ECNIH2_25715=ECNIH2_25720	3361	NA	5	34.1	no	0	0	0	0	0	4	0	1
ECNIH2_26545=ECNIH2_26550=ECNIH2_26555=ECNIH2_26560=ECNIH2_26565	3346	NA	5	27.0	no	0	0	0	0	0	0	0	1
ECNIH2_25435=ECNIH2_25440=ECNIH2_25445=ECNIH2_25450=ECNIH2_25455	3302	NA	6	24.6	no	0	0	0	0	0	0	0	1
ECNIH2_25720=ECNIH2_25730=ECNIH2_25735=ECNIH2_25740=ECNIH2_25745	3289	NA	6	18.4	no	0	0	0	0	0	1	0	1
ECNIH2_25445=ECNIH2_25450=ECNIH2_25455=ECNIH2_25460=ECNIH2_25465	3248	NA	5	35.8	no	0	0	0	0	0	0	0	1
ECNIH2_26540=ECNIH2_26545=ECNIH2_26550=ECNIH2_26555=ECNIH2_26560	3239	NA	5	23.7	no	0	0	0	0	0	0	0	1
ECNIH2_26065=ECNIH2_26070=ECNIH2_26075=ECNIH2_26080=ECNIH2_26085	3237	NA	5	10.4	no	0	0	0	0	0	0	0	1
ECNIH2_26285=ECNIH2_26290=ECNIH2_26300=ECNIH2_26310=ECNIH2_26315	3230	NA	6	5.0	no	0	0	0	0	0	0	0	1
ECNIH2_25695=ECNIH2_25700=ECNIH2_25705=ECNIH2_25710=ECNIH2_25715	3217	NA	5	33.2	no	0	0	0	0	0	4	0	1
ECNIH2_25855=ECNIH2_25860=ECNIH2_25865=ECNIH2_25870=ECNIH2_25875	3214	NA	5	18.7	no	0	0	0	0	0	4	0	1
ECNIH2_26385=ECNIH2_26390=ECNIH2_26395=ECNIH2_26400=ECNIH2_26405	3212	NA	4	12.2	no	0	0	0	0	0	0	0	1
ECNIH2_26120=ECNIH2_26125=ECNIH2_26130=ECNIH2_26135=ECNIH2_26140	3210	NA	5	27.8	no	0	0	0	0	0	0	0	1
ECNIH2_26225=ECNIH2_26230=ECNIH2_26235=ECNIH2_26240=ECNIH2_26245	3179	NA	5	23.3	no	0	0	0	0	0	0	0	1
ECNIH2_25190=ECNIH2_25195=ECNIH2_25200=ECNIH2_25205=ECNIH2_25210	3127	NA	4	36.1	no	0	0	0	0	0	0	0	1
ECNIH2_25690=ECNIH2_25695=ECNIH2_25700=ECNIH2_25705=ECNIH2_25710	3069	NA	5	32.5	no	0	0	0	0	0	5	0	1
ECNIH2_26080=ECNIH2_26085=ECNIH2_26090=ECNIH2_26095=ECNIH2_26100	3051	NA	5	14.0	no	0	0	0	0	0	0	0	1
ECNIH2_25685=ECNIH2_25690=ECNIH2_25695=ECNIH2_25700=ECNIH2_25705	3044	NA	5	28.7	no	0	0	0	0	0	4	0	1
ECNIH2_26085=ECNIH2_26090=ECNIH2_26095=ECNIH2_26100=ECNIH2_26105	3023	NA	7	0.3	no	0	0	0	0	0	0	0	1
ECNIH2_26235=ECNIH2_26240=ECNIH2_26245=ECNIH2_26250=ECNIH2_26255	3009	NA	5	29.1	no	0	0	0	0	0	0	0	1
ECNIH2_26125=ECNIH2_26130=ECNIH2_26135=ECNIH2_26140=ECNIH2_26145	2981	NA	5	27.7	no	0	0	0	0	0	0	0	1
ECNIH2_26130=ECNIH2_26135=ECNIH2_26140=ECNIH2_26145=ECNIH2_26150	2950	NA	5	24.9	no	0	0	0	0	0	0	0	1
ECNIH2_26435=ECNIH2_26440=ECNIH2_26445=ECNIH2_26450=ECNIH2_26455	2950	NA	5	19.6	no	0	0	0	0	0	0	0	1
ECNIH2_26230=ECNIH2_26235=ECNIH2_26240=ECNIH2_26245=ECNIH2_26250	2923	NA	5	29.1	no	0	0	0	0	0	0	0	1
ECNIH2_26430=ECNIH2_26435=ECNIH2_26440=ECNIH2_26445=ECNIH2_26450	2890	NA	4	25.5	no	0	0	0	0	0	0	0	1
ECNIH2_26410=ECNIH2_26415=ECNIH2_26420=ECNIH2_26430=ECNIH2_26435	2885	NA	5	17.8	no	0	0	0	0	0	0	0	1
ECNIH2_25740=ECNIH2_25745=ECNIH2_25750=ECNIH2_25755=ECNIH2_25760	2875	NA	6	11.3	no	0	0	0	0	0	0	0	1
ECNIH2_25715=ECNIH2_25720=ECNIH2_25730=ECNIH2_25735=ECNIH2_25740	2853	NA	6	19.9	no	0	0	0	0	0	1	0	1
ECNIH2_25960=ECNIH2_25965=ECNIH2_25970=ECNIH2_25975=ECNIH2_25980	2774	NA	7	19.4	no	0	0	0	0	0	0	0	1
ECNIH2_26240=ECNIH2_26245=ECNIH2_26250=ECNIH2_26255=ECNIH2_26260	2709	NA	5	26.0	no	0	0	0	0	0	0	0	1
ECNIH2_25955=ECNIH2_25960=ECNIH2_25965=ECNIH2_25970=ECNIH2_25975	2700	NA	6	19.4	no	0	0	0	0	0	0	0	1
ECNIH2_25750=ECNIH2_25755=ECNIH2_25760=ECNIH2_25765=ECNIH2_25770	2689	NA	7	12.2	no	0	0	0	0	0	0	0	1
ECNIH2_26380=ECNIH2_26385=ECNIH2_26390=ECNIH2_26395=ECNIH2_26400	2623	NA	4	18.0	no	0	0	0	0	0	0	0	1
ECNIH2_26535=ECNIH2_26540=ECNIH2_26545=ECNIH2_26550=ECNIH2_26555	2572	NA	5	20.5	no	0	0	0	0	0	0	0	1
ECNIH2_26340=ECNIH2_26345=ECNIH2_26355=ECNIH2_26360=ECNIH2_26365	2478	NA	6	28.6	no	0	0	0	0	0	0	0	1
ECNIH2_26370=ECNIH2_26375=ECNIH2_26380=ECNIH2_26385=ECNIH2_26390	2401	NA	4	26.7	no	0	0	0	0	0	0	0	1
ECNIH2_26355=ECNIH2_26360=ECNIH2_26365=ECNIH2_26370=ECNIH2_26375	2301	NA	5	31.1	no	0	0	0	0	0	0	0	1
ECNIH2_25710=ECNIH2_25715=ECNIH2_25720=ECNIH2_25730=ECNIH2_25735	2287	NA	6	24.0	no	0	0	0	0	0	2	0	1
ECNIH2_26365=ECNIH2_26370=ECNIH2_26375=ECNIH2_26380=ECNIH2_26385	2263	NA	4	31.0	no	0	0	0	0	0	0	0	1
ECNIH2_26075=ECNIH2_26080=ECNIH2_26085=ECNIH2_26090=ECNIH2_26095	2255	NA	5	14.5	no	0	0	0	0	0	0	0	1
ECNIH2_25965=ECNIH2_25970=ECNIH2_25975=ECNIH2_25980=ECNIH2_25985	2246	NA	7	19.5	no	0	0	0	0	0	0	0	1
ECNIH2_26070=ECNIH2_26075=ECNIH2_26080=ECNIH2_26085=ECNIH2_26090	2227	NA	5	17.4	no	0	0	0	0	0	0	0	1
ECNIH2_26415=ECNIH2_26420=ECNIH2_26430=ECNIH2_26435=ECNIH2_26440	2177	NA	5	22.2	no	0	0	0	0	0	0	0	1
ECNIH2_26420=ECNIH2_26430=ECNIH2_26435=ECNIH2_26440=ECNIH2_26445	2115	NA	5	28.3	no	0	0	0	0	0	0	0	1
ECNIH2_26360=ECNIH2_26365=ECNIH2_26370=ECNIH2_26375=ECNIH2_26380	2083	NA	5	31.1	no	0	0	0	0	0	0	0	1
ECNIH2_25705=ECNIH2_25710=ECNIH2_25715=ECNIH2_25720=ECNIH2_25730	2062	NA	5	29.2	no	0	0	0	0	0	3	0	1
ECNIH2_26375=ECNIH2_26380=ECNIH2_26385=ECNIH2_26390=ECNIH2_26395	2051	NA	4	22.4	no	0	0	0	0	0	0	0	1
ECNIH2_26345=ECNIH2_26355=ECNIH2_26360=ECNIH2_26365=ECNIH2_26370	1914	NA	6	28.6	no	0	0	0	0	0	0	0	1
ECNIH2_26530=ECNIH2_26535=ECNIH2_26540=ECNIH2_26545=ECNIH2_26550	1769	NA	5	17.7	no	0	0	0	0	0	0	0	1
