ID	Length	Coverage	# ORFs	RDS	Circular	Inc Type(s)	# Replication	# Mobilization	# OriT	# Conjugation	# AMRs	# rRNAs	# Plasmid Hits
ECNIH3_22180=ECNIH3_22185=ECNIH3_22190=ECNIH3_22195=ECNIH3_22200	7042	NA	7	5.1	no	0	1	0	0	0	0	0	1
ECNIH3_22065=ECNIH3_22070=ECNIH3_22085=ECNIH3_22090=ECNIH3_22095	6722	NA	7	0.1	no	0	0	0	0	0	0	0	1
ECNIH3_22060=ECNIH3_22065=ECNIH3_22070=ECNIH3_22085=ECNIH3_22090	6646	NA	7	0.1	no	0	0	0	0	0	0	0	1
ECNIH3_22175=ECNIH3_22180=ECNIH3_22185=ECNIH3_22190=ECNIH3_22195	6402	NA	7	4.9	no	1	1	0	0	0	0	0	1
ECNIH3_22195=ECNIH3_22200=ECNIH3_22205=ECNIH3_22210=ECNIH3_22215	5966	NA	5	1.1	no	0	0	0	0	0	0	0	1
ECNIH3_22105=ECNIH3_22115=ECNIH3_22120=ECNIH3_22125=ECNIH3_22130	5919	NA	6	5.3	no	0	0	0	0	0	0	0	1
ECNIH3_22055=ECNIH3_22060=ECNIH3_22065=ECNIH3_22070=ECNIH3_22085	5878	NA	7	0.1	no	0	0	0	0	0	0	0	1
ECNIH3_22120=ECNIH3_22125=ECNIH3_22130=ECNIH3_22135=ECNIH3_22140	5809	NA	5	5.7	no	0	0	0	0	0	0	0	1
ECNIH3_22070=ECNIH3_22085=ECNIH3_22090=ECNIH3_22095=ECNIH3_22100	5534	NA	7	0.8	no	0	0	0	0	0	0	0	1
ECNIH3_22275=ECNIH3_22280=ECNIH3_22285=ECNIH3_22290=ECNIH3_22295	5402	NA	5	52.6	no	1	1	0	0	0	0	0	1
ECNIH3_22115=ECNIH3_22120=ECNIH3_22125=ECNIH3_22130=ECNIH3_22135	5333	NA	5	6.6	no	0	0	0	0	0	0	0	1
ECNIH3_22205=ECNIH3_22210=ECNIH3_22215=ECNIH3_22220=ECNIH3_22225	5274	NA	5	1.1	no	0	0	0	0	0	0	0	1
ECNIH3_22085=ECNIH3_22090=ECNIH3_22095=ECNIH3_22100=ECNIH3_22105	5128	NA	5	2.0	no	0	0	0	0	0	0	0	1
ECNIH3_22095=ECNIH3_22100=ECNIH3_22105=ECNIH3_22115=ECNIH3_22120	5122	NA	6	3.6	no	0	0	0	0	0	0	0	1
ECNIH3_22265=ECNIH3_22275=ECNIH3_22280=ECNIH3_22285=ECNIH3_22290	5113	NA	6	40.0	no	1	1	0	0	0	0	0	1
ECNIH3_22100=ECNIH3_22105=ECNIH3_22115=ECNIH3_22120=ECNIH3_22125	5108	NA	6	4.8	no	0	0	0	0	0	0	0	1
ECNIH3_21995=ECNIH3_22000=ECNIH3_22005=ECNIH3_22010=ECNIH3_22015	5032	NA	5	2.9	no	0	0	0	0	0	0	0	1
ECNIH3_22285=ECNIH3_22290=ECNIH3_22295=ECNIH3_22300=ECNIH3_22305	5023	NA	5	73.6	no	0	0	0	0	0	0	0	1
ECNIH3_22125=ECNIH3_22130=ECNIH3_22135=ECNIH3_22140=ECNIH3_22145	5019	NA	5	4.7	no	0	0	0	0	0	1	0	1
ECNIH3_22090=ECNIH3_22095=ECNIH3_22100=ECNIH3_22105=ECNIH3_22115	5006	NA	6	2.6	no	0	0	0	0	0	0	0	1
ECNIH3_22260=ECNIH3_22265=ECNIH3_22275=ECNIH3_22280=ECNIH3_22285	4973	NA	6	36.4	no	1	1	0	0	0	0	0	1
ECNIH3_22130=ECNIH3_22135=ECNIH3_22140=ECNIH3_22145=ECNIH3_22150	4953	NA	5	3.3	no	0	0	0	0	0	1	0	1
ECNIH3_22165=ECNIH3_22170=ECNIH3_22175=ECNIH3_22180=ECNIH3_22185	4952	NA	6	10.6	no	1	1	0	0	0	0	0	1
ECNIH3_22170=ECNIH3_22175=ECNIH3_22180=ECNIH3_22185=ECNIH3_22190	4885	NA	6	15.4	no	1	1	0	0	0	0	0	1
ECNIH3_22200=ECNIH3_22205=ECNIH3_22210=ECNIH3_22215=ECNIH3_22220	4849	NA	5	1.1	no	0	0	0	0	0	0	0	1
ECNIH3_22210=ECNIH3_22215=ECNIH3_22220=ECNIH3_22225=ECNIH3_22230	4840	NA	5	1.1	no	0	0	0	0	0	0	0	1
ECNIH3_22215=ECNIH3_22220=ECNIH3_22225=ECNIH3_22230=ECNIH3_22235	4663	NA	5	1.1	no	0	0	0	0	0	0	0	1
ECNIH3_22280=ECNIH3_22285=ECNIH3_22290=ECNIH3_22295=ECNIH3_22300	4649	NA	5	73.5	no	0	0	0	0	0	0	0	1
ECNIH3_22295=ECNIH3_22300=ECNIH3_22305=ECNIH3_22310=ECNIH3_21975	4496	NA	6	35.6	no	0	0	0	0	0	0	0	1
ECNIH3_22290=ECNIH3_22295=ECNIH3_22300=ECNIH3_22305=ECNIH3_22310	4468	NA	5	51.1	no	0	0	0	0	0	0	0	1
ECNIH3_22255=ECNIH3_22260=ECNIH3_22265=ECNIH3_22275=ECNIH3_22280	4092	NA	6	24.5	no	1	1	0	0	0	0	0	1
ECNIH3_22250=ECNIH3_22255=ECNIH3_22260=ECNIH3_22265=ECNIH3_22275	3867	NA	6	35.1	no	1	1	0	0	0	0	0	1
ECNIH3_22245=ECNIH3_22250=ECNIH3_22255=ECNIH3_22260=ECNIH3_22265	3701	NA	5	30.0	no	0	0	0	0	0	0	0	1
ECNIH3_22300=ECNIH3_22305=ECNIH3_22310=ECNIH3_21975=ECNIH3_21980	3623	NA	6	24.5	no	0	0	0	0	0	0	0	0
ECNIH3_22140=ECNIH3_22145=ECNIH3_22150=ECNIH3_22155=ECNIH3_22160	3537	NA	4	0.5	no	0	0	0	0	0	1	0	1
ECNIH3_22160=ECNIH3_22165=ECNIH3_22170=ECNIH3_22175=ECNIH3_22180	3507	NA	4	13.0	no	1	1	0	0	0	0	0	1
ECNIH3_22135=ECNIH3_22140=ECNIH3_22145=ECNIH3_22150=ECNIH3_22155	3320	NA	5	1.7	no	0	0	0	0	0	1	0	1
ECNIH3_22305=ECNIH3_22310=ECNIH3_21975=ECNIH3_21980=ECNIH3_21985	3129	NA	6	6.8	no	0	0	0	0	0	0	0	0
ECNIH3_22310=ECNIH3_21975=ECNIH3_21980=ECNIH3_21985=ECNIH3_21990	3114	NA	7	6.0	no	0	0	0	0	0	0	0	0
ECNIH3_21990=ECNIH3_21995=ECNIH3_22000=ECNIH3_22005=ECNIH3_22010	2611	NA	5	3.0	no	0	0	0	0	0	0	0	1
ECNIH3_21985=ECNIH3_21990=ECNIH3_21995=ECNIH3_22000=ECNIH3_22005	2354	NA	6	2.4	no	0	0	0	0	0	0	0	1
ECNIH3_21980=ECNIH3_21985=ECNIH3_21990=ECNIH3_21995=ECNIH3_22000	2194	NA	6	5.0	no	0	0	0	0	0	0	0	1
ECNIH3_21975=ECNIH3_21980=ECNIH3_21985=ECNIH3_21990=ECNIH3_21995	2113	NA	6	7.7	no	0	0	0	0	0	0	0	1
