ID	Length	Coverage	# ORFs	RDS	Circular	Inc Type(s)	# Replication	# Mobilization	# OriT	# Conjugation	# AMRs	# rRNAs	# Plasmid Hits
PMK1_ndm00178=PMK1_ndm00179=PMK1_ndm00180=PMK1_ndm00181=PMK1_ndm00182	10481	NA	5	15.8	no	0	0	0	0	1	0	0	1
PMK1_ndm00141=PMK1_ndm00142=PMK1_ndm00143=PMK1_ndm00144=PMK1_ndm00145	10470	NA	5	14.9	no	0	0	0	0	0	0	0	1
PMK1_ndm00139=PMK1_ndm00141=PMK1_ndm00142=PMK1_ndm00143=PMK1_ndm00144	10047	NA	6	12.9	no	0	0	0	0	0	0	0	1
PMK1_ndm00107=PMK1_ndm00108=PMK1_ndm00109=PMK1_ndm00110=PMK1_ndm00111	9472	NA	7	9.4	no	1	0	0	0	0	0	0	1
PMK1_ndm00316=PMK1_ndm00317=PMK1_ndm00318=PMK1_ndm00319=PMK1_ndm00320	9090	NA	5	8.1	no	0	0	0	0	0	0	0	1
PMK1_ndm00138=PMK1_ndm00139=PMK1_ndm00141=PMK1_ndm00142=PMK1_ndm00143	8865	NA	6	12.8	no	0	0	0	0	0	0	0	1
PMK1_ndm00142=PMK1_ndm00143=PMK1_ndm00144=PMK1_ndm00145=PMK1_ndm00146	8736	NA	5	11.9	no	0	0	0	0	0	0	0	1
PMK1_ndm00213=PMK1_ndm00214=PMK1_ndm00215=PMK1_ndm00216=PMK1_ndm00217	8323	NA	5	34.1	no	1	0	0	0	0	0	0	1
PMK1_ndm00108=PMK1_ndm00109=PMK1_ndm00110=PMK1_ndm00111=PMK1_ndm00112	8298	NA	5	13.9	no	1	0	0	0	0	0	0	1
PMK1_ndm00328=PMK1_ndm00329=PMK1_ndm00330=PMK1_ndm00331=PMK1_ndm00332	7997	NA	5	15.6	no	0	0	1	0	2	0	0	1
PMK1_ndm00177=PMK1_ndm00178=PMK1_ndm00179=PMK1_ndm00180=PMK1_ndm00181	7950	NA	5	21.2	no	0	0	0	0	0	0	0	1
PMK1_ndm00320=PMK1_ndm00321=PMK1_ndm00322=PMK1_ndm00323=PMK1_ndm00324	7856	NA	5	14.5	no	0	0	0	0	1	0	0	1
PMK1_ndm00180=PMK1_ndm00181=PMK1_ndm00182=PMK1_ndm00183=PMK1_ndm00184	7775	NA	5	10.6	no	0	0	0	0	1	0	0	1
PMK1_ndm00215=PMK1_ndm00216=PMK1_ndm00217=PMK1_ndm00218=PMK1_ndm00219	7751	NA	5	48.5	no	1	0	0	0	0	0	0	1
PMK1_ndm00325=PMK1_ndm00326=PMK1_ndm00327=PMK1_ndm00328=PMK1_ndm00329	7684	NA	6	13.7	no	0	0	1	0	1	0	0	1
PMK1_ndm00319=PMK1_ndm00320=PMK1_ndm00321=PMK1_ndm00322=PMK1_ndm00323	7671	NA	5	13.3	no	0	0	0	0	1	0	0	1
PMK1_ndm00327=PMK1_ndm00328=PMK1_ndm00329=PMK1_ndm00330=PMK1_ndm00331	7654	NA	5	17.1	no	0	0	1	0	2	0	0	1
PMK1_ndm00326=PMK1_ndm00327=PMK1_ndm00328=PMK1_ndm00329=PMK1_ndm00330	7530	NA	5	13.4	no	0	0	1	0	1	0	0	1
PMK1_ndm00314=PMK1_ndm00315=PMK1_ndm00316=PMK1_ndm00317=PMK1_ndm00318	7329	NA	5	1.1	no	0	0	0	0	0	0	0	1
PMK1_ndm00176=PMK1_ndm00177=PMK1_ndm00178=PMK1_ndm00179=PMK1_ndm00180	7308	NA	5	20.0	no	0	0	0	0	0	0	0	1
PMK1_ndm00214=PMK1_ndm00215=PMK1_ndm00216=PMK1_ndm00217=PMK1_ndm00218	7287	NA	5	31.0	no	1	0	0	0	0	0	0	1
PMK1_ndm00109=PMK1_ndm00110=PMK1_ndm00111=PMK1_ndm00112=PMK1_ndm00113	7268	NA	5	13.7	no	0	0	0	0	0	0	0	1
PMK1_ndm00174=PMK1_ndm00175=PMK1_ndm00176=PMK1_ndm00177=PMK1_ndm00178	7218	NA	5	20.0	no	0	0	0	0	0	0	0	1
PMK1_ndm00318=PMK1_ndm00319=PMK1_ndm00320=PMK1_ndm00321=PMK1_ndm00322	7068	NA	4	13.4	no	0	0	0	0	1	0	0	1
PMK1_ndm00179=PMK1_ndm00180=PMK1_ndm00181=PMK1_ndm00182=PMK1_ndm00183	6999	NA	5	13.3	no	0	0	0	0	1	0	0	1
PMK1_ndm00317=PMK1_ndm00318=PMK1_ndm00319=PMK1_ndm00320=PMK1_ndm00321	6981	NA	5	9.1	no	0	0	0	0	0	0	0	1
PMK1_ndm00182=PMK1_ndm00183=PMK1_ndm00184=PMK1_ndm00185=PMK1_ndm00186	6970	NA	5	5.8	no	0	0	0	0	1	0	0	1
PMK1_ndm00143=PMK1_ndm00144=PMK1_ndm00145=PMK1_ndm00146=PMK1_ndm00147	6913	NA	5	9.3	no	0	0	0	0	0	0	0	1
PMK1_ndm00181=PMK1_ndm00182=PMK1_ndm00183=PMK1_ndm00184=PMK1_ndm00185	6785	NA	5	8.7	no	0	0	0	0	1	0	0	1
PMK1_ndm00217=PMK1_ndm00218=PMK1_ndm00219=PMK1_ndm00220=PMK1_ndm00221	6709	NA	5	37.4	no	0	0	0	0	0	2	0	1
PMK1_ndm00137=PMK1_ndm00138=PMK1_ndm00139=PMK1_ndm00141=PMK1_ndm00142	6682	NA	6	10.6	no	0	0	0	0	0	0	0	1
PMK1_ndm00110=PMK1_ndm00111=PMK1_ndm00112=PMK1_ndm00113=PMK1_ndm00114	6676	NA	5	13.7	no	0	0	0	0	0	0	0	1
PMK1_ndm00111=PMK1_ndm00112=PMK1_ndm00113=PMK1_ndm00114=PMK1_ndm00115	6660	NA	5	13.8	no	0	0	0	0	0	0	0	1
PMK1_ndm00216=PMK1_ndm00217=PMK1_ndm00218=PMK1_ndm00219=PMK1_ndm00220	6593	NA	5	53.0	no	0	0	0	0	0	1	0	1
PMK1_ndm00175=PMK1_ndm00176=PMK1_ndm00177=PMK1_ndm00178=PMK1_ndm00179	6393	NA	5	20.4	no	0	0	0	0	0	0	0	1
PMK1_ndm00106=PMK1_ndm00107=PMK1_ndm00108=PMK1_ndm00109=PMK1_ndm00110	6366	NA	7	8.9	no	1	0	0	0	0	0	0	1
PMK1_ndm00091=PMK1_ndm00092=PMK1_ndm00093=PMK1_ndm00094=PMK1_ndm00095	6341	NA	5	15.0	no	0	0	0	0	0	1	0	1
PMK1_ndm00070=PMK1_ndm00071=PMK1_ndm00072=PMK1_ndm00073=PMK1_ndm00074	6325	NA	5	19.6	no	0	0	0	0	0	0	0	1
PMK1_ndm00079=PMK1_ndm00080=PMK1_ndm00081=PMK1_ndm00082=PMK1_ndm00083	6325	NA	5	19.6	no	0	0	0	0	0	0	0	1
PMK1_ndm00088=PMK1_ndm00089=PMK1_ndm00090=PMK1_ndm00091=PMK1_ndm00092	6325	NA	5	19.6	no	0	0	0	0	0	0	0	1
PMK1_ndm00324=PMK1_ndm00325=PMK1_ndm00326=PMK1_ndm00327=PMK1_ndm00328	6285	NA	6	13.1	no	0	0	1	0	0	0	0	1
PMK1_ndm00105=PMK1_ndm00106=PMK1_ndm00107=PMK1_ndm00108=PMK1_ndm00109	6255	NA	7	8.9	no	1	0	0	0	0	0	0	1
PMK1_ndm00166=PMK1_ndm00167=PMK1_ndm00168=PMK1_ndm00169=PMK1_ndm00170	6201	NA	5	15.2	no	0	0	0	0	2	0	0	1
PMK1_ndm00240=PMK1_ndm00241=PMK1_ndm00242=PMK1_ndm00243=PMK1_ndm00244	6119	NA	5	19.6	no	0	0	0	0	0	1	0	1
PMK1_ndm00073=PMK1_ndm00074=PMK1_ndm00075=PMK1_ndm00076=PMK1_ndm00077	6093	NA	5	20.6	no	0	0	0	0	0	1	0	1
PMK1_ndm00082=PMK1_ndm00083=PMK1_ndm00084=PMK1_ndm00085=PMK1_ndm00086	6093	NA	5	20.6	no	0	0	0	0	0	1	0	1
PMK1_ndm00072=PMK1_ndm00073=PMK1_ndm00074=PMK1_ndm00075=PMK1_ndm00076	6007	NA	5	20.7	no	0	0	0	0	0	1	0	1
PMK1_ndm00081=PMK1_ndm00082=PMK1_ndm00083=PMK1_ndm00084=PMK1_ndm00085	6007	NA	5	20.7	no	0	0	0	0	0	1	0	1
PMK1_ndm00195=PMK1_ndm00196=PMK1_ndm00197=PMK1_ndm00198=PMK1_ndm00199	5982	NA	5	15.4	no	0	0	0	0	0	0	0	1
PMK1_ndm00090=PMK1_ndm00091=PMK1_ndm00092=PMK1_ndm00093=PMK1_ndm00094	5981	NA	5	16.6	no	0	0	0	0	0	1	0	1
PMK1_ndm00092=PMK1_ndm00093=PMK1_ndm00094=PMK1_ndm00095=PMK1_ndm00096	5930	NA	5	14.3	no	0	0	0	0	0	1	0	1
PMK1_ndm00315=PMK1_ndm00316=PMK1_ndm00317=PMK1_ndm00318=PMK1_ndm00319	5926	NA	5	10.2	no	0	0	0	0	0	0	0	1
PMK1_ndm00049=PMK1_ndm00050=PMK1_ndm00052=PMK1_ndm00053=PMK1_ndm00054	5866	NA	5	12.7	no	0	0	0	0	0	1	0	1
PMK1_ndm00329=PMK1_ndm00330=PMK1_ndm00331=PMK1_ndm00332=PMK1_ndm00333	5835	NA	5	16.7	no	0	0	0	0	2	0	0	1
PMK1_ndm00050=PMK1_ndm00052=PMK1_ndm00053=PMK1_ndm00054=PMK1_ndm00055	5799	NA	5	10.4	no	0	0	0	0	0	1	0	1
PMK1_ndm00229=PMK1_ndm00230=PMK1_ndm00231=PMK1_ndm00232=PMK1_ndm00233	5725	NA	5	3.6	no	0	1	0	0	0	2	0	1
PMK1_ndm00211=PMK1_ndm00212=PMK1_ndm00213=PMK1_ndm00214=PMK1_ndm00215	5692	NA	5	-7.3	no	1	0	0	0	0	0	0	1
PMK1_ndm00089=PMK1_ndm00090=PMK1_ndm00091=PMK1_ndm00092=PMK1_ndm00093	5670	NA	5	14.1	no	0	0	0	0	0	0	0	1
PMK1_ndm00015=PMK1_ndm00016=PMK1_ndm00018=PMK1_ndm00019=PMK1_ndm00020	5663	NA	5	5.0	no	0	0	0	0	0	0	0	1
PMK1_ndm00231=PMK1_ndm00232=PMK1_ndm00233=PMK1_ndm00234=PMK1_ndm00235	5635	NA	5	10.2	no	0	1	0	0	0	1	0	1
PMK1_ndm00223=PMK1_ndm00224=PMK1_ndm00225=PMK1_ndm00227=PMK1_ndm00228	5625	NA	5	11.7	no	0	0	0	0	0	2	0	1
PMK1_ndm00224=PMK1_ndm00225=PMK1_ndm00227=PMK1_ndm00228=PMK1_ndm00229	5614	NA	6	2.8	no	0	0	0	0	0	1	0	1
PMK1_ndm00212=PMK1_ndm00213=PMK1_ndm00214=PMK1_ndm00215=PMK1_ndm00216	5612	NA	4	32.0	no	1	0	0	0	0	0	0	1
PMK1_ndm00241=PMK1_ndm00242=PMK1_ndm00243=PMK1_ndm00244=PMK1_ndm00245	5597	NA	5	24.1	no	0	0	0	0	0	0	0	1
PMK1_ndm00193=PMK1_ndm00194=PMK1_ndm00195=PMK1_ndm00196=PMK1_ndm00197	5589	NA	5	15.5	no	0	0	0	0	0	0	0	1
PMK1_ndm00191=PMK1_ndm00192=PMK1_ndm00193=PMK1_ndm00194=PMK1_ndm00195	5581	NA	5	16.0	no	0	0	0	0	0	0	0	1
PMK1_ndm00290=PMK1_ndm00291=PMK1_ndm00292=PMK1_ndm00293=PMK1_ndm00294	5526	NA	5	11.6	no	0	0	0	0	0	0	0	1
PMK1_ndm00071=PMK1_ndm00072=PMK1_ndm00073=PMK1_ndm00074=PMK1_ndm00075	5521	NA	5	14.3	no	0	0	0	0	0	0	0	1
PMK1_ndm00080=PMK1_ndm00081=PMK1_ndm00082=PMK1_ndm00083=PMK1_ndm00084	5521	NA	5	14.3	no	0	0	0	0	0	0	0	1
PMK1_ndm00233=PMK1_ndm00234=PMK1_ndm00235=PMK1_ndm00236=PMK1_ndm00237	5495	NA	5	29.5	no	0	1	0	0	0	1	0	1
PMK1_ndm00194=PMK1_ndm00195=PMK1_ndm00196=PMK1_ndm00197=PMK1_ndm00198	5476	NA	5	14.5	no	0	0	0	0	0	0	0	1
PMK1_ndm00267=PMK1_ndm00268=PMK1_ndm00269=PMK1_ndm00270=PMK1_ndm00271	5464	NA	5	32.3	no	0	0	0	0	0	0	0	1
PMK1_ndm00291=PMK1_ndm00292=PMK1_ndm00293=PMK1_ndm00294=PMK1_ndm00295	5464	NA	5	11.7	no	0	0	0	0	0	0	0	1
PMK1_ndm00196=PMK1_ndm00197=PMK1_ndm00198=PMK1_ndm00199=PMK1_ndm00200	5442	NA	5	14.2	no	0	0	0	0	0	0	0	1
PMK1_ndm00264=PMK1_ndm00265=PMK1_ndm00266=PMK1_ndm00267=PMK1_ndm00268	5416	NA	5	4.3	no	0	0	0	0	0	0	0	1
PMK1_ndm00234=PMK1_ndm00235=PMK1_ndm00236=PMK1_ndm00237=PMK1_ndm00238	5405	NA	5	26.9	no	0	0	0	0	0	1	0	1
PMK1_ndm00016=PMK1_ndm00018=PMK1_ndm00019=PMK1_ndm00020=PMK1_ndm00021	5347	NA	5	4.7	no	0	0	0	0	0	0	0	1
PMK1_ndm00188=PMK1_ndm00189=PMK1_ndm00190=PMK1_ndm00191=PMK1_ndm00192	5313	NA	5	10.8	no	0	0	0	0	0	0	0	1
PMK1_ndm00289=PMK1_ndm00290=PMK1_ndm00291=PMK1_ndm00292=PMK1_ndm00293	5304	NA	5	11.8	no	0	0	0	0	0	0	0	1
PMK1_ndm00222=PMK1_ndm00223=PMK1_ndm00224=PMK1_ndm00225=PMK1_ndm00227	5299	NA	6	16.5	no	0	0	0	0	0	3	0	1
PMK1_ndm00168=PMK1_ndm00169=PMK1_ndm00170=PMK1_ndm00171=PMK1_ndm00172	5282	NA	5	14.4	no	0	0	0	0	1	0	0	1
PMK1_ndm00154=PMK1_ndm00155=PMK1_ndm00157=PMK1_ndm00158=PMK1_ndm00159	5277	NA	6	10.4	no	0	0	0	0	0	0	0	1
PMK1_ndm00292=PMK1_ndm00293=PMK1_ndm00294=PMK1_ndm00295=PMK1_ndm00296	5275	NA	5	14.2	no	0	0	0	0	0	0	0	1
PMK1_ndm00065=PMK1_ndm00066=PMK1_ndm00067=PMK1_ndm00068=PMK1_ndm00069	5271	NA	5	24.7	no	0	0	0	0	0	1	0	1
PMK1_ndm00074=PMK1_ndm00075=PMK1_ndm00076=PMK1_ndm00077=PMK1_ndm00078	5271	NA	5	24.7	no	0	0	0	0	0	1	0	1
PMK1_ndm00083=PMK1_ndm00084=PMK1_ndm00085=PMK1_ndm00086=PMK1_ndm00087	5271	NA	5	24.7	no	0	0	0	0	0	1	0	1
PMK1_ndm00167=PMK1_ndm00168=PMK1_ndm00169=PMK1_ndm00170=PMK1_ndm00171	5271	NA	5	14.5	no	0	0	0	0	1	0	0	1
PMK1_ndm00266=PMK1_ndm00267=PMK1_ndm00268=PMK1_ndm00269=PMK1_ndm00270	5255	NA	5	24.6	no	0	0	0	0	0	0	0	1
PMK1_ndm00337=PMK1_ndm00338=PMK1_ndm00002=PMK1_ndm00003=PMK1_ndm00004	5252	NA	6	15.0	no	0	0	0	0	0	0	0	1
PMK1_ndm00242=PMK1_ndm00243=PMK1_ndm00244=PMK1_ndm00245=PMK1_ndm00246	5211	NA	5	28.1	no	0	0	0	0	0	1	0	1
PMK1_ndm00274=PMK1_ndm00275=PMK1_ndm00276=PMK1_ndm00277=PMK1_ndm00278	5180	NA	5	33.8	no	0	0	0	0	0	0	0	1
PMK1_ndm00221=PMK1_ndm00222=PMK1_ndm00223=PMK1_ndm00224=PMK1_ndm00225	5143	NA	5	22.8	no	0	0	0	0	0	3	0	1
PMK1_ndm00228=PMK1_ndm00229=PMK1_ndm00230=PMK1_ndm00231=PMK1_ndm00232	5134	NA	5	1.2	no	0	0	0	0	0	2	0	1
PMK1_ndm00170=PMK1_ndm00171=PMK1_ndm00172=PMK1_ndm00173=PMK1_ndm00174	5129	NA	5	13.3	no	0	0	0	0	0	0	0	1
PMK1_ndm00063=PMK1_ndm00064=PMK1_ndm00065=PMK1_ndm00066=PMK1_ndm00067	5126	NA	5	17.2	no	0	0	0	0	0	1	0	1
PMK1_ndm00169=PMK1_ndm00170=PMK1_ndm00171=PMK1_ndm00172=PMK1_ndm00173	5118	NA	5	14.4	no	0	0	0	0	1	0	0	1
PMK1_ndm00064=PMK1_ndm00065=PMK1_ndm00066=PMK1_ndm00067=PMK1_ndm00068	5070	NA	5	20.3	no	0	0	0	0	0	1	0	1
PMK1_ndm00190=PMK1_ndm00191=PMK1_ndm00192=PMK1_ndm00193=PMK1_ndm00194	5040	NA	5	14.5	no	0	0	0	0	0	0	0	1
PMK1_ndm00277=PMK1_ndm00278=PMK1_ndm00279=PMK1_ndm00280=PMK1_ndm00281	5023	NA	6	28.4	no	0	0	0	0	0	0	0	1
PMK1_ndm00232=PMK1_ndm00233=PMK1_ndm00234=PMK1_ndm00235=PMK1_ndm00236	5021	NA	5	12.8	no	0	1	0	0	0	1	0	1
PMK1_ndm00275=PMK1_ndm00276=PMK1_ndm00277=PMK1_ndm00278=PMK1_ndm00279	5016	NA	5	34.1	no	0	0	0	0	0	0	0	1
PMK1_ndm00209=PMK1_ndm00210=PMK1_ndm00211=PMK1_ndm00212=PMK1_ndm00213	5013	NA	5	0.8	no	0	0	0	0	0	0	0	1
PMK1_ndm00061=PMK1_ndm00062=PMK1_ndm00063=PMK1_ndm00064=PMK1_ndm00065	4991	NA	5	9.6	no	0	0	0	0	0	0	0	1
PMK1_ndm00338=PMK1_ndm00002=PMK1_ndm00003=PMK1_ndm00004=PMK1_ndm00005	4987	NA	6	2.0	no	0	0	0	0	0	0	0	1
PMK1_ndm00220=PMK1_ndm00221=PMK1_ndm00222=PMK1_ndm00223=PMK1_ndm00224	4987	NA	5	31.8	no	0	0	0	0	0	4	0	1
PMK1_ndm00187=PMK1_ndm00188=PMK1_ndm00189=PMK1_ndm00190=PMK1_ndm00191	4966	NA	5	9.8	no	0	0	0	0	0	0	0	1
PMK1_ndm00054=PMK1_ndm00055=PMK1_ndm00056=PMK1_ndm00057=PMK1_ndm00058	4959	NA	5	15.0	no	0	0	0	0	0	2	0	1
PMK1_ndm00276=PMK1_ndm00277=PMK1_ndm00278=PMK1_ndm00279=PMK1_ndm00280	4956	NA	6	28.4	no	0	0	0	0	0	0	0	1
PMK1_ndm00062=PMK1_ndm00063=PMK1_ndm00064=PMK1_ndm00065=PMK1_ndm00066	4929	NA	5	9.6	no	0	0	0	0	0	0	0	1
PMK1_ndm00104=PMK1_ndm00105=PMK1_ndm00106=PMK1_ndm00107=PMK1_ndm00108	4917	NA	7	8.7	no	1	0	0	0	0	0	0	1
PMK1_ndm00230=PMK1_ndm00231=PMK1_ndm00232=PMK1_ndm00233=PMK1_ndm00234	4906	NA	5	3.9	no	0	1	0	0	0	2	0	1
PMK1_ndm00265=PMK1_ndm00266=PMK1_ndm00267=PMK1_ndm00268=PMK1_ndm00269	4868	NA	5	10.8	no	0	0	0	0	0	0	0	1
PMK1_ndm00272=PMK1_ndm00273=PMK1_ndm00274=PMK1_ndm00275=PMK1_ndm00276	4848	NA	5	32.7	no	0	0	0	0	0	0	0	1
PMK1_ndm00321=PMK1_ndm00322=PMK1_ndm00323=PMK1_ndm00324=PMK1_ndm00325	4834	NA	5	18.8	no	0	0	0	0	1	0	0	1
PMK1_ndm00053=PMK1_ndm00054=PMK1_ndm00055=PMK1_ndm00056=PMK1_ndm00057	4821	NA	5	11.7	no	0	0	0	0	0	1	0	1
PMK1_ndm00122=PMK1_ndm00123=PMK1_ndm00124=PMK1_ndm00125=PMK1_ndm00126	4817	NA	5	7.7	no	0	0	0	0	0	0	0	1
PMK1_ndm00268=PMK1_ndm00269=PMK1_ndm00270=PMK1_ndm00271=PMK1_ndm00272	4810	NA	5	32.4	no	0	0	0	0	0	0	0	1
PMK1_ndm00052=PMK1_ndm00053=PMK1_ndm00054=PMK1_ndm00055=PMK1_ndm00056	4775	NA	5	14.5	no	0	0	0	0	0	1	0	1
PMK1_ndm00278=PMK1_ndm00279=PMK1_ndm00280=PMK1_ndm00281=PMK1_ndm00282	4735	NA	6	28.4	no	0	0	0	0	0	0	0	1
PMK1_ndm00298=PMK1_ndm00299=PMK1_ndm00300=PMK1_ndm00301=PMK1_ndm00302	4706	NA	5	1.4	no	0	0	0	0	0	0	0	1
PMK1_ndm00296=PMK1_ndm00297=PMK1_ndm00298=PMK1_ndm00299=PMK1_ndm00300	4694	NA	5	5.3	no	0	0	0	0	0	0	0	1
PMK1_ndm00136=PMK1_ndm00137=PMK1_ndm00138=PMK1_ndm00139=PMK1_ndm00141	4685	NA	6	10.4	no	0	0	0	0	0	0	0	1
PMK1_ndm00197=PMK1_ndm00198=PMK1_ndm00199=PMK1_ndm00200=PMK1_ndm00201	4665	NA	5	13.6	no	0	0	0	0	0	0	0	1
PMK1_ndm00297=PMK1_ndm00298=PMK1_ndm00299=PMK1_ndm00300=PMK1_ndm00301	4650	NA	5	3.6	no	0	0	0	0	0	0	0	1
PMK1_ndm00279=PMK1_ndm00280=PMK1_ndm00281=PMK1_ndm00282=PMK1_ndm00283	4645	NA	6	29.2	no	0	0	0	0	0	0	0	1
PMK1_ndm00283=PMK1_ndm00284=PMK1_ndm00285=PMK1_ndm00286=PMK1_ndm00287	4630	NA	5	28.4	no	0	0	0	0	0	0	0	1
PMK1_ndm00192=PMK1_ndm00193=PMK1_ndm00194=PMK1_ndm00195=PMK1_ndm00196	4620	NA	5	15.1	no	0	0	0	0	0	0	0	1
PMK1_ndm00018=PMK1_ndm00019=PMK1_ndm00020=PMK1_ndm00021=PMK1_ndm00022	4593	NA	5	8.9	no	0	0	0	0	0	0	0	1
PMK1_ndm00014=PMK1_ndm00015=PMK1_ndm00016=PMK1_ndm00018=PMK1_ndm00019	4575	NA	5	5.0	no	0	0	0	0	0	0	0	1
PMK1_ndm00336=PMK1_ndm00337=PMK1_ndm00338=PMK1_ndm00002=PMK1_ndm00003	4570	NA	5	13.7	no	0	0	0	0	0	0	0	1
PMK1_ndm00260=PMK1_ndm00261=PMK1_ndm00262=PMK1_ndm00263=PMK1_ndm00264	4545	NA	5	5.1	no	0	0	0	0	0	0	0	1
PMK1_ndm00273=PMK1_ndm00274=PMK1_ndm00275=PMK1_ndm00276=PMK1_ndm00277	4506	NA	5	33.7	no	0	0	0	0	0	0	0	1
PMK1_ndm00322=PMK1_ndm00323=PMK1_ndm00324=PMK1_ndm00325=PMK1_ndm00326	4497	NA	6	12.5	no	0	0	0	0	1	0	0	1
PMK1_ndm00243=PMK1_ndm00244=PMK1_ndm00245=PMK1_ndm00246=PMK1_ndm00247	4490	NA	5	16.9	no	0	0	0	0	0	2	0	1
PMK1_ndm00299=PMK1_ndm00300=PMK1_ndm00301=PMK1_ndm00302=PMK1_ndm00303	4475	NA	5	6.2	no	0	0	0	0	0	0	0	1
PMK1_ndm00157=PMK1_ndm00158=PMK1_ndm00159=PMK1_ndm00160=PMK1_ndm00161	4438	NA	5	12.7	no	0	0	0	0	0	0	0	1
PMK1_ndm00271=PMK1_ndm00272=PMK1_ndm00273=PMK1_ndm00274=PMK1_ndm00275	4435	NA	5	32.7	no	0	0	0	0	0	0	0	1
PMK1_ndm00189=PMK1_ndm00190=PMK1_ndm00191=PMK1_ndm00192=PMK1_ndm00193	4431	NA	5	13.4	no	0	0	0	0	0	0	0	1
PMK1_ndm00144=PMK1_ndm00145=PMK1_ndm00146=PMK1_ndm00147=PMK1_ndm00149	4420	NA	6	5.5	no	0	0	0	0	0	0	0	1
PMK1_ndm00123=PMK1_ndm00124=PMK1_ndm00125=PMK1_ndm00126=PMK1_ndm00127	4414	NA	5	10.2	no	0	0	0	0	0	0	0	1
PMK1_ndm00019=PMK1_ndm00020=PMK1_ndm00021=PMK1_ndm00022=PMK1_ndm00023	4359	NA	5	12.2	no	0	0	0	0	0	0	0	1
PMK1_ndm00163=PMK1_ndm00164=PMK1_ndm00165=PMK1_ndm00166=PMK1_ndm00167	4344	NA	5	16.1	no	0	0	0	0	2	0	0	1
PMK1_ndm00164=PMK1_ndm00165=PMK1_ndm00166=PMK1_ndm00167=PMK1_ndm00168	4336	NA	5	15.0	no	0	0	0	0	1	0	0	1
PMK1_ndm00208=PMK1_ndm00209=PMK1_ndm00210=PMK1_ndm00211=PMK1_ndm00212	4334	NA	5	3.5	no	0	0	0	0	0	0	0	1
PMK1_ndm00207=PMK1_ndm00208=PMK1_ndm00209=PMK1_ndm00210=PMK1_ndm00211	4322	NA	5	4.0	no	0	0	0	0	0	0	0	1
PMK1_ndm00124=PMK1_ndm00125=PMK1_ndm00126=PMK1_ndm00127=PMK1_ndm00128	4314	NA	5	12.9	no	0	0	0	0	0	0	0	1
PMK1_ndm00185=PMK1_ndm00186=PMK1_ndm00187=PMK1_ndm00188=PMK1_ndm00189	4307	NA	5	5.7	no	0	0	0	0	0	0	0	1
PMK1_ndm00304=PMK1_ndm00305=PMK1_ndm00306=PMK1_ndm00307=PMK1_ndm00308	4306	NA	5	15.4	no	0	0	0	0	0	0	0	1
PMK1_ndm00261=PMK1_ndm00262=PMK1_ndm00263=PMK1_ndm00264=PMK1_ndm00265	4298	NA	5	4.4	no	0	0	0	0	0	0	0	1
PMK1_ndm00020=PMK1_ndm00021=PMK1_ndm00022=PMK1_ndm00023=PMK1_ndm00024	4287	NA	5	14.4	no	0	0	0	0	0	0	0	1
PMK1_ndm00009=PMK1_ndm00010=PMK1_ndm00011=PMK1_ndm00012=PMK1_ndm00013	4278	NA	5	3.3	no	0	0	0	0	0	0	0	1
PMK1_ndm00295=PMK1_ndm00296=PMK1_ndm00297=PMK1_ndm00298=PMK1_ndm00299	4272	NA	5	7.5	no	0	0	0	0	0	0	0	1
PMK1_ndm00184=PMK1_ndm00185=PMK1_ndm00186=PMK1_ndm00187=PMK1_ndm00188	4258	NA	5	4.1	no	0	0	0	0	0	0	0	1
PMK1_ndm00218=PMK1_ndm00219=PMK1_ndm00220=PMK1_ndm00221=PMK1_ndm00222	4245	NA	5	37.0	no	0	0	0	0	0	3	0	1
PMK1_ndm00183=PMK1_ndm00184=PMK1_ndm00185=PMK1_ndm00186=PMK1_ndm00187	4200	NA	5	4.1	no	0	0	0	0	0	0	0	1
PMK1_ndm00219=PMK1_ndm00220=PMK1_ndm00221=PMK1_ndm00222=PMK1_ndm00223	4199	NA	5	38.0	no	0	0	0	0	0	4	0	1
PMK1_ndm00162=PMK1_ndm00163=PMK1_ndm00164=PMK1_ndm00165=PMK1_ndm00166	4198	NA	5	13.5	no	0	0	0	0	2	0	0	1
PMK1_ndm00155=PMK1_ndm00157=PMK1_ndm00158=PMK1_ndm00159=PMK1_ndm00160	4140	NA	6	12.4	no	0	0	0	0	0	0	0	1
PMK1_ndm00186=PMK1_ndm00187=PMK1_ndm00188=PMK1_ndm00189=PMK1_ndm00190	4129	NA	5	7.0	no	0	0	0	0	0	0	0	1
PMK1_ndm00282=PMK1_ndm00283=PMK1_ndm00284=PMK1_ndm00285=PMK1_ndm00286	4125	NA	5	29.3	no	0	0	0	0	0	0	0	1
PMK1_ndm00335=PMK1_ndm00336=PMK1_ndm00337=PMK1_ndm00338=PMK1_ndm00002	4121	NA	6	13.1	no	0	0	0	0	0	0	0	1
PMK1_ndm00330=PMK1_ndm00331=PMK1_ndm00332=PMK1_ndm00333=PMK1_ndm00334	4116	NA	5	16.1	no	0	0	0	0	1	0	0	1
PMK1_ndm00284=PMK1_ndm00285=PMK1_ndm00286=PMK1_ndm00287=PMK1_ndm00288	4108	NA	5	22.6	no	0	0	0	0	0	0	0	1
PMK1_ndm00270=PMK1_ndm00271=PMK1_ndm00272=PMK1_ndm00273=PMK1_ndm00274	4107	NA	5	32.5	no	0	0	0	0	0	0	0	1
PMK1_ndm00293=PMK1_ndm00294=PMK1_ndm00295=PMK1_ndm00296=PMK1_ndm00297	4071	NA	5	14.4	no	0	0	0	0	0	0	0	1
PMK1_ndm00286=PMK1_ndm00287=PMK1_ndm00288=PMK1_ndm00289=PMK1_ndm00290	4024	NA	5	19.9	no	0	0	0	0	0	0	0	1
PMK1_ndm00269=PMK1_ndm00270=PMK1_ndm00271=PMK1_ndm00272=PMK1_ndm00273	4014	NA	5	32.5	no	0	0	0	0	0	0	0	1
PMK1_ndm00029=PMK1_ndm00030=PMK1_ndm00031=PMK1_ndm00033=PMK1_ndm00034	3996	NA	6	11.4	no	0	0	0	0	0	0	0	1
PMK1_ndm00281=PMK1_ndm00282=PMK1_ndm00283=PMK1_ndm00284=PMK1_ndm00285	3973	NA	5	29.2	no	0	0	0	0	0	0	0	1
PMK1_ndm00160=PMK1_ndm00161=PMK1_ndm00162=PMK1_ndm00163=PMK1_ndm00164	3953	NA	5	12.6	no	0	0	0	0	1	0	0	1
PMK1_ndm00165=PMK1_ndm00166=PMK1_ndm00167=PMK1_ndm00168=PMK1_ndm00169	3917	NA	5	14.9	no	0	0	0	0	2	0	0	1
PMK1_ndm00280=PMK1_ndm00281=PMK1_ndm00282=PMK1_ndm00283=PMK1_ndm00284	3892	NA	5	28.3	no	0	0	0	0	0	0	0	1
PMK1_ndm00046=PMK1_ndm00048=PMK1_ndm00049=PMK1_ndm00050=PMK1_ndm00052	3888	NA	6	11.2	no	0	0	0	0	0	1	0	1
PMK1_ndm00323=PMK1_ndm00324=PMK1_ndm00325=PMK1_ndm00326=PMK1_ndm00327	3882	NA	6	13.8	no	0	0	0	0	0	0	0	1
PMK1_ndm00006=PMK1_ndm00008=PMK1_ndm00009=PMK1_ndm00010=PMK1_ndm00011	3874	NA	5	17.5	no	0	0	0	0	0	0	0	1
PMK1_ndm00285=PMK1_ndm00286=PMK1_ndm00287=PMK1_ndm00288=PMK1_ndm00289	3860	NA	5	25.1	no	0	0	0	0	0	0	0	1
PMK1_ndm00331=PMK1_ndm00332=PMK1_ndm00333=PMK1_ndm00334=PMK1_ndm00335	3782	NA	5	15.5	no	0	0	0	0	1	0	0	1
PMK1_ndm00305=PMK1_ndm00306=PMK1_ndm00307=PMK1_ndm00308=PMK1_ndm00309	3777	NA	5	14.3	no	0	0	0	0	0	0	0	1
PMK1_ndm00069=PMK1_ndm00070=PMK1_ndm00071=PMK1_ndm00072=PMK1_ndm00073	3763	NA	5	16.0	no	0	0	0	0	0	0	0	1
PMK1_ndm00078=PMK1_ndm00079=PMK1_ndm00080=PMK1_ndm00081=PMK1_ndm00082	3763	NA	5	16.0	no	0	0	0	0	0	0	0	1
PMK1_ndm00087=PMK1_ndm00088=PMK1_ndm00089=PMK1_ndm00090=PMK1_ndm00091	3763	NA	5	16.0	no	0	0	0	0	0	0	0	1
PMK1_ndm00028=PMK1_ndm00029=PMK1_ndm00030=PMK1_ndm00031=PMK1_ndm00033	3734	NA	6	7.8	no	0	0	0	0	0	0	0	1
PMK1_ndm00048=PMK1_ndm00049=PMK1_ndm00050=PMK1_ndm00052=PMK1_ndm00053	3716	NA	5	15.3	no	0	0	0	0	0	1	0	1
PMK1_ndm00206=PMK1_ndm00207=PMK1_ndm00208=PMK1_ndm00209=PMK1_ndm00210	3705	NA	5	30.8	no	0	0	0	0	0	0	0	1
PMK1_ndm00055=PMK1_ndm00056=PMK1_ndm00057=PMK1_ndm00058=PMK1_ndm00059	3700	NA	5	12.3	no	0	0	0	0	0	2	0	1
PMK1_ndm00145=PMK1_ndm00146=PMK1_ndm00147=PMK1_ndm00149=PMK1_ndm00150	3660	NA	5	3.8	no	0	0	0	0	0	0	0	1
PMK1_ndm00056=PMK1_ndm00057=PMK1_ndm00058=PMK1_ndm00059=PMK1_ndm00060	3655	NA	5	13.7	no	0	0	0	0	0	2	0	1
PMK1_ndm00300=PMK1_ndm00301=PMK1_ndm00302=PMK1_ndm00303=PMK1_ndm00304	3646	NA	5	11.0	no	0	0	0	0	0	0	0	1
PMK1_ndm00307=PMK1_ndm00308=PMK1_ndm00309=PMK1_ndm00310=PMK1_ndm00311	3614	NA	5	19.1	no	0	0	0	0	0	0	0	1
PMK1_ndm00333=PMK1_ndm00334=PMK1_ndm00335=PMK1_ndm00336=PMK1_ndm00337	3608	NA	5	13.6	no	0	0	0	0	0	0	0	1
PMK1_ndm00159=PMK1_ndm00160=PMK1_ndm00161=PMK1_ndm00162=PMK1_ndm00163	3595	NA	5	11.5	no	0	0	0	0	1	0	0	1
PMK1_ndm00303=PMK1_ndm00304=PMK1_ndm00305=PMK1_ndm00306=PMK1_ndm00307	3590	NA	5	14.4	no	0	0	0	0	0	0	0	1
PMK1_ndm00173=PMK1_ndm00174=PMK1_ndm00175=PMK1_ndm00176=PMK1_ndm00177	3555	NA	5	18.7	no	0	0	0	0	0	0	0	1
PMK1_ndm00158=PMK1_ndm00159=PMK1_ndm00160=PMK1_ndm00161=PMK1_ndm00162	3536	NA	5	10.0	no	0	0	0	0	0	0	0	1
PMK1_ndm00112=PMK1_ndm00113=PMK1_ndm00114=PMK1_ndm00115=PMK1_ndm00116	3534	NA	5	14.1	no	0	0	0	0	0	0	0	1
PMK1_ndm00171=PMK1_ndm00172=PMK1_ndm00173=PMK1_ndm00174=PMK1_ndm00175	3527	NA	5	13.6	no	0	0	0	0	0	0	0	1
PMK1_ndm00332=PMK1_ndm00333=PMK1_ndm00334=PMK1_ndm00335=PMK1_ndm00336	3525	NA	5	14.7	no	0	0	0	0	0	0	0	1
PMK1_ndm00172=PMK1_ndm00173=PMK1_ndm00174=PMK1_ndm00175=PMK1_ndm00176	3518	NA	5	13.1	no	0	0	0	0	0	0	0	1
PMK1_ndm00306=PMK1_ndm00307=PMK1_ndm00308=PMK1_ndm00309=PMK1_ndm00310	3497	NA	5	15.4	no	0	0	0	0	0	0	0	1
PMK1_ndm00294=PMK1_ndm00295=PMK1_ndm00296=PMK1_ndm00297=PMK1_ndm00298	3445	NA	5	10.8	no	0	0	0	0	0	0	0	1
PMK1_ndm00027=PMK1_ndm00028=PMK1_ndm00029=PMK1_ndm00030=PMK1_ndm00031	3424	NA	5	11.9	no	0	0	0	0	0	0	0	1
PMK1_ndm00287=PMK1_ndm00288=PMK1_ndm00289=PMK1_ndm00290=PMK1_ndm00291	3410	NA	5	15.3	no	0	0	0	0	0	0	0	1
PMK1_ndm00258=PMK1_ndm00259=PMK1_ndm00260=PMK1_ndm00261=PMK1_ndm00262	3404	NA	6	5.5	no	0	0	0	0	0	0	0	1
PMK1_ndm00288=PMK1_ndm00289=PMK1_ndm00290=PMK1_ndm00291=PMK1_ndm00292	3397	NA	5	10.8	no	0	0	0	0	0	0	0	1
PMK1_ndm00259=PMK1_ndm00260=PMK1_ndm00261=PMK1_ndm00262=PMK1_ndm00263	3388	NA	5	6.6	no	0	0	0	0	0	0	0	1
PMK1_ndm00248=PMK1_ndm00249=PMK1_ndm00250=PMK1_ndm00251=PMK1_ndm00252	3376	NA	5	34.1	no	0	0	0	0	0	4	0	1
PMK1_ndm00005=PMK1_ndm00006=PMK1_ndm00008=PMK1_ndm00009=PMK1_ndm00010	3350	NA	5	1.3	no	0	0	0	0	0	0	0	1
PMK1_ndm00161=PMK1_ndm00162=PMK1_ndm00163=PMK1_ndm00164=PMK1_ndm00165	3338	NA	5	12.7	no	0	0	0	0	1	0	0	1
PMK1_ndm00026=PMK1_ndm00027=PMK1_ndm00028=PMK1_ndm00029=PMK1_ndm00030	3325	NA	5	12.0	no	0	0	0	0	0	0	0	1
PMK1_ndm00057=PMK1_ndm00058=PMK1_ndm00059=PMK1_ndm00060=PMK1_ndm00061	3271	NA	5	10.5	no	0	0	0	0	0	2	0	1
PMK1_ndm00244=PMK1_ndm00245=PMK1_ndm00246=PMK1_ndm00247=PMK1_ndm00248	3266	NA	5	22.7	no	0	0	0	0	0	3	0	1
PMK1_ndm00067=PMK1_ndm00068=PMK1_ndm00069=PMK1_ndm00070=PMK1_ndm00071	3258	NA	5	22.7	no	0	0	0	0	0	1	0	1
PMK1_ndm00076=PMK1_ndm00077=PMK1_ndm00078=PMK1_ndm00079=PMK1_ndm00080	3258	NA	5	22.7	no	0	0	0	0	0	1	0	1
PMK1_ndm00085=PMK1_ndm00086=PMK1_ndm00087=PMK1_ndm00088=PMK1_ndm00089	3258	NA	5	22.7	no	0	0	0	0	0	1	0	1
PMK1_ndm00093=PMK1_ndm00094=PMK1_ndm00095=PMK1_ndm00096=PMK1_ndm00097	3239	NA	5	8.3	no	0	0	0	0	0	1	0	1
PMK1_ndm00247=PMK1_ndm00248=PMK1_ndm00249=PMK1_ndm00250=PMK1_ndm00251	3232	NA	5	33.2	no	0	0	0	0	0	4	0	1
PMK1_ndm00125=PMK1_ndm00126=PMK1_ndm00127=PMK1_ndm00128=PMK1_ndm00129	3222	NA	5	14.0	no	0	0	0	0	0	0	0	1
PMK1_ndm00008=PMK1_ndm00009=PMK1_ndm00010=PMK1_ndm00011=PMK1_ndm00012	3219	NA	5	26.3	no	0	0	0	0	0	0	0	1
PMK1_ndm00100=PMK1_ndm00101=PMK1_ndm00102=PMK1_ndm00103=PMK1_ndm00104	3208	NA	5	9.3	no	0	0	0	0	0	0	0	1
PMK1_ndm00094=PMK1_ndm00095=PMK1_ndm00096=PMK1_ndm00097=PMK1_ndm00098	3194	NA	5	10.8	no	0	0	0	0	0	1	0	1
PMK1_ndm00251=PMK1_ndm00252=PMK1_ndm00253=PMK1_ndm00254=PMK1_ndm00255	3190	NA	4	27.9	no	0	0	0	0	0	1	0	1
PMK1_ndm00308=PMK1_ndm00309=PMK1_ndm00310=PMK1_ndm00311=PMK1_ndm00312	3180	NA	5	7.5	no	0	0	0	0	0	0	0	1
PMK1_ndm00066=PMK1_ndm00067=PMK1_ndm00068=PMK1_ndm00069=PMK1_ndm00070	3162	NA	5	21.8	no	0	0	0	0	0	1	0	1
PMK1_ndm00075=PMK1_ndm00076=PMK1_ndm00077=PMK1_ndm00078=PMK1_ndm00079	3162	NA	5	21.8	no	0	0	0	0	0	1	0	1
PMK1_ndm00084=PMK1_ndm00085=PMK1_ndm00086=PMK1_ndm00087=PMK1_ndm00088	3162	NA	5	21.8	no	0	0	0	0	0	1	0	1
PMK1_ndm00198=PMK1_ndm00199=PMK1_ndm00200=PMK1_ndm00201=PMK1_ndm00202	3158	NA	5	14.0	no	0	0	0	0	0	0	0	1
PMK1_ndm00099=PMK1_ndm00100=PMK1_ndm00101=PMK1_ndm00102=PMK1_ndm00103	3145	NA	5	9.3	no	0	0	0	0	0	0	0	1
PMK1_ndm00334=PMK1_ndm00335=PMK1_ndm00336=PMK1_ndm00337=PMK1_ndm00338	3145	NA	5	12.8	no	0	0	0	0	0	0	0	1
PMK1_ndm00058=PMK1_ndm00059=PMK1_ndm00060=PMK1_ndm00061=PMK1_ndm00062	3099	NA	5	8.2	no	0	0	0	0	0	1	0	1
PMK1_ndm00246=PMK1_ndm00247=PMK1_ndm00248=PMK1_ndm00249=PMK1_ndm00250	3069	NA	5	32.5	no	0	0	0	0	0	5	0	1
PMK1_ndm00252=PMK1_ndm00253=PMK1_ndm00254=PMK1_ndm00255=PMK1_ndm00256	3058	NA	4	23.3	no	0	0	0	0	0	1	0	1
PMK1_ndm00199=PMK1_ndm00200=PMK1_ndm00201=PMK1_ndm00202=PMK1_ndm00203	3046	NA	5	13.7	no	0	0	0	0	0	0	0	1
PMK1_ndm00245=PMK1_ndm00246=PMK1_ndm00247=PMK1_ndm00248=PMK1_ndm00249	3044	NA	5	28.7	no	0	0	0	0	0	4	0	1
PMK1_ndm00096=PMK1_ndm00097=PMK1_ndm00098=PMK1_ndm00099=PMK1_ndm00100	3001	NA	5	9.6	no	0	0	0	0	0	0	0	1
PMK1_ndm00068=PMK1_ndm00069=PMK1_ndm00070=PMK1_ndm00071=PMK1_ndm00072	2992	NA	5	18.8	no	0	0	0	0	0	0	0	1
PMK1_ndm00077=PMK1_ndm00078=PMK1_ndm00079=PMK1_ndm00080=PMK1_ndm00081	2992	NA	5	18.8	no	0	0	0	0	0	0	0	1
PMK1_ndm00086=PMK1_ndm00087=PMK1_ndm00088=PMK1_ndm00089=PMK1_ndm00090	2992	NA	5	18.8	no	0	0	0	0	0	0	0	1
PMK1_ndm00097=PMK1_ndm00098=PMK1_ndm00099=PMK1_ndm00100=PMK1_ndm00101	2982	NA	5	10.9	no	0	0	0	0	0	0	0	1
PMK1_ndm00045=PMK1_ndm00046=PMK1_ndm00048=PMK1_ndm00049=PMK1_ndm00050	2971	NA	6	8.8	no	0	0	0	0	0	0	0	1
PMK1_ndm00204=PMK1_ndm00205=PMK1_ndm00206=PMK1_ndm00207=PMK1_ndm00208	2965	NA	5	35.0	no	0	0	0	0	0	0	0	1
PMK1_ndm00205=PMK1_ndm00206=PMK1_ndm00207=PMK1_ndm00208=PMK1_ndm00209	2953	NA	5	31.1	no	0	0	0	0	0	0	0	1
PMK1_ndm00025=PMK1_ndm00026=PMK1_ndm00027=PMK1_ndm00028=PMK1_ndm00029	2942	NA	5	11.9	no	0	0	0	0	0	0	0	1
PMK1_ndm00098=PMK1_ndm00099=PMK1_ndm00100=PMK1_ndm00101=PMK1_ndm00102	2942	NA	5	8.5	no	0	0	0	0	0	0	0	1
PMK1_ndm00203=PMK1_ndm00204=PMK1_ndm00205=PMK1_ndm00206=PMK1_ndm00207	2929	NA	5	31.6	no	0	0	0	0	0	0	0	1
PMK1_ndm00031=PMK1_ndm00033=PMK1_ndm00034=PMK1_ndm00035=PMK1_ndm00036	2912	NA	6	11.5	no	0	0	0	0	0	0	0	1
PMK1_ndm00302=PMK1_ndm00303=PMK1_ndm00304=PMK1_ndm00305=PMK1_ndm00306	2906	NA	5	11.9	no	0	0	0	0	0	0	0	1
PMK1_ndm00021=PMK1_ndm00022=PMK1_ndm00023=PMK1_ndm00024=PMK1_ndm00025	2872	NA	5	14.5	no	0	0	0	0	0	0	0	1
PMK1_ndm00095=PMK1_ndm00096=PMK1_ndm00097=PMK1_ndm00098=PMK1_ndm00099	2859	NA	5	9.2	no	0	0	0	0	0	0	0	1
PMK1_ndm00254=PMK1_ndm00255=PMK1_ndm00256=PMK1_ndm00257=PMK1_ndm00258	2844	NA	5	12.8	no	0	0	0	0	0	0	0	1
PMK1_ndm00301=PMK1_ndm00302=PMK1_ndm00303=PMK1_ndm00304=PMK1_ndm00305	2825	NA	5	14.7	no	0	0	0	0	0	0	0	1
PMK1_ndm00257=PMK1_ndm00258=PMK1_ndm00259=PMK1_ndm00260=PMK1_ndm00261	2823	NA	6	5.1	no	0	0	0	0	0	0	0	1
PMK1_ndm00038=PMK1_ndm00039=PMK1_ndm00040=PMK1_ndm00041=PMK1_ndm00042	2806	NA	5	9.1	no	0	0	0	0	0	0	0	1
PMK1_ndm00135=PMK1_ndm00136=PMK1_ndm00137=PMK1_ndm00138=PMK1_ndm00139	2789	NA	5	10.2	no	0	0	0	0	0	0	0	1
PMK1_ndm00202=PMK1_ndm00203=PMK1_ndm00204=PMK1_ndm00205=PMK1_ndm00206	2769	NA	5	30.1	no	0	0	0	0	0	0	0	1
PMK1_ndm00253=PMK1_ndm00254=PMK1_ndm00255=PMK1_ndm00256=PMK1_ndm00257	2746	NA	4	14.1	no	0	0	0	0	0	0	0	1
PMK1_ndm00022=PMK1_ndm00023=PMK1_ndm00024=PMK1_ndm00025=PMK1_ndm00026	2740	NA	5	15.0	no	0	0	0	0	0	0	0	1
PMK1_ndm00134=PMK1_ndm00135=PMK1_ndm00136=PMK1_ndm00137=PMK1_ndm00138	2659	NA	5	9.5	no	0	0	0	0	0	0	0	1
PMK1_ndm00256=PMK1_ndm00257=PMK1_ndm00258=PMK1_ndm00259=PMK1_ndm00260	2657	NA	6	5.2	no	0	0	0	0	0	0	0	1
PMK1_ndm00035=PMK1_ndm00036=PMK1_ndm00037=PMK1_ndm00038=PMK1_ndm00039	2655	NA	5	9.3	no	0	0	0	0	0	0	0	1
PMK1_ndm00059=PMK1_ndm00060=PMK1_ndm00061=PMK1_ndm00062=PMK1_ndm00063	2652	NA	5	2.1	no	0	0	0	0	0	0	0	1
PMK1_ndm00130=PMK1_ndm00131=PMK1_ndm00132=PMK1_ndm00133=PMK1_ndm00134	2637	NA	5	13.5	no	0	0	0	0	0	0	0	1
PMK1_ndm00034=PMK1_ndm00035=PMK1_ndm00036=PMK1_ndm00037=PMK1_ndm00038	2635	NA	5	10.6	no	0	0	0	0	0	0	0	1
PMK1_ndm00033=PMK1_ndm00034=PMK1_ndm00035=PMK1_ndm00036=PMK1_ndm00037	2624	NA	5	12.7	no	0	0	0	0	0	0	0	1
PMK1_ndm00036=PMK1_ndm00037=PMK1_ndm00038=PMK1_ndm00039=PMK1_ndm00040	2568	NA	5	9.0	no	0	0	0	0	0	0	0	1
PMK1_ndm00039=PMK1_ndm00040=PMK1_ndm00041=PMK1_ndm00042=PMK1_ndm00043	2536	NA	5	11.9	no	0	0	0	0	0	0	0	1
PMK1_ndm00132=PMK1_ndm00133=PMK1_ndm00134=PMK1_ndm00135=PMK1_ndm00136	2528	NA	5	12.0	no	0	0	0	0	0	0	0	1
PMK1_ndm00131=PMK1_ndm00132=PMK1_ndm00133=PMK1_ndm00134=PMK1_ndm00135	2527	NA	5	12.3	no	0	0	0	0	0	0	0	1
PMK1_ndm00060=PMK1_ndm00061=PMK1_ndm00062=PMK1_ndm00063=PMK1_ndm00064	2499	NA	5	2.6	no	0	0	0	0	0	0	0	1
PMK1_ndm00113=PMK1_ndm00114=PMK1_ndm00115=PMK1_ndm00116=PMK1_ndm00117	2493	NA	5	13.8	no	0	0	0	0	0	0	0	1
PMK1_ndm00101=PMK1_ndm00102=PMK1_ndm00103=PMK1_ndm00104=PMK1_ndm00105	2470	NA	5	9.4	no	0	0	0	0	0	0	0	1
PMK1_ndm00103=PMK1_ndm00104=PMK1_ndm00105=PMK1_ndm00106=PMK1_ndm00107	2438	NA	5	11.1	no	0	0	0	0	0	0	0	1
PMK1_ndm00040=PMK1_ndm00041=PMK1_ndm00042=PMK1_ndm00043=PMK1_ndm00044	2362	NA	5	12.7	no	0	0	0	0	0	0	0	1
PMK1_ndm00133=PMK1_ndm00134=PMK1_ndm00135=PMK1_ndm00136=PMK1_ndm00137	2360	NA	4	11.7	no	0	0	0	0	0	0	0	1
PMK1_ndm00037=PMK1_ndm00038=PMK1_ndm00039=PMK1_ndm00040=PMK1_ndm00041	2325	NA	5	8.6	no	0	0	0	0	0	0	0	1
PMK1_ndm00129=PMK1_ndm00130=PMK1_ndm00131=PMK1_ndm00132=PMK1_ndm00133	2313	NA	5	14.0	no	0	0	0	0	0	0	0	1
PMK1_ndm00250=PMK1_ndm00251=PMK1_ndm00252=PMK1_ndm00253=PMK1_ndm00254	2310	NA	4	37.1	no	0	0	0	0	0	2	0	1
PMK1_ndm00023=PMK1_ndm00024=PMK1_ndm00025=PMK1_ndm00026=PMK1_ndm00027	2291	NA	5	14.0	no	0	0	0	0	0	0	0	1
PMK1_ndm00030=PMK1_ndm00031=PMK1_ndm00033=PMK1_ndm00034=PMK1_ndm00035	2291	NA	5	10.9	no	0	0	0	0	0	0	0	1
PMK1_ndm00200=PMK1_ndm00201=PMK1_ndm00202=PMK1_ndm00203=PMK1_ndm00204	2245	NA	5	17.9	no	0	0	0	0	0	0	0	1
PMK1_ndm00249=PMK1_ndm00250=PMK1_ndm00251=PMK1_ndm00252=PMK1_ndm00253	2232	NA	4	35.3	no	0	0	0	0	0	3	0	1
PMK1_ndm00041=PMK1_ndm00042=PMK1_ndm00043=PMK1_ndm00044=PMK1_ndm00045	2167	NA	5	12.4	no	0	0	0	0	0	0	0	1
PMK1_ndm00024=PMK1_ndm00025=PMK1_ndm00026=PMK1_ndm00027=PMK1_ndm00028	2166	NA	4	13.1	no	0	0	0	0	0	0	0	1
PMK1_ndm00126=PMK1_ndm00127=PMK1_ndm00128=PMK1_ndm00129=PMK1_ndm00130	2165	NA	5	13.2	no	0	0	0	0	0	0	0	1
PMK1_ndm00128=PMK1_ndm00129=PMK1_ndm00130=PMK1_ndm00131=PMK1_ndm00132	2164	NA	5	14.4	no	0	0	0	0	0	0	0	1
PMK1_ndm00102=PMK1_ndm00103=PMK1_ndm00104=PMK1_ndm00105=PMK1_ndm00106	2140	NA	5	10.5	no	0	0	0	0	0	0	0	1
PMK1_ndm00255=PMK1_ndm00256=PMK1_ndm00257=PMK1_ndm00258=PMK1_ndm00259	2126	NA	6	4.9	no	0	0	0	0	0	0	0	1
PMK1_ndm00115=PMK1_ndm00116=PMK1_ndm00117=PMK1_ndm00118=PMK1_ndm00119	2039	NA	5	13.9	no	0	0	0	0	0	0	0	1
PMK1_ndm00044=PMK1_ndm00045=PMK1_ndm00046=PMK1_ndm00048=PMK1_ndm00049	2029	NA	6	11.3	no	0	0	0	0	0	0	0	1
PMK1_ndm00127=PMK1_ndm00128=PMK1_ndm00129=PMK1_ndm00130=PMK1_ndm00131	2015	NA	5	14.1	no	0	0	0	0	0	0	0	1
PMK1_ndm00201=PMK1_ndm00202=PMK1_ndm00203=PMK1_ndm00204=PMK1_ndm00205	1978	NA	5	23.9	no	0	0	0	0	0	0	0	1
PMK1_ndm00042=PMK1_ndm00043=PMK1_ndm00044=PMK1_ndm00045=PMK1_ndm00046	1937	NA	5	12.3	no	0	0	0	0	0	0	0	1
PMK1_ndm00114=PMK1_ndm00115=PMK1_ndm00116=PMK1_ndm00117=PMK1_ndm00118	1864	NA	5	14.0	no	0	0	0	0	0	0	0	1
PMK1_ndm00043=PMK1_ndm00044=PMK1_ndm00045=PMK1_ndm00046=PMK1_ndm00048	1859	NA	4	12.7	no	0	0	0	0	0	0	0	1
