ID	Length	Coverage	# ORFs	RDS	Circular	Inc Type(s)	# Replication	# Mobilization	# OriT	# Conjugation	# AMRs	# rRNAs	# Plasmid Hits
ECNIH3_24240=ECNIH3_24245=ECNIH3_24250=ECNIH3_24260=ECNIH3_24265	7189	NA	6	16.9	no	0	0	1	1	1	0	0	1
ECNIH3_24235=ECNIH3_24240=ECNIH3_24245=ECNIH3_24250=ECNIH3_24260	7184	NA	6	15.8	no	0	0	1	1	1	0	0	1
ECNIH3_24185=ECNIH3_24200=ECNIH3_24205=ECNIH3_24210=ECNIH3_24215	7002	NA	8	18.1	no	0	0	0	0	0	1	0	1
ECNIH3_24180=ECNIH3_24185=ECNIH3_24200=ECNIH3_24205=ECNIH3_24210	6866	NA	7	15.8	no	0	0	0	0	0	0	0	1
ECNIH3_24200=ECNIH3_24205=ECNIH3_24210=ECNIH3_24215=ECNIH3_24225	6825	NA	7	11.1	no	0	0	0	0	0	1	0	1
ECNIH3_24205=ECNIH3_24210=ECNIH3_24215=ECNIH3_24225=ECNIH3_24230	6709	NA	7	13.0	no	0	0	0	0	0	1	0	1
ECNIH3_24225=ECNIH3_24230=ECNIH3_24235=ECNIH3_24240=ECNIH3_24245	6408	NA	5	13.0	no	0	0	1	0	1	0	0	1
ECNIH3_24175=ECNIH3_24180=ECNIH3_24185=ECNIH3_24200=ECNIH3_24205	6382	NA	7	19.6	no	0	0	0	0	1	0	0	1
ECNIH3_24340=ECNIH3_24345=ECNIH3_24350=ECNIH3_24055=ECNIH3_24060	6369	NA	8	13.0	no	1	1	0	0	0	0	0	1
ECNIH3_24345=ECNIH3_24350=ECNIH3_24055=ECNIH3_24060=ECNIH3_24065	6359	NA	8	16.8	no	1	1	0	0	0	0	0	1
ECNIH3_24215=ECNIH3_24225=ECNIH3_24230=ECNIH3_24235=ECNIH3_24240	6285	NA	6	17.2	no	0	0	1	0	0	1	0	1
ECNIH3_24350=ECNIH3_24055=ECNIH3_24060=ECNIH3_24065=ECNIH3_24070	6182	NA	8	23.8	no	1	1	0	0	0	1	0	1
ECNIH3_24230=ECNIH3_24235=ECNIH3_24240=ECNIH3_24245=ECNIH3_24250	5987	NA	5	18.1	no	0	0	1	0	1	0	0	1
ECNIH3_24055=ECNIH3_24060=ECNIH3_24065=ECNIH3_24070=ECNIH3_24075	5768	NA	8	24.0	no	1	1	0	0	0	1	0	1
ECNIH3_24145=ECNIH3_24150=ECNIH3_24155=ECNIH3_24160=ECNIH3_24165	5540	NA	5	15.2	no	0	0	0	0	3	0	0	1
ECNIH3_24170=ECNIH3_24175=ECNIH3_24180=ECNIH3_24185=ECNIH3_24200	5114	NA	7	21.1	no	0	0	0	0	2	0	0	1
ECNIH3_24160=ECNIH3_24165=ECNIH3_24170=ECNIH3_24175=ECNIH3_24180	5050	NA	5	24.1	no	0	0	0	0	4	0	0	1
ECNIH3_24080=ECNIH3_24085=ECNIH3_24090=ECNIH3_24095=ECNIH3_24100	4941	NA	6	37.5	no	0	0	0	0	0	0	0	1
ECNIH3_24140=ECNIH3_24145=ECNIH3_24150=ECNIH3_24155=ECNIH3_24160	4940	NA	5	15.2	no	0	0	0	0	2	0	0	1
ECNIH3_24070=ECNIH3_24075=ECNIH3_24080=ECNIH3_24085=ECNIH3_24090	4810	NA	5	44.3	no	0	0	0	0	0	1	0	1
ECNIH3_24210=ECNIH3_24215=ECNIH3_24225=ECNIH3_24230=ECNIH3_24235	4618	NA	7	12.0	no	0	0	0	0	0	1	0	1
ECNIH3_24065=ECNIH3_24070=ECNIH3_24075=ECNIH3_24080=ECNIH3_24085	4512	NA	5	42.2	no	0	0	0	0	0	1	0	1
ECNIH3_24075=ECNIH3_24080=ECNIH3_24085=ECNIH3_24090=ECNIH3_24095	4487	NA	5	27.0	no	0	0	0	0	0	0	0	1
ECNIH3_24245=ECNIH3_24250=ECNIH3_24260=ECNIH3_24265=ECNIH3_24270	4479	NA	6	17.4	no	0	0	0	1	1	0	0	1
ECNIH3_24165=ECNIH3_24170=ECNIH3_24175=ECNIH3_24180=ECNIH3_24185	4324	NA	5	25.4	no	0	0	0	0	3	0	0	1
ECNIH3_24130=ECNIH3_24135=ECNIH3_24140=ECNIH3_24145=ECNIH3_24150	4283	NA	5	16.0	no	0	0	0	0	1	0	0	1
ECNIH3_24085=ECNIH3_24090=ECNIH3_24095=ECNIH3_24100=ECNIH3_24105	4277	NA	6	31.6	no	0	0	0	0	0	0	0	1
ECNIH3_24335=ECNIH3_24340=ECNIH3_24345=ECNIH3_24350=ECNIH3_24055	4271	NA	5	19.8	no	1	1	0	0	0	0	0	1
ECNIH3_24155=ECNIH3_24160=ECNIH3_24165=ECNIH3_24170=ECNIH3_24175	4256	NA	5	21.9	no	0	0	0	0	4	0	0	1
ECNIH3_24135=ECNIH3_24140=ECNIH3_24145=ECNIH3_24150=ECNIH3_24155	4227	NA	5	15.0	no	0	0	0	0	1	0	0	1
ECNIH3_24125=ECNIH3_24130=ECNIH3_24135=ECNIH3_24140=ECNIH3_24145	4160	NA	5	16.0	no	0	0	0	0	1	0	0	1
ECNIH3_24280=ECNIH3_24290=ECNIH3_24300=ECNIH3_24305=ECNIH3_24310	4022	NA	9	10.3	no	0	0	0	0	0	0	0	1
ECNIH3_24060=ECNIH3_24065=ECNIH3_24070=ECNIH3_24075=ECNIH3_24080	3999	NA	5	36.1	no	0	0	0	0	0	1	0	1
ECNIH3_24275=ECNIH3_24280=ECNIH3_24290=ECNIH3_24300=ECNIH3_24305	3969	NA	9	8.1	no	0	0	0	0	0	0	0	1
ECNIH3_24325=ECNIH3_24330=ECNIH3_24335=ECNIH3_24340=ECNIH3_24345	3938	NA	5	18.4	no	0	0	0	0	0	0	0	1
ECNIH3_24270=ECNIH3_24275=ECNIH3_24280=ECNIH3_24290=ECNIH3_24300	3931	NA	9	10.6	no	0	0	0	0	0	0	0	1
ECNIH3_24330=ECNIH3_24335=ECNIH3_24340=ECNIH3_24345=ECNIH3_24350	3832	NA	5	19.6	no	0	0	0	0	0	0	0	1
ECNIH3_24150=ECNIH3_24155=ECNIH3_24160=ECNIH3_24165=ECNIH3_24170	3817	NA	5	16.6	no	0	0	0	0	3	0	0	1
ECNIH3_24290=ECNIH3_24300=ECNIH3_24305=ECNIH3_24310=ECNIH3_24315	3409	NA	8	12.1	no	0	0	0	0	0	0	0	1
ECNIH3_24090=ECNIH3_24095=ECNIH3_24100=ECNIH3_24105=ECNIH3_24110	3385	NA	6	29.8	no	0	0	0	0	0	0	0	1
ECNIH3_24250=ECNIH3_24260=ECNIH3_24265=ECNIH3_24270=ECNIH3_24275	3379	NA	6	16.6	no	0	0	0	1	0	0	0	1
ECNIH3_24320=ECNIH3_24325=ECNIH3_24330=ECNIH3_24335=ECNIH3_24340	3245	NA	5	22.9	no	0	0	0	0	0	0	0	1
ECNIH3_24315=ECNIH3_24320=ECNIH3_24325=ECNIH3_24330=ECNIH3_24335	3174	NA	7	18.8	no	0	0	0	0	0	0	0	1
ECNIH3_24265=ECNIH3_24270=ECNIH3_24275=ECNIH3_24280=ECNIH3_24290	2796	NA	6	16.0	no	0	0	0	0	0	0	0	1
ECNIH3_24310=ECNIH3_24315=ECNIH3_24320=ECNIH3_24325=ECNIH3_24330	2675	NA	7	17.9	no	0	0	0	0	0	0	0	1
ECNIH3_24300=ECNIH3_24305=ECNIH3_24310=ECNIH3_24315=ECNIH3_24320	2672	NA	7	16.7	no	0	0	0	0	0	0	0	1
ECNIH3_24305=ECNIH3_24310=ECNIH3_24315=ECNIH3_24320=ECNIH3_24325	2545	NA	7	17.6	no	0	0	0	0	0	0	0	1
ECNIH3_24260=ECNIH3_24265=ECNIH3_24270=ECNIH3_24275=ECNIH3_24280	2278	NA	5	14.9	no	0	0	0	0	0	0	0	1
ECNIH3_24095=ECNIH3_24100=ECNIH3_24105=ECNIH3_24110=ECNIH3_24115	2188	NA	5	26.3	no	0	0	0	0	0	0	0	1
ECNIH3_24105=ECNIH3_24110=ECNIH3_24115=ECNIH3_24120=ECNIH3_24125	2167	NA	5	17.1	no	0	0	0	0	0	0	0	1
ECNIH3_24110=ECNIH3_24115=ECNIH3_24120=ECNIH3_24125=ECNIH3_24130	2110	NA	5	16.1	no	0	0	0	0	0	0	0	1
ECNIH3_24120=ECNIH3_24125=ECNIH3_24130=ECNIH3_24135=ECNIH3_24140	2109	NA	5	16.3	no	0	0	0	0	0	0	0	1
ECNIH3_24115=ECNIH3_24120=ECNIH3_24125=ECNIH3_24130=ECNIH3_24135	2102	NA	5	15.7	no	0	0	0	0	0	0	0	1
ECNIH3_24100=ECNIH3_24105=ECNIH3_24110=ECNIH3_24115=ECNIH3_24120	2021	NA	5	17.6	no	0	0	0	0	0	0	0	1
