ID	Length	Coverage	# ORFs	RDS	Circular	Inc Type(s)	# Replication	# Mobilization	# OriT	# Conjugation	# AMRs	# rRNAs	# Plasmid Hits
ECNIH2_24085=ECNIH2_24090=ECNIH2_24095=ECNIH2_24100=ECNIH2_24105	10008	NA	5	33.2	no	0	0	0	0	1	0	0	1
ECNIH2_24090=ECNIH2_24095=ECNIH2_24100=ECNIH2_24105=ECNIH2_24110	9758	NA	5	32.1	no	0	0	0	0	0	0	0	1
ECNIH2_24095=ECNIH2_24100=ECNIH2_24105=ECNIH2_24110=ECNIH2_24115	9692	NA	5	30.6	no	0	0	0	0	0	0	0	1
ECNIH2_24075=ECNIH2_24080=ECNIH2_24085=ECNIH2_24090=ECNIH2_24095	8934	NA	5	34.4	no	0	0	0	0	3	0	0	1
ECNIH2_24080=ECNIH2_24085=ECNIH2_24090=ECNIH2_24095=ECNIH2_24100	8874	NA	5	33.9	no	0	0	0	0	2	0	0	1
ECNIH2_24575=ECNIH2_24580=ECNIH2_24585=ECNIH2_24590=ECNIH2_24595	8694	NA	5	34.8	no	0	0	0	0	0	0	0	1
ECNIH2_24580=ECNIH2_24585=ECNIH2_24590=ECNIH2_24595=ECNIH2_24600	8515	NA	5	27.7	no	0	0	0	0	0	1	0	1
ECNIH2_25120=ECNIH2_25125=ECNIH2_25130=ECNIH2_25135=ECNIH2_25140	8125	NA	5	48.9	no	0	0	0	0	2	0	0	1
ECNIH2_23995=ECNIH2_24000=ECNIH2_24005=ECNIH2_24010=ECNIH2_24015	8033	NA	5	41.3	no	0	0	1	0	1	0	0	1
ECNIH2_23660=ECNIH2_23665=ECNIH2_23670=ECNIH2_23675=ECNIH2_23685	8017	NA	6	5.3	no	0	0	1	1	1	0	0	1
ECNIH2_25115=ECNIH2_25120=ECNIH2_25125=ECNIH2_25130=ECNIH2_25135	8012	NA	5	49.0	no	0	0	0	0	2	0	0	1
ECNIH2_24570=ECNIH2_24575=ECNIH2_24580=ECNIH2_24585=ECNIH2_24590	7890	NA	5	24.8	no	0	0	0	0	0	0	0	1
ECNIH2_24560=ECNIH2_24570=ECNIH2_24575=ECNIH2_24580=ECNIH2_24585	7789	NA	6	24.2	no	0	0	0	0	0	0	0	1
ECNIH2_25125=ECNIH2_25130=ECNIH2_25135=ECNIH2_25140=ECNIH2_25145	7479	NA	5	49.1	no	0	0	0	0	2	0	0	1
ECNIH2_24670=ECNIH2_24675=ECNIH2_24680=ECNIH2_24685=ECNIH2_24690	7237	NA	5	38.1	no	0	0	0	0	0	1	0	1
ECNIH2_25130=ECNIH2_25135=ECNIH2_25140=ECNIH2_25145=ECNIH2_25150	6982	NA	5	48.7	no	0	0	0	0	1	0	0	1
ECNIH2_24665=ECNIH2_24670=ECNIH2_24675=ECNIH2_24680=ECNIH2_24685	6844	NA	5	26.1	no	0	0	0	0	0	0	0	1
ECNIH2_24005=ECNIH2_24010=ECNIH2_24015=ECNIH2_24020=ECNIH2_24025	6807	NA	5	41.9	no	0	0	1	0	1	0	0	1
ECNIH2_23635=ECNIH2_23645=ECNIH2_23650=ECNIH2_23655=ECNIH2_23660	6785	NA	6	0.5	no	0	0	1	0	0	0	0	1
ECNIH2_23650=ECNIH2_23655=ECNIH2_23660=ECNIH2_23665=ECNIH2_23670	6767	NA	5	2.5	no	0	0	1	0	1	0	0	1
ECNIH2_24675=ECNIH2_24680=ECNIH2_24685=ECNIH2_24690=ECNIH2_24695	6752	NA	5	39.9	no	0	0	0	0	0	1	0	1
ECNIH2_24120=ECNIH2_24125=ECNIH2_24130=ECNIH2_24135=ECNIH2_24140	6751	NA	5	32.0	no	0	0	0	0	3	0	0	1
ECNIH2_23655=ECNIH2_23660=ECNIH2_23665=ECNIH2_23670=ECNIH2_23675	6747	NA	5	5.0	no	0	0	1	0	1	0	0	1
ECNIH2_23990=ECNIH2_23995=ECNIH2_24000=ECNIH2_24005=ECNIH2_24010	6674	NA	5	36.1	no	0	0	1	0	0	0	0	1
ECNIH2_24175=ECNIH2_24180=ECNIH2_24185=ECNIH2_24190=ECNIH2_24195	6622	NA	6	28.4	no	0	0	0	0	0	0	0	1
ECNIH2_24960=ECNIH2_24965=ECNIH2_24970=ECNIH2_24975=ECNIH2_24980	6566	NA	5	5.4	no	0	1	0	0	0	0	0	1
ECNIH2_24955=ECNIH2_24960=ECNIH2_24965=ECNIH2_24970=ECNIH2_24975	6556	NA	5	1.6	no	0	1	0	0	0	0	0	1
ECNIH2_24490=ECNIH2_24495=ECNIH2_24500=ECNIH2_24505=ECNIH2_24510	6554	NA	5	9.7	no	0	0	0	0	0	0	0	0
ECNIH2_24010=ECNIH2_24015=ECNIH2_24020=ECNIH2_24025=ECNIH2_24030	6478	NA	5	41.7	no	0	0	1	0	1	0	0	1
ECNIH2_24000=ECNIH2_24005=ECNIH2_24010=ECNIH2_24015=ECNIH2_24020	6436	NA	5	41.4	no	0	0	1	0	1	0	0	1
ECNIH2_23730=ECNIH2_23735=ECNIH2_23740=ECNIH2_23745=ECNIH2_23750	6369	NA	7	14.9	no	1	1	0	0	0	0	0	1
ECNIH2_23735=ECNIH2_23740=ECNIH2_23745=ECNIH2_23750=ECNIH2_23755	6359	NA	7	19.2	no	1	1	0	0	0	0	0	1
ECNIH2_24115=ECNIH2_24120=ECNIH2_24125=ECNIH2_24130=ECNIH2_24135	6345	NA	5	32.7	no	0	0	0	0	3	0	0	1
ECNIH2_25090=ECNIH2_25095=ECNIH2_25100=ECNIH2_25105=ECNIH2_25110	6318	NA	5	20.4	no	0	0	0	0	0	0	0	1
ECNIH2_24125=ECNIH2_24130=ECNIH2_24135=ECNIH2_24140=ECNIH2_24145	6253	NA	5	31.6	no	0	0	0	0	2	0	0	1
ECNIH2_24830=ECNIH2_24835=ECNIH2_24840=ECNIH2_24850=ECNIH2_24855	6243	NA	6	0.6	no	0	0	0	0	0	0	0	1
ECNIH2_24130=ECNIH2_24135=ECNIH2_24140=ECNIH2_24145=ECNIH2_24150	6199	NA	5	31.7	no	0	0	0	0	2	0	0	1
ECNIH2_23740=ECNIH2_23745=ECNIH2_23750=ECNIH2_23755=ECNIH2_23760	6182	NA	7	27.2	no	1	1	0	0	0	1	0	1
ECNIH2_24180=ECNIH2_24185=ECNIH2_24190=ECNIH2_24195=ECNIH2_24200	6161	NA	6	28.2	no	0	0	0	0	0	0	0	1
ECNIH2_25135=ECNIH2_25140=ECNIH2_25145=ECNIH2_25150=ECNIH2_25155	6155	NA	5	41.1	no	0	0	0	0	0	0	0	1
ECNIH2_23645=ECNIH2_23650=ECNIH2_23655=ECNIH2_23660=ECNIH2_23665	6066	NA	5	-2.0	no	0	0	1	0	0	0	0	1
ECNIH2_24170=ECNIH2_24175=ECNIH2_24180=ECNIH2_24185=ECNIH2_24190	6046	NA	5	31.0	no	0	0	0	0	0	0	0	1
ECNIH2_24585=ECNIH2_24590=ECNIH2_24595=ECNIH2_24600=ECNIH2_24605	6035	NA	5	34.5	no	0	0	0	0	0	2	0	1
ECNIH2_24185=ECNIH2_24190=ECNIH2_24195=ECNIH2_24200=ECNIH2_24205	5909	NA	6	28.0	no	0	0	0	0	0	0	0	1
ECNIH2_24835=ECNIH2_24840=ECNIH2_24850=ECNIH2_24855=ECNIH2_24860	5891	NA	6	1.0	no	0	0	0	0	0	0	0	1
ECNIH2_25070=ECNIH2_25075=ECNIH2_25080=ECNIH2_25085=ECNIH2_25090	5861	NA	6	1.1	no	0	0	0	0	0	0	0	1
ECNIH2_24820=ECNIH2_24825=ECNIH2_24830=ECNIH2_24835=ECNIH2_24840	5781	NA	5	10.9	no	0	0	0	0	0	0	0	1
ECNIH2_24650=ECNIH2_24660=ECNIH2_24665=ECNIH2_24670=ECNIH2_24675	5771	NA	5	14.0	no	0	0	0	0	0	0	0	1
ECNIH2_23745=ECNIH2_23750=ECNIH2_23755=ECNIH2_23760=ECNIH2_23765	5768	NA	7	23.1	no	1	1	0	0	0	1	0	1
ECNIH2_25085=ECNIH2_25090=ECNIH2_25095=ECNIH2_25100=ECNIH2_25105	5720	NA	6	17.6	no	0	0	0	0	0	0	0	1
ECNIH2_24525=ECNIH2_24530=ECNIH2_24540=ECNIH2_24545=ECNIH2_24550	5632	NA	6	23.5	no	0	0	0	0	0	0	0	1
ECNIH2_24945=ECNIH2_24950=ECNIH2_24955=ECNIH2_24960=ECNIH2_24965	5606	NA	5	9.1	no	0	0	0	0	0	1	0	1
ECNIH2_24135=ECNIH2_24140=ECNIH2_24145=ECNIH2_24150=ECNIH2_24155	5565	NA	6	31.0	no	0	0	0	0	1	0	0	1
ECNIH2_24950=ECNIH2_24955=ECNIH2_24960=ECNIH2_24965=ECNIH2_24970	5550	NA	5	1.3	no	0	0	0	0	0	0	0	1
ECNIH2_24610=ECNIH2_24615=ECNIH2_24620=ECNIH2_24625=ECNIH2_24630	5525	NA	5	15.0	no	0	0	0	0	0	3	0	1
ECNIH2_24660=ECNIH2_24665=ECNIH2_24670=ECNIH2_24675=ECNIH2_24680	5464	NA	5	26.2	no	0	0	0	0	0	0	0	1
ECNIH2_24930=ECNIH2_24935=ECNIH2_24940=ECNIH2_24945=ECNIH2_24950	5442	NA	5	22.0	no	0	0	0	0	0	3	0	1
ECNIH2_25110=ECNIH2_25115=ECNIH2_25120=ECNIH2_25125=ECNIH2_25130	5425	NA	5	39.7	no	0	0	0	0	2	0	0	1
ECNIH2_24615=ECNIH2_24620=ECNIH2_24625=ECNIH2_24630=ECNIH2_24635	5299	NA	5	7.3	no	0	0	0	0	0	2	0	1
ECNIH2_24530=ECNIH2_24540=ECNIH2_24545=ECNIH2_24550=ECNIH2_24555	5298	NA	6	24.0	no	0	0	0	0	0	0	0	1
ECNIH2_25080=ECNIH2_25085=ECNIH2_25090=ECNIH2_25095=ECNIH2_25100	5298	NA	6	9.0	no	0	0	0	0	0	0	0	1
ECNIH2_25075=ECNIH2_25080=ECNIH2_25085=ECNIH2_25090=ECNIH2_25095	5260	NA	6	0.9	no	0	0	0	0	0	0	0	1
ECNIH2_24100=ECNIH2_24105=ECNIH2_24110=ECNIH2_24115=ECNIH2_24120	5239	NA	5	34.2	no	0	0	0	0	1	0	0	1
ECNIH2_24690=ECNIH2_24695=ECNIH2_24700=ECNIH2_24705=ECNIH2_24710	5235	NA	5	9.3	no	0	0	0	0	0	1	0	1
ECNIH2_24105=ECNIH2_24110=ECNIH2_24115=ECNIH2_24120=ECNIH2_24125	5203	NA	5	33.0	no	0	0	0	0	1	0	0	1
ECNIH2_24555=ECNIH2_24560=ECNIH2_24570=ECNIH2_24575=ECNIH2_24580	5171	NA	6	22.7	no	0	0	0	0	0	0	0	1
ECNIH2_24935=ECNIH2_24940=ECNIH2_24945=ECNIH2_24950=ECNIH2_24955	5165	NA	5	14.9	no	0	0	0	0	0	2	0	1
ECNIH2_24925=ECNIH2_24930=ECNIH2_24935=ECNIH2_24940=ECNIH2_24945	5155	NA	4	27.6	no	0	0	0	0	0	3	0	1
ECNIH2_24965=ECNIH2_24970=ECNIH2_24975=ECNIH2_24980=ECNIH2_24985	5153	NA	5	9.1	no	0	1	0	0	0	1	0	1
ECNIH2_24165=ECNIH2_24170=ECNIH2_24175=ECNIH2_24180=ECNIH2_24185	5134	NA	5	30.8	no	0	0	0	0	0	0	0	1
ECNIH2_24685=ECNIH2_24690=ECNIH2_24695=ECNIH2_24700=ECNIH2_24705	5051	NA	5	11.5	no	0	0	0	0	0	1	0	1
ECNIH2_25105=ECNIH2_25110=ECNIH2_25115=ECNIH2_25120=ECNIH2_25125	5018	NA	5	39.8	no	0	0	0	0	1	0	0	1
ECNIH2_25050=ECNIH2_25055=ECNIH2_25060=ECNIH2_25065=ECNIH2_25070	5015	NA	5	19.2	no	0	0	0	0	0	0	0	1
ECNIH2_24625=ECNIH2_24630=ECNIH2_24635=ECNIH2_24640=ECNIH2_24645	5007	NA	5	7.6	no	0	0	0	0	0	3	0	1
ECNIH2_23665=ECNIH2_23670=ECNIH2_23675=ECNIH2_23685=ECNIH2_23690	4944	NA	6	5.0	no	0	0	0	1	1	0	0	1
ECNIH2_24605=ECNIH2_24610=ECNIH2_24615=ECNIH2_24620=ECNIH2_24625	4926	NA	4	18.6	no	0	0	0	0	0	2	0	1
ECNIH2_25055=ECNIH2_25060=ECNIH2_25065=ECNIH2_25070=ECNIH2_25075	4899	NA	5	9.6	no	0	0	0	0	0	0	0	1
ECNIH2_24190=ECNIH2_24195=ECNIH2_24200=ECNIH2_24205=ECNIH2_24210	4837	NA	6	28.2	no	0	0	0	0	0	0	0	1
ECNIH2_24260=ECNIH2_24265=ECNIH2_24270=ECNIH2_24275=ECNIH2_24280	4811	NA	5	7.7	no	0	0	0	0	0	0	0	0
ECNIH2_23760=ECNIH2_23765=ECNIH2_23770=ECNIH2_23775=ECNIH2_23780	4810	NA	5	42.8	no	0	0	0	0	0	1	0	1
ECNIH2_24940=ECNIH2_24945=ECNIH2_24950=ECNIH2_24955=ECNIH2_24960	4795	NA	5	11.0	no	0	0	0	0	0	2	0	1
ECNIH2_24920=ECNIH2_24925=ECNIH2_24930=ECNIH2_24935=ECNIH2_24940	4786	NA	5	21.0	no	0	0	0	0	0	4	0	1
ECNIH2_24975=ECNIH2_24980=ECNIH2_24985=ECNIH2_24990=ECNIH2_24995	4766	NA	5	16.5	no	0	1	0	0	0	3	0	1
ECNIH2_25045=ECNIH2_25050=ECNIH2_25055=ECNIH2_25060=ECNIH2_25065	4706	NA	6	31.8	no	0	0	0	0	0	0	0	1
ECNIH2_25100=ECNIH2_25105=ECNIH2_25110=ECNIH2_25115=ECNIH2_25120	4695	NA	5	39.8	no	0	0	0	0	0	0	0	1
ECNIH2_24160=ECNIH2_24165=ECNIH2_24170=ECNIH2_24175=ECNIH2_24180	4636	NA	5	31.5	no	0	0	0	0	0	0	0	1
ECNIH2_25060=ECNIH2_25065=ECNIH2_25070=ECNIH2_25075=ECNIH2_25080	4622	NA	5	0.5	no	0	0	0	0	0	0	0	1
ECNIH2_24680=ECNIH2_24685=ECNIH2_24690=ECNIH2_24695=ECNIH2_24700	4599	NA	5	26.0	no	0	0	0	0	0	1	0	1
ECNIH2_23395=ECNIH2_23400=ECNIH2_23405=ECNIH2_23410=ECNIH2_23415	4582	NA	5	48.6	no	1	1	0	0	0	0	0	1
ECNIH2_23890=ECNIH2_23895=ECNIH2_23900=ECNIH2_23905=ECNIH2_23910	4536	NA	5	10.3	no	0	0	0	0	0	0	0	1
ECNIH2_23755=ECNIH2_23760=ECNIH2_23765=ECNIH2_23770=ECNIH2_23775	4512	NA	5	40.7	no	0	0	0	0	0	1	0	1
ECNIH2_24915=ECNIH2_24920=ECNIH2_24925=ECNIH2_24930=ECNIH2_24935	4505	NA	5	18.3	no	0	0	0	0	0	4	0	1
ECNIH2_23765=ECNIH2_23770=ECNIH2_23775=ECNIH2_23780=ECNIH2_23785	4487	NA	5	34.4	no	0	0	0	0	0	0	0	1
ECNIH2_23545=ECNIH2_23550=ECNIH2_23555=ECNIH2_23560=ECNIH2_23570	4478	NA	7	27.4	no	0	0	0	0	0	0	0	1
ECNIH2_24250=ECNIH2_24255=ECNIH2_24260=ECNIH2_24265=ECNIH2_24270	4478	NA	5	23.8	no	0	0	0	0	0	0	0	1
ECNIH2_23540=ECNIH2_23545=ECNIH2_23550=ECNIH2_23555=ECNIH2_23560	4452	NA	6	37.5	no	0	0	0	0	0	0	0	1
ECNIH2_23670=ECNIH2_23675=ECNIH2_23685=ECNIH2_23690=ECNIH2_23695	4449	NA	6	17.4	no	0	0	0	1	1	0	0	1
ECNIH2_24345=ECNIH2_24350=ECNIH2_24355=ECNIH2_24365=ECNIH2_24370	4448	NA	5	28.6	no	0	0	0	0	0	0	0	1
ECNIH2_23795=ECNIH2_23800=ECNIH2_23805=ECNIH2_23820=ECNIH2_23825	4434	NA	6	9.6	no	0	0	0	0	0	0	0	1
ECNIH2_23550=ECNIH2_23555=ECNIH2_23560=ECNIH2_23570=ECNIH2_23575	4411	NA	7	24.4	no	0	0	0	0	0	0	0	1
ECNIH2_23770=ECNIH2_23775=ECNIH2_23780=ECNIH2_23785=ECNIH2_23790	4295	NA	5	43.0	no	0	0	0	0	0	0	0	1
ECNIH2_23725=ECNIH2_23730=ECNIH2_23735=ECNIH2_23740=ECNIH2_23745	4271	NA	5	19.8	no	1	1	0	0	0	0	0	1
ECNIH2_24540=ECNIH2_24545=ECNIH2_24550=ECNIH2_24555=ECNIH2_24560	4268	NA	5	19.4	no	0	0	0	0	0	0	0	1
ECNIH2_24545=ECNIH2_24550=ECNIH2_24555=ECNIH2_24560=ECNIH2_24570	4214	NA	6	17.4	no	0	0	0	0	0	0	0	1
ECNIH2_24520=ECNIH2_24525=ECNIH2_24530=ECNIH2_24540=ECNIH2_24545	4183	NA	6	23.0	no	0	0	0	0	0	0	0	1
ECNIH2_25165=ECNIH2_25170=ECNIH2_25175=ECNIH2_23390=ECNIH2_23395	4130	NA	6	50.0	no	1	1	0	1	0	0	0	1
ECNIH2_23800=ECNIH2_23805=ECNIH2_23820=ECNIH2_23825=ECNIH2_23830	4121	NA	6	9.8	no	0	0	0	0	0	0	0	1
ECNIH2_24630=ECNIH2_24635=ECNIH2_24640=ECNIH2_24645=ECNIH2_24650	4104	NA	5	7.5	no	0	0	0	0	0	2	0	1
ECNIH2_23790=ECNIH2_23795=ECNIH2_23800=ECNIH2_23805=ECNIH2_23820	4074	NA	6	12.4	no	0	0	0	0	0	0	0	1
ECNIH2_24900=ECNIH2_24905=ECNIH2_24910=ECNIH2_24915=ECNIH2_24920	4057	NA	5	9.1	no	0	0	0	0	0	2	0	1
ECNIH2_23915=ECNIH2_23920=ECNIH2_23925=ECNIH2_23935=ECNIH2_23940	4045	NA	7	47.4	no	0	0	0	0	0	0	0	1
ECNIH2_25170=ECNIH2_25175=ECNIH2_23390=ECNIH2_23395=ECNIH2_23400	4026	NA	5	48.2	no	1	1	0	1	0	0	0	1
ECNIH2_23750=ECNIH2_23755=ECNIH2_23760=ECNIH2_23765=ECNIH2_23770	3999	NA	5	34.7	no	0	0	0	0	0	1	0	1
ECNIH2_24350=ECNIH2_24355=ECNIH2_24365=ECNIH2_24370=ECNIH2_24375	3992	NA	5	27.2	no	0	0	0	0	0	0	0	1
ECNIH2_23390=ECNIH2_23395=ECNIH2_23400=ECNIH2_23405=ECNIH2_23410	3977	NA	5	47.8	no	1	1	0	0	0	0	0	1
ECNIH2_25065=ECNIH2_25070=ECNIH2_25075=ECNIH2_25080=ECNIH2_25085	3971	NA	5	0.6	no	0	0	0	0	0	0	0	1
ECNIH2_24595=ECNIH2_24600=ECNIH2_24605=ECNIH2_24610=ECNIH2_24615	3969	NA	5	34.0	no	0	0	0	0	0	3	0	1
ECNIH2_25155=ECNIH2_25160=ECNIH2_25165=ECNIH2_25170=ECNIH2_25175	3969	NA	6	44.5	no	0	0	0	1	0	0	0	1
ECNIH2_24155=ECNIH2_24160=ECNIH2_24165=ECNIH2_24170=ECNIH2_24175	3968	NA	5	31.9	no	0	0	0	0	0	0	0	1
ECNIH2_23715=ECNIH2_23720=ECNIH2_23725=ECNIH2_23730=ECNIH2_23735	3938	NA	5	18.4	no	0	0	0	0	0	0	0	1
ECNIH2_23895=ECNIH2_23900=ECNIH2_23905=ECNIH2_23910=ECNIH2_23915	3935	NA	5	24.3	no	0	0	0	0	0	0	0	1
ECNIH2_24970=ECNIH2_24975=ECNIH2_24980=ECNIH2_24985=ECNIH2_24990	3917	NA	5	13.2	no	0	1	0	0	0	2	0	1
ECNIH2_23975=ECNIH2_23980=ECNIH2_23985=ECNIH2_23990=ECNIH2_23995	3916	NA	5	27.6	no	0	0	0	0	0	0	0	1
ECNIH2_24140=ECNIH2_24145=ECNIH2_24150=ECNIH2_24155=ECNIH2_24160	3916	NA	6	31.2	no	0	0	0	0	0	0	0	1
ECNIH2_23910=ECNIH2_23915=ECNIH2_23920=ECNIH2_23925=ECNIH2_23935	3911	NA	6	48.6	no	0	0	0	0	0	0	0	1
ECNIH2_23775=ECNIH2_23780=ECNIH2_23785=ECNIH2_23790=ECNIH2_23795	3910	NA	5	40.9	no	0	0	0	0	0	0	0	1
ECNIH2_23985=ECNIH2_23990=ECNIH2_23995=ECNIH2_24000=ECNIH2_24005	3898	NA	5	35.4	no	0	0	0	0	0	0	0	1
ECNIH2_24590=ECNIH2_24595=ECNIH2_24600=ECNIH2_24605=ECNIH2_24610	3893	NA	5	33.8	no	0	0	0	0	0	3	0	1
ECNIH2_24645=ECNIH2_24650=ECNIH2_24660=ECNIH2_24665=ECNIH2_24670	3862	NA	5	7.9	no	0	0	0	0	0	1	0	1
ECNIH2_24145=ECNIH2_24150=ECNIH2_24155=ECNIH2_24160=ECNIH2_24165	3852	NA	6	31.5	no	0	0	0	0	0	0	0	1
ECNIH2_24635=ECNIH2_24640=ECNIH2_24645=ECNIH2_24650=ECNIH2_24660	3849	NA	5	7.5	no	0	0	0	0	0	1	0	1
ECNIH2_23720=ECNIH2_23725=ECNIH2_23730=ECNIH2_23735=ECNIH2_23740	3832	NA	5	19.6	no	0	0	0	0	0	0	0	1
ECNIH2_24070=ECNIH2_24075=ECNIH2_24080=ECNIH2_24085=ECNIH2_24090	3812	NA	5	39.7	no	0	0	0	0	3	0	0	1
ECNIH2_24550=ECNIH2_24555=ECNIH2_24560=ECNIH2_24570=ECNIH2_24575	3765	NA	6	27.3	no	0	0	0	0	0	0	0	1
ECNIH2_24110=ECNIH2_24115=ECNIH2_24120=ECNIH2_24125=ECNIH2_24130	3745	NA	5	32.8	no	0	0	0	0	2	0	0	1
ECNIH2_24245=ECNIH2_24250=ECNIH2_24255=ECNIH2_24260=ECNIH2_24265	3745	NA	5	29.8	no	0	0	0	0	0	0	0	1
ECNIH2_23955=ECNIH2_23960=ECNIH2_23965=ECNIH2_23970=ECNIH2_23975	3723	NA	6	34.9	no	0	0	0	0	0	0	0	1
ECNIH2_24065=ECNIH2_24070=ECNIH2_24075=ECNIH2_24080=ECNIH2_24085	3694	NA	5	40.0	no	0	0	0	0	3	0	0	1
ECNIH2_24600=ECNIH2_24605=ECNIH2_24610=ECNIH2_24615=ECNIH2_24620	3691	NA	5	23.6	no	0	0	0	0	0	3	0	1
ECNIH2_24015=ECNIH2_24020=ECNIH2_24025=ECNIH2_24030=ECNIH2_24035	3686	NA	5	33.6	no	0	0	0	0	1	0	0	1
ECNIH2_24905=ECNIH2_24910=ECNIH2_24915=ECNIH2_24920=ECNIH2_24925	3668	NA	5	16.7	no	0	0	0	0	0	3	0	1
ECNIH2_23400=ECNIH2_23405=ECNIH2_23410=ECNIH2_23415=ECNIH2_23420	3662	NA	5	50.1	no	0	0	0	0	0	0	0	1
ECNIH2_25160=ECNIH2_25165=ECNIH2_25170=ECNIH2_25175=ECNIH2_23390	3656	NA	6	50.6	no	0	0	0	1	0	0	0	1
ECNIH2_24910=ECNIH2_24915=ECNIH2_24920=ECNIH2_24925=ECNIH2_24930	3655	NA	5	24.4	no	0	0	0	0	0	4	0	1
ECNIH2_24060=ECNIH2_24065=ECNIH2_24070=ECNIH2_24075=ECNIH2_24080	3629	NA	5	40.4	no	0	0	0	0	2	0	0	1
ECNIH2_25040=ECNIH2_25045=ECNIH2_25050=ECNIH2_25055=ECNIH2_25060	3628	NA	6	38.7	no	0	0	0	0	0	0	0	1
ECNIH2_23410=ECNIH2_23415=ECNIH2_23420=ECNIH2_23425=ECNIH2_23430	3613	NA	5	52.8	no	0	0	0	0	0	0	0	1
ECNIH2_23555=ECNIH2_23560=ECNIH2_23570=ECNIH2_23575=ECNIH2_23580	3595	NA	6	20.7	no	0	0	0	0	0	0	0	1
ECNIH2_23585=ECNIH2_23590=ECNIH2_23595=ECNIH2_23600=ECNIH2_23605	3589	NA	4	8.2	no	0	0	0	0	0	1	0	1
ECNIH2_23560=ECNIH2_23570=ECNIH2_23575=ECNIH2_23580=ECNIH2_23585	3581	NA	6	20.5	no	0	0	0	0	0	0	0	1
ECNIH2_23440=ECNIH2_23445=ECNIH2_23450=ECNIH2_23455=ECNIH2_23460	3568	NA	5	41.0	no	0	0	0	0	0	0	0	1
ECNIH2_24240=ECNIH2_24245=ECNIH2_24250=ECNIH2_24255=ECNIH2_24260	3548	NA	5	29.6	no	0	0	0	0	0	0	0	1
ECNIH2_23980=ECNIH2_23985=ECNIH2_23990=ECNIH2_23995=ECNIH2_24000	3531	NA	5	27.4	no	0	0	0	0	0	0	0	1
ECNIH2_25095=ECNIH2_25100=ECNIH2_25105=ECNIH2_25110=ECNIH2_25115	3519	NA	5	29.8	no	0	0	0	0	0	0	0	1
ECNIH2_24150=ECNIH2_24155=ECNIH2_24160=ECNIH2_24165=ECNIH2_24170	3508	NA	6	31.3	no	0	0	0	0	0	0	0	1
ECNIH2_23405=ECNIH2_23410=ECNIH2_23415=ECNIH2_23420=ECNIH2_23425	3495	NA	5	52.7	no	0	0	0	0	0	0	0	1
ECNIH2_24980=ECNIH2_24985=ECNIH2_24990=ECNIH2_24995=ECNIH2_25000	3476	NA	5	23.0	no	0	0	0	0	0	4	0	1
ECNIH2_25150=ECNIH2_25155=ECNIH2_25160=ECNIH2_25165=ECNIH2_25170	3475	NA	6	43.5	no	0	0	0	0	0	0	0	1
ECNIH2_23430=ECNIH2_23435=ECNIH2_23440=ECNIH2_23445=ECNIH2_23450	3472	NA	5	39.8	no	0	0	0	0	0	0	0	1
ECNIH2_23780=ECNIH2_23785=ECNIH2_23790=ECNIH2_23795=ECNIH2_23800	3469	NA	5	29.2	no	0	0	0	0	0	0	0	1
ECNIH2_23905=ECNIH2_23910=ECNIH2_23915=ECNIH2_23920=ECNIH2_23925	3465	NA	5	39.5	no	0	0	0	0	0	0	0	1
ECNIH2_24235=ECNIH2_24240=ECNIH2_24245=ECNIH2_24250=ECNIH2_24255	3465	NA	5	29.3	no	0	0	0	0	0	0	0	1
ECNIH2_25035=ECNIH2_25040=ECNIH2_25045=ECNIH2_25050=ECNIH2_25055	3462	NA	6	43.1	no	0	0	0	0	0	0	0	1
ECNIH2_24255=ECNIH2_24260=ECNIH2_24265=ECNIH2_24270=ECNIH2_24275	3455	NA	5	10.2	no	0	0	0	0	0	0	0	0
ECNIH2_23435=ECNIH2_23440=ECNIH2_23445=ECNIH2_23450=ECNIH2_23455	3450	NA	5	33.6	no	0	0	0	0	0	0	0	1
ECNIH2_24640=ECNIH2_24645=ECNIH2_24650=ECNIH2_24660=ECNIH2_24665	3444	NA	5	7.9	no	0	0	0	0	0	1	0	1
ECNIH2_23940=ECNIH2_23945=ECNIH2_23950=ECNIH2_23955=ECNIH2_23960	3431	NA	5	46.4	no	0	0	0	0	0	0	0	1
ECNIH2_23805=ECNIH2_23820=ECNIH2_23825=ECNIH2_23830=ECNIH2_23835	3429	NA	6	10.1	no	0	0	0	0	0	0	0	1
ECNIH2_23960=ECNIH2_23965=ECNIH2_23970=ECNIH2_23975=ECNIH2_23980	3426	NA	6	27.4	no	0	0	0	0	0	0	0	1
ECNIH2_23945=ECNIH2_23950=ECNIH2_23955=ECNIH2_23960=ECNIH2_23965	3420	NA	5	45.5	no	0	0	0	0	0	0	0	1
ECNIH2_25175=ECNIH2_23390=ECNIH2_23395=ECNIH2_23400=ECNIH2_23405	3415	NA	5	48.0	no	1	1	0	0	0	0	0	1
ECNIH2_23535=ECNIH2_23540=ECNIH2_23545=ECNIH2_23550=ECNIH2_23555	3400	NA	6	41.1	no	0	0	0	0	0	0	0	1
ECNIH2_23580=ECNIH2_23585=ECNIH2_23590=ECNIH2_23595=ECNIH2_23600	3391	NA	4	15.2	no	0	0	0	0	0	1	0	1
ECNIH2_23675=ECNIH2_23685=ECNIH2_23690=ECNIH2_23695=ECNIH2_23700	3379	NA	6	16.6	no	0	0	0	1	0	0	0	1
ECNIH2_24995=ECNIH2_25000=ECNIH2_25005=ECNIH2_25010=ECNIH2_25015	3370	NA	5	31.6	no	0	0	0	0	0	4	0	1
ECNIH2_23950=ECNIH2_23955=ECNIH2_23960=ECNIH2_23965=ECNIH2_23970	3353	NA	6	35.9	no	0	0	0	0	0	0	0	1
ECNIH2_24495=ECNIH2_24500=ECNIH2_24505=ECNIH2_24510=ECNIH2_24515	3336	NA	5	17.7	no	0	0	0	0	0	0	0	1
ECNIH2_25020=ECNIH2_25025=ECNIH2_25030=ECNIH2_25035=ECNIH2_25040	3336	NA	6	15.0	no	0	0	0	0	0	0	0	1
ECNIH2_23920=ECNIH2_23925=ECNIH2_23935=ECNIH2_23940=ECNIH2_23945	3314	NA	7	47.2	no	0	0	0	0	0	0	0	1
ECNIH2_24055=ECNIH2_24060=ECNIH2_24065=ECNIH2_24070=ECNIH2_24075	3314	NA	6	40.4	no	0	0	0	0	1	0	0	1
ECNIH2_23925=ECNIH2_23935=ECNIH2_23940=ECNIH2_23945=ECNIH2_23950	3306	NA	7	46.7	no	0	0	0	0	0	0	0	1
ECNIH2_25015=ECNIH2_25020=ECNIH2_25025=ECNIH2_25030=ECNIH2_25035	3288	NA	6	14.8	no	0	0	0	0	0	1	0	1
ECNIH2_23710=ECNIH2_23715=ECNIH2_23720=ECNIH2_23725=ECNIH2_23730	3245	NA	5	22.9	no	0	0	0	0	0	0	0	1
ECNIH2_24230=ECNIH2_24235=ECNIH2_24240=ECNIH2_24245=ECNIH2_24250	3233	NA	5	29.8	no	0	0	0	0	0	0	0	1
ECNIH2_24990=ECNIH2_24995=ECNIH2_25000=ECNIH2_25005=ECNIH2_25010	3223	NA	5	27.7	no	0	0	0	0	0	4	0	1
ECNIH2_23425=ECNIH2_23430=ECNIH2_23435=ECNIH2_23440=ECNIH2_23445	3214	NA	5	50.5	no	0	0	0	0	0	0	0	1
ECNIH2_23900=ECNIH2_23905=ECNIH2_23910=ECNIH2_23915=ECNIH2_23920	3208	NA	5	34.0	no	0	0	0	0	0	0	0	1
ECNIH2_23445=ECNIH2_23450=ECNIH2_23455=ECNIH2_23460=ECNIH2_23465	3178	NA	5	40.8	no	0	0	0	0	0	0	0	1
ECNIH2_24500=ECNIH2_24505=ECNIH2_24510=ECNIH2_24515=ECNIH2_24520	3139	NA	5	24.7	no	0	0	0	0	0	0	0	1
ECNIH2_25010=ECNIH2_25015=ECNIH2_25020=ECNIH2_25025=ECNIH2_25030	3106	NA	6	14.5	no	0	0	0	0	0	1	0	1
ECNIH2_24985=ECNIH2_24990=ECNIH2_24995=ECNIH2_25000=ECNIH2_25005	3075	NA	5	26.9	no	0	0	0	0	0	5	0	1
ECNIH2_23705=ECNIH2_23710=ECNIH2_23715=ECNIH2_23720=ECNIH2_23725	3057	NA	7	20.6	no	0	0	0	0	0	0	0	1
ECNIH2_25140=ECNIH2_25145=ECNIH2_25150=ECNIH2_25155=ECNIH2_25160	3051	NA	5	41.4	no	0	0	0	0	0	0	0	1
ECNIH2_23575=ECNIH2_23580=ECNIH2_23585=ECNIH2_23590=ECNIH2_23595	3024	NA	4	21.6	no	0	0	0	0	0	0	0	1
ECNIH2_25000=ECNIH2_25005=ECNIH2_25010=ECNIH2_25015=ECNIH2_25020	2987	NA	5	28.8	no	0	0	0	0	0	3	0	1
ECNIH2_25030=ECNIH2_25035=ECNIH2_25040=ECNIH2_25045=ECNIH2_25050	2951	NA	6	35.7	no	0	0	0	0	0	0	0	1
ECNIH2_24045=ECNIH2_24050=ECNIH2_24055=ECNIH2_24060=ECNIH2_24065	2911	NA	6	23.5	no	0	0	0	0	0	0	0	1
ECNIH2_24515=ECNIH2_24520=ECNIH2_24525=ECNIH2_24530=ECNIH2_24540	2903	NA	6	31.7	no	0	0	0	0	0	0	0	1
ECNIH2_24195=ECNIH2_24200=ECNIH2_24205=ECNIH2_24210=ECNIH2_24215	2830	NA	5	29.7	no	0	0	0	0	0	0	0	1
ECNIH2_24040=ECNIH2_24045=ECNIH2_24050=ECNIH2_24055=ECNIH2_24060	2811	NA	6	11.3	no	0	0	0	0	0	0	0	1
ECNIH2_23570=ECNIH2_23575=ECNIH2_23580=ECNIH2_23585=ECNIH2_23590	2806	NA	5	19.8	no	0	0	0	0	0	0	0	1
ECNIH2_25005=ECNIH2_25010=ECNIH2_25015=ECNIH2_25020=ECNIH2_25025	2803	NA	5	25.3	no	0	0	0	0	0	2	0	1
ECNIH2_23420=ECNIH2_23425=ECNIH2_23430=ECNIH2_23435=ECNIH2_23440	2779	NA	5	50.2	no	0	0	0	0	0	0	0	1
ECNIH2_23785=ECNIH2_23790=ECNIH2_23795=ECNIH2_23800=ECNIH2_23805	2768	NA	5	16.9	no	0	0	0	0	0	0	0	1
ECNIH2_23835=ECNIH2_23840=ECNIH2_23845=ECNIH2_23850=ECNIH2_23855	2749	NA	5	12.5	no	0	0	0	0	0	0	0	1
ECNIH2_23450=ECNIH2_23455=ECNIH2_23460=ECNIH2_23465=ECNIH2_23470	2700	NA	5	40.0	no	0	0	0	0	0	0	0	1
ECNIH2_23690=ECNIH2_23695=ECNIH2_23700=ECNIH2_23705=ECNIH2_23710	2685	NA	7	18.8	no	0	0	0	0	0	0	0	1
ECNIH2_24025=ECNIH2_24030=ECNIH2_24035=ECNIH2_24040=ECNIH2_24045	2657	NA	5	6.4	no	0	0	0	0	0	0	0	1
ECNIH2_24510=ECNIH2_24515=ECNIH2_24520=ECNIH2_24525=ECNIH2_24530	2657	NA	5	31.2	no	0	0	0	0	0	0	0	1
ECNIH2_25025=ECNIH2_25030=ECNIH2_25035=ECNIH2_25040=ECNIH2_25045	2647	NA	6	22.5	no	0	0	0	0	0	0	0	1
ECNIH2_24200=ECNIH2_24205=ECNIH2_24210=ECNIH2_24215=ECNIH2_24220	2642	NA	5	30.3	no	0	0	0	0	0	0	0	1
ECNIH2_23935=ECNIH2_23940=ECNIH2_23945=ECNIH2_23950=ECNIH2_23955	2626	NA	6	46.1	no	0	0	0	0	0	0	0	1
ECNIH2_23845=ECNIH2_23850=ECNIH2_23855=ECNIH2_23860=ECNIH2_23865	2608	NA	5	17.7	no	0	0	0	0	0	0	0	1
ECNIH2_23840=ECNIH2_23845=ECNIH2_23850=ECNIH2_23855=ECNIH2_23860	2600	NA	5	15.9	no	0	0	0	0	0	0	0	1
ECNIH2_24205=ECNIH2_24210=ECNIH2_24215=ECNIH2_24220=ECNIH2_24230	2597	NA	6	30.3	no	0	0	0	0	0	0	0	1
ECNIH2_24050=ECNIH2_24055=ECNIH2_24060=ECNIH2_24065=ECNIH2_24070	2592	NA	6	33.8	no	0	0	0	0	0	0	0	1
ECNIH2_23700=ECNIH2_23705=ECNIH2_23710=ECNIH2_23715=ECNIH2_23720	2577	NA	7	19.7	no	0	0	0	0	0	0	0	1
ECNIH2_23695=ECNIH2_23700=ECNIH2_23705=ECNIH2_23710=ECNIH2_23715	2549	NA	7	19.7	no	0	0	0	0	0	0	0	1
ECNIH2_23415=ECNIH2_23420=ECNIH2_23425=ECNIH2_23430=ECNIH2_23435	2533	NA	5	50.4	no	0	0	0	0	0	0	0	1
ECNIH2_25145=ECNIH2_25150=ECNIH2_25155=ECNIH2_25160=ECNIH2_25165	2452	NA	5	41.6	no	0	0	0	0	0	0	0	1
ECNIH2_23460=ECNIH2_23465=ECNIH2_23470=ECNIH2_23475=ECNIH2_23480	2395	NA	5	47.6	no	0	0	0	0	0	0	0	1
ECNIH2_23820=ECNIH2_23825=ECNIH2_23830=ECNIH2_23835=ECNIH2_23840	2390	NA	5	11.8	no	0	0	0	0	0	0	0	1
ECNIH2_23470=ECNIH2_23475=ECNIH2_23480=ECNIH2_23485=ECNIH2_23490	2351	NA	5	44.9	no	0	0	0	0	0	0	0	1
ECNIH2_23480=ECNIH2_23485=ECNIH2_23490=ECNIH2_23495=ECNIH2_23500	2327	NA	5	45.4	no	0	0	0	0	0	0	0	1
ECNIH2_24220=ECNIH2_24230=ECNIH2_24235=ECNIH2_24240=ECNIH2_24245	2320	NA	6	30.1	no	0	0	0	0	0	0	0	1
ECNIH2_24215=ECNIH2_24220=ECNIH2_24230=ECNIH2_24235=ECNIH2_24240	2319	NA	6	30.1	no	0	0	0	0	0	0	0	1
ECNIH2_23965=ECNIH2_23970=ECNIH2_23975=ECNIH2_23980=ECNIH2_23985	2303	NA	6	25.9	no	0	0	0	0	0	0	0	1
ECNIH2_23685=ECNIH2_23690=ECNIH2_23695=ECNIH2_23700=ECNIH2_23705	2278	NA	5	14.9	no	0	0	0	0	0	0	0	1
ECNIH2_23850=ECNIH2_23855=ECNIH2_23860=ECNIH2_23865=ECNIH2_23870	2278	NA	5	17.7	no	0	0	0	0	0	0	0	1
ECNIH2_24020=ECNIH2_24025=ECNIH2_24030=ECNIH2_24035=ECNIH2_24040	2273	NA	5	18.9	no	0	0	0	0	0	0	0	1
ECNIH2_23530=ECNIH2_23535=ECNIH2_23540=ECNIH2_23545=ECNIH2_23550	2270	NA	5	48.4	no	0	0	0	0	0	0	0	1
ECNIH2_23465=ECNIH2_23470=ECNIH2_23475=ECNIH2_23480=ECNIH2_23485	2250	NA	5	45.3	no	0	0	0	0	0	0	0	1
ECNIH2_23475=ECNIH2_23480=ECNIH2_23485=ECNIH2_23490=ECNIH2_23495	2163	NA	5	45.5	no	0	0	0	0	0	0	0	1
ECNIH2_23830=ECNIH2_23835=ECNIH2_23840=ECNIH2_23845=ECNIH2_23850	2115	NA	5	13.6	no	0	0	0	0	0	0	0	1
ECNIH2_24210=ECNIH2_24215=ECNIH2_24220=ECNIH2_24230=ECNIH2_24235	2069	NA	6	30.1	no	0	0	0	0	0	0	0	1
ECNIH2_23495=ECNIH2_23500=ECNIH2_23505=ECNIH2_23510=ECNIH2_23515	2049	NA	5	50.1	no	0	0	0	0	0	0	0	1
ECNIH2_23455=ECNIH2_23460=ECNIH2_23465=ECNIH2_23470=ECNIH2_23475	2036	NA	5	50.1	no	0	0	0	0	0	0	0	1
ECNIH2_23500=ECNIH2_23505=ECNIH2_23510=ECNIH2_23515=ECNIH2_23520	2030	NA	5	40.8	no	0	0	0	0	0	0	0	1
ECNIH2_23970=ECNIH2_23975=ECNIH2_23980=ECNIH2_23985=ECNIH2_23990	2021	NA	4	24.0	no	0	0	0	0	0	0	0	1
ECNIH2_24505=ECNIH2_24510=ECNIH2_24515=ECNIH2_24520=ECNIH2_24525	2006	NA	5	30.9	no	0	0	0	0	0	0	0	1
ECNIH2_23855=ECNIH2_23860=ECNIH2_23865=ECNIH2_23870=ECNIH2_23875	1981	NA	5	17.4	no	0	0	0	0	0	0	0	1
ECNIH2_23510=ECNIH2_23515=ECNIH2_23520=ECNIH2_23525=ECNIH2_23530	1979	NA	5	40.7	no	0	0	0	0	0	0	0	1
ECNIH2_23525=ECNIH2_23530=ECNIH2_23535=ECNIH2_23540=ECNIH2_23545	1975	NA	5	48.8	no	0	0	0	0	0	0	0	1
ECNIH2_23515=ECNIH2_23520=ECNIH2_23525=ECNIH2_23530=ECNIH2_23535	1929	NA	5	40.6	no	0	0	0	0	0	0	0	1
ECNIH2_23490=ECNIH2_23495=ECNIH2_23500=ECNIH2_23505=ECNIH2_23510	1923	NA	5	50.3	no	0	0	0	0	0	0	0	1
ECNIH2_23825=ECNIH2_23830=ECNIH2_23835=ECNIH2_23840=ECNIH2_23845	1911	NA	5	14.7	no	0	0	0	0	0	0	0	1
ECNIH2_23505=ECNIH2_23510=ECNIH2_23515=ECNIH2_23520=ECNIH2_23525	1904	NA	5	40.7	no	0	0	0	0	0	0	0	1
ECNIH2_23865=ECNIH2_23870=ECNIH2_23875=ECNIH2_23880=ECNIH2_23885	1876	NA	5	5.3	no	0	0	0	0	0	0	0	1
ECNIH2_23485=ECNIH2_23490=ECNIH2_23495=ECNIH2_23500=ECNIH2_23505	1773	NA	5	47.8	no	0	0	0	0	0	0	0	1
ECNIH2_23520=ECNIH2_23525=ECNIH2_23530=ECNIH2_23535=ECNIH2_23540	1641	NA	5	40.1	no	0	0	0	0	0	0	0	1
ECNIH2_23860=ECNIH2_23865=ECNIH2_23870=ECNIH2_23875=ECNIH2_23880	1248	NA	5	13.7	no	0	0	0	0	0	0	0	1
