ID	Length	Coverage	# ORFs	RDS	Circular	Inc Type(s)	# Replication	# Mobilization	# OriT	# Conjugation	# AMRs	# rRNAs	# Plasmid Hits
ECNIH2_26890=ECNIH2_26895=ECNIH2_26900=ECNIH2_26905=ECNIH2_26910	7714	NA	12	1.0	no	0	0	0	0	0	0	0	1
ECNIH2_26895=ECNIH2_26900=ECNIH2_26905=ECNIH2_26910=ECNIH2_26915	7658	NA	12	4.7	no	0	0	0	0	0	0	0	1
ECNIH2_26900=ECNIH2_26905=ECNIH2_26910=ECNIH2_26915=ECNIH2_26920	7569	NA	11	15.1	no	0	0	0	0	0	1	0	1
ECNIH2_26885=ECNIH2_26890=ECNIH2_26895=ECNIH2_26900=ECNIH2_26905	7098	NA	12	0.7	no	0	0	0	0	0	0	0	1
ECNIH2_26860=ECNIH2_26865=ECNIH2_26870=ECNIH2_26875=ECNIH2_26880	6242	NA	7	13.7	no	0	0	0	0	0	1	0	1
ECNIH2_26785=ECNIH2_26790=ECNIH2_26795=ECNIH2_26800=ECNIH2_26805	6194	NA	6	4.7	no	0	0	1	0	0	0	0	1
ECNIH2_26880=ECNIH2_26885=ECNIH2_26890=ECNIH2_26895=ECNIH2_26900	6152	NA	10	6.9	no	0	0	0	0	0	1	0	1
ECNIH2_26780=ECNIH2_26785=ECNIH2_26790=ECNIH2_26795=ECNIH2_26800	6099	NA	6	5.9	no	0	0	1	0	0	0	0	1
ECNIH2_26870=ECNIH2_26875=ECNIH2_26880=ECNIH2_26885=ECNIH2_26890	6083	NA	6	20.0	no	0	0	0	0	0	1	0	1
ECNIH2_26855=ECNIH2_26860=ECNIH2_26865=ECNIH2_26870=ECNIH2_26875	5841	NA	7	7.1	no	0	0	0	0	0	0	0	1
ECNIH2_26790=ECNIH2_26795=ECNIH2_26800=ECNIH2_26805=ECNIH2_26810	5788	NA	6	3.5	no	0	0	1	0	0	0	0	1
ECNIH2_26690=ECNIH2_26695=ECNIH2_26700=ECNIH2_26705=ECNIH2_26710	5754	NA	5	28.9	no	1	0	0	0	0	0	0	0
ECNIH2_26680=ECNIH2_26685=ECNIH2_26690=ECNIH2_26695=ECNIH2_26700	5680	NA	5	29.0	no	1	0	0	0	0	0	0	0
ECNIH2_26775=ECNIH2_26780=ECNIH2_26785=ECNIH2_26790=ECNIH2_26795	5636	NA	6	6.0	no	0	0	1	0	0	0	0	1
ECNIH2_26685=ECNIH2_26690=ECNIH2_26695=ECNIH2_26700=ECNIH2_26705	5628	NA	4	36.2	no	1	0	0	0	0	0	0	0
ECNIH2_26820=ECNIH2_26825=ECNIH2_26830=ECNIH2_26835=ECNIH2_26840	5604	NA	5	6.6	no	0	0	0	0	1	0	0	1
ECNIH2_26865=ECNIH2_26870=ECNIH2_26875=ECNIH2_26880=ECNIH2_26885	5553	NA	6	15.1	no	0	0	0	0	0	1	0	1
ECNIH2_26850=ECNIH2_26855=ECNIH2_26860=ECNIH2_26865=ECNIH2_26870	5512	NA	7	8.0	no	0	0	0	0	1	0	0	1
ECNIH2_26675=ECNIH2_26680=ECNIH2_26685=ECNIH2_26690=ECNIH2_26695	5283	NA	5	16.8	no	1	0	0	0	0	0	0	0
ECNIH2_26815=ECNIH2_26820=ECNIH2_26825=ECNIH2_26830=ECNIH2_26835	5240	NA	5	6.7	no	0	0	0	0	1	0	0	1
ECNIH2_26905=ECNIH2_26910=ECNIH2_26915=ECNIH2_26920=ECNIH2_26675	5092	NA	7	23.7	no	0	0	0	0	0	1	0	1
ECNIH2_26695=ECNIH2_26700=ECNIH2_26705=ECNIH2_26710=ECNIH2_26715	4958	NA	5	28.9	no	0	0	0	0	0	0	0	0
ECNIH2_26800=ECNIH2_26805=ECNIH2_26810=ECNIH2_26815=ECNIH2_26820	4955	NA	5	4.3	no	0	0	0	0	0	0	0	1
ECNIH2_26875=ECNIH2_26880=ECNIH2_26885=ECNIH2_26890=ECNIH2_26895	4618	NA	6	11.5	no	0	0	0	0	0	1	0	1
ECNIH2_26805=ECNIH2_26810=ECNIH2_26815=ECNIH2_26820=ECNIH2_26825	4539	NA	5	4.4	no	0	0	0	0	0	0	0	1
ECNIH2_26810=ECNIH2_26815=ECNIH2_26820=ECNIH2_26825=ECNIH2_26830	4501	NA	5	5.8	no	0	0	0	0	0	0	0	1
ECNIH2_26835=ECNIH2_26840=ECNIH2_26845=ECNIH2_26850=ECNIH2_26855	4445	NA	5	6.4	no	0	0	0	0	2	0	0	1
ECNIH2_26830=ECNIH2_26835=ECNIH2_26840=ECNIH2_26845=ECNIH2_26850	4433	NA	5	6.4	no	0	0	0	0	2	0	0	1
ECNIH2_26840=ECNIH2_26845=ECNIH2_26850=ECNIH2_26855=ECNIH2_26860	4340	NA	6	6.9	no	0	0	0	0	1	0	0	1
ECNIH2_26845=ECNIH2_26850=ECNIH2_26855=ECNIH2_26860=ECNIH2_26865	4325	NA	7	6.6	no	0	0	0	0	1	0	0	1
ECNIH2_26770=ECNIH2_26775=ECNIH2_26780=ECNIH2_26785=ECNIH2_26790	4242	NA	5	7.3	no	0	0	0	0	0	0	0	1
ECNIH2_26825=ECNIH2_26830=ECNIH2_26835=ECNIH2_26840=ECNIH2_26845	3866	NA	5	6.5	no	0	0	0	0	1	0	0	1
ECNIH2_26725=ECNIH2_26730=ECNIH2_26735=ECNIH2_26740=ECNIH2_26745	3701	NA	7	6.3	no	0	0	0	0	0	0	0	1
ECNIH2_26910=ECNIH2_26915=ECNIH2_26920=ECNIH2_26675=ECNIH2_26680	3616	NA	6	28.9	no	0	0	0	0	0	1	0	1
ECNIH2_26720=ECNIH2_26725=ECNIH2_26730=ECNIH2_26735=ECNIH2_26740	3601	NA	7	6.2	no	0	0	0	0	0	0	0	1
ECNIH2_26730=ECNIH2_26735=ECNIH2_26740=ECNIH2_26745=ECNIH2_26750	3377	NA	7	6.1	no	0	0	0	0	0	0	0	1
ECNIH2_26915=ECNIH2_26920=ECNIH2_26675=ECNIH2_26680=ECNIH2_26685	3225	NA	6	26.9	no	0	0	0	0	0	1	0	1
ECNIH2_26920=ECNIH2_26675=ECNIH2_26680=ECNIH2_26685=ECNIH2_26690	3100	NA	6	20.7	no	1	0	0	0	0	1	0	1
ECNIH2_26795=ECNIH2_26800=ECNIH2_26805=ECNIH2_26810=ECNIH2_26815	3091	NA	5	4.2	no	0	0	1	0	0	0	0	1
ECNIH2_26715=ECNIH2_26720=ECNIH2_26725=ECNIH2_26730=ECNIH2_26735	2949	NA	5	5.7	no	0	0	0	0	0	0	0	1
ECNIH2_26735=ECNIH2_26740=ECNIH2_26745=ECNIH2_26750=ECNIH2_26755	2946	NA	7	6.2	no	0	0	0	0	0	0	0	1
ECNIH2_26760=ECNIH2_26765=ECNIH2_26770=ECNIH2_26775=ECNIH2_26780	2898	NA	5	5.8	no	0	0	0	0	0	0	0	1
ECNIH2_26765=ECNIH2_26770=ECNIH2_26775=ECNIH2_26780=ECNIH2_26785	2858	NA	5	5.8	no	0	0	0	0	0	0	0	1
ECNIH2_26755=ECNIH2_26760=ECNIH2_26765=ECNIH2_26770=ECNIH2_26775	2748	NA	5	5.9	no	0	0	0	0	0	0	0	1
ECNIH2_26750=ECNIH2_26755=ECNIH2_26760=ECNIH2_26765=ECNIH2_26770	2503	NA	5	5.7	no	0	0	0	0	0	0	0	1
ECNIH2_26710=ECNIH2_26715=ECNIH2_26720=ECNIH2_26725=ECNIH2_26730	2393	NA	5	5.8	no	0	0	0	0	0	0	0	1
ECNIH2_26700=ECNIH2_26705=ECNIH2_26710=ECNIH2_26715=ECNIH2_26720	2365	NA	5	16.6	no	0	0	0	0	0	0	0	0
ECNIH2_26705=ECNIH2_26710=ECNIH2_26715=ECNIH2_26720=ECNIH2_26725	2316	NA	5	5.8	no	0	0	0	0	0	0	0	1
ECNIH2_26745=ECNIH2_26750=ECNIH2_26755=ECNIH2_26760=ECNIH2_26765	2255	NA	5	7.2	no	0	0	0	0	0	0	0	1
ECNIH2_26740=ECNIH2_26745=ECNIH2_26750=ECNIH2_26755=ECNIH2_26760	2127	NA	5	7.3	no	0	0	0	0	0	0	0	1
