ID	Length	Coverage	# ORFs	RDS	Circular	Inc Type(s)	# Replication	# Mobilization	# OriT	# Conjugation	# AMRs	# rRNAs	# Plasmid Hits
CFNIH1_25420=CFNIH1_25425=CFNIH1_25430=CFNIH1_25435=CFNIH1_25440	10008	NA	5	33.2	no	0	0	0	0	1	0	0	1
CFNIH1_25425=CFNIH1_25430=CFNIH1_25435=CFNIH1_25440=CFNIH1_25445	9758	NA	5	32.1	no	0	0	0	0	0	0	0	1
CFNIH1_25430=CFNIH1_25435=CFNIH1_25440=CFNIH1_25445=CFNIH1_25450	9692	NA	5	30.6	no	0	0	0	0	0	0	0	1
CFNIH1_25410=CFNIH1_25415=CFNIH1_25420=CFNIH1_25425=CFNIH1_25430	8934	NA	5	34.4	no	0	0	0	0	3	0	0	1
CFNIH1_25415=CFNIH1_25420=CFNIH1_25425=CFNIH1_25430=CFNIH1_25435	8874	NA	5	33.9	no	0	0	0	0	2	0	0	1
CFNIH1_25680=CFNIH1_25685=CFNIH1_25690=CFNIH1_25695=CFNIH1_25700	8694	NA	5	34.8	no	0	0	0	0	0	0	0	1
CFNIH1_25685=CFNIH1_25690=CFNIH1_25695=CFNIH1_25700=CFNIH1_25705	8515	NA	5	27.7	no	0	0	0	0	0	1	0	1
CFNIH1_26240=CFNIH1_26245=CFNIH1_26250=CFNIH1_26255=CFNIH1_26260	8125	NA	5	48.9	no	0	0	0	0	2	0	0	1
CFNIH1_25330=CFNIH1_25335=CFNIH1_25340=CFNIH1_25345=CFNIH1_25350	8033	NA	5	41.3	no	0	0	1	0	1	0	0	1
CFNIH1_24990=CFNIH1_24995=CFNIH1_25000=CFNIH1_25005=CFNIH1_25015	8017	NA	6	5.3	no	0	0	1	1	1	0	0	1
CFNIH1_26235=CFNIH1_26240=CFNIH1_26245=CFNIH1_26250=CFNIH1_26255	8012	NA	5	49.0	no	0	0	0	0	2	0	0	1
CFNIH1_25675=CFNIH1_25680=CFNIH1_25685=CFNIH1_25690=CFNIH1_25695	7890	NA	5	24.8	no	0	0	0	0	0	0	0	1
CFNIH1_25665=CFNIH1_25675=CFNIH1_25680=CFNIH1_25685=CFNIH1_25690	7789	NA	6	24.2	no	0	0	0	0	0	0	0	1
CFNIH1_26245=CFNIH1_26250=CFNIH1_26255=CFNIH1_26260=CFNIH1_26265	7479	NA	5	49.1	no	0	0	0	0	2	0	0	1
CFNIH1_25775=CFNIH1_25780=CFNIH1_25785=CFNIH1_25790=CFNIH1_25795	7237	NA	5	38.1	no	0	0	0	0	0	1	0	1
CFNIH1_26250=CFNIH1_26255=CFNIH1_26260=CFNIH1_26265=CFNIH1_26270	6982	NA	5	48.7	no	0	0	0	0	1	0	0	1
CFNIH1_24980=CFNIH1_24985=CFNIH1_24990=CFNIH1_24995=CFNIH1_25000	6911	NA	5	0.2	no	0	0	1	0	1	0	0	1
CFNIH1_25770=CFNIH1_25775=CFNIH1_25780=CFNIH1_25785=CFNIH1_25790	6844	NA	5	26.1	no	0	0	0	0	0	0	0	1
CFNIH1_25340=CFNIH1_25345=CFNIH1_25350=CFNIH1_25355=CFNIH1_25360	6807	NA	5	41.9	no	0	0	1	0	1	0	0	1
CFNIH1_24965=CFNIH1_24975=CFNIH1_24980=CFNIH1_24985=CFNIH1_24990	6785	NA	6	0.5	no	0	0	1	0	0	0	0	1
CFNIH1_25780=CFNIH1_25785=CFNIH1_25790=CFNIH1_25795=CFNIH1_25800	6752	NA	5	39.9	no	0	0	0	0	0	1	0	1
CFNIH1_25455=CFNIH1_25460=CFNIH1_25465=CFNIH1_25470=CFNIH1_25475	6751	NA	5	32.0	no	0	0	0	0	3	0	0	1
CFNIH1_24985=CFNIH1_24990=CFNIH1_24995=CFNIH1_25000=CFNIH1_25005	6747	NA	5	5.0	no	0	0	1	0	1	0	0	1
CFNIH1_25325=CFNIH1_25330=CFNIH1_25335=CFNIH1_25340=CFNIH1_25345	6674	NA	5	36.1	no	0	0	1	0	0	0	0	1
CFNIH1_25510=CFNIH1_25515=CFNIH1_25520=CFNIH1_25525=CFNIH1_25530	6622	NA	6	28.4	no	0	0	0	0	0	0	0	1
CFNIH1_26070=CFNIH1_26075=CFNIH1_26080=CFNIH1_26085=CFNIH1_26090	6566	NA	5	5.4	no	0	1	0	0	0	0	0	1
CFNIH1_26065=CFNIH1_26070=CFNIH1_26075=CFNIH1_26080=CFNIH1_26085	6556	NA	5	1.6	no	0	1	0	0	0	0	0	1
CFNIH1_25345=CFNIH1_25350=CFNIH1_25355=CFNIH1_25360=CFNIH1_25365	6478	NA	5	41.7	no	0	0	1	0	1	0	0	1
CFNIH1_25335=CFNIH1_25340=CFNIH1_25345=CFNIH1_25350=CFNIH1_25355	6436	NA	5	41.4	no	0	0	1	0	1	0	0	1
CFNIH1_25060=CFNIH1_25065=CFNIH1_25070=CFNIH1_25075=CFNIH1_25080	6369	NA	7	14.9	no	1	1	0	0	0	0	0	1
CFNIH1_25065=CFNIH1_25070=CFNIH1_25075=CFNIH1_25080=CFNIH1_25085	6359	NA	7	19.2	no	1	1	0	0	0	0	0	1
CFNIH1_25450=CFNIH1_25455=CFNIH1_25460=CFNIH1_25465=CFNIH1_25470	6345	NA	5	32.7	no	0	0	0	0	3	0	0	1
CFNIH1_26210=CFNIH1_26215=CFNIH1_26220=CFNIH1_26225=CFNIH1_26230	6318	NA	5	20.4	no	0	0	0	0	0	0	0	1
CFNIH1_25460=CFNIH1_25465=CFNIH1_25470=CFNIH1_25475=CFNIH1_25480	6253	NA	5	31.6	no	0	0	0	0	2	0	0	1
CFNIH1_25940=CFNIH1_25945=CFNIH1_25950=CFNIH1_25960=CFNIH1_25965	6243	NA	6	0.6	no	0	0	0	0	0	0	0	1
CFNIH1_25465=CFNIH1_25470=CFNIH1_25475=CFNIH1_25480=CFNIH1_25485	6199	NA	5	31.7	no	0	0	0	0	2	0	0	1
CFNIH1_25070=CFNIH1_25075=CFNIH1_25080=CFNIH1_25085=CFNIH1_25090	6182	NA	7	27.2	no	1	1	0	0	0	1	0	1
CFNIH1_25515=CFNIH1_25520=CFNIH1_25525=CFNIH1_25530=CFNIH1_25535	6161	NA	6	28.2	no	0	0	0	0	0	0	0	1
CFNIH1_26255=CFNIH1_26260=CFNIH1_26265=CFNIH1_26270=CFNIH1_26275	6155	NA	5	41.1	no	0	0	0	0	0	0	0	1
CFNIH1_24975=CFNIH1_24980=CFNIH1_24985=CFNIH1_24990=CFNIH1_24995	6066	NA	5	-2.0	no	0	0	1	0	0	0	0	1
CFNIH1_25505=CFNIH1_25510=CFNIH1_25515=CFNIH1_25520=CFNIH1_25525	6046	NA	5	31.0	no	0	0	0	0	0	0	0	1
CFNIH1_25690=CFNIH1_25695=CFNIH1_25700=CFNIH1_25705=CFNIH1_25710	6035	NA	5	34.5	no	0	0	0	0	0	2	0	1
CFNIH1_25520=CFNIH1_25525=CFNIH1_25530=CFNIH1_25535=CFNIH1_25540	5909	NA	6	28.0	no	0	0	0	0	0	0	0	1
CFNIH1_25585=CFNIH1_25590=CFNIH1_25595=CFNIH1_25600=CFNIH1_25605	5906	NA	5	29.7	no	0	0	0	0	0	0	0	1
CFNIH1_25945=CFNIH1_25950=CFNIH1_25960=CFNIH1_25965=CFNIH1_25970	5891	NA	6	1.0	no	0	0	0	0	0	0	0	1
CFNIH1_25930=CFNIH1_25935=CFNIH1_25940=CFNIH1_25945=CFNIH1_25950	5781	NA	5	10.9	no	0	0	0	0	0	0	0	1
CFNIH1_25755=CFNIH1_25765=CFNIH1_25770=CFNIH1_25775=CFNIH1_25780	5771	NA	5	14.0	no	0	0	0	0	0	0	0	1
CFNIH1_25075=CFNIH1_25080=CFNIH1_25085=CFNIH1_25090=CFNIH1_25095	5768	NA	7	23.1	no	1	1	0	0	0	1	0	1
CFNIH1_25630=CFNIH1_25635=CFNIH1_25645=CFNIH1_25650=CFNIH1_25655	5632	NA	6	23.5	no	0	0	0	0	0	0	0	1
CFNIH1_26055=CFNIH1_26060=CFNIH1_26065=CFNIH1_26070=CFNIH1_26075	5606	NA	5	9.1	no	0	0	0	0	0	1	0	1
CFNIH1_25470=CFNIH1_25475=CFNIH1_25480=CFNIH1_25485=CFNIH1_25490	5565	NA	6	31.0	no	0	0	0	0	1	0	0	1
CFNIH1_26060=CFNIH1_26065=CFNIH1_26070=CFNIH1_26075=CFNIH1_26080	5550	NA	5	1.3	no	0	0	0	0	0	0	0	1
CFNIH1_25715=CFNIH1_25720=CFNIH1_25725=CFNIH1_25730=CFNIH1_25735	5525	NA	5	15.0	no	0	0	0	0	0	3	0	1
CFNIH1_25765=CFNIH1_25770=CFNIH1_25775=CFNIH1_25780=CFNIH1_25785	5494	NA	5	26.2	no	0	0	0	0	0	0	0	1
CFNIH1_26205=CFNIH1_26210=CFNIH1_26215=CFNIH1_26220=CFNIH1_26225	5460	NA	5	20.8	no	0	0	0	0	0	0	0	1
CFNIH1_26040=CFNIH1_26045=CFNIH1_26050=CFNIH1_26055=CFNIH1_26060	5442	NA	5	22.0	no	0	0	0	0	0	3	0	1
CFNIH1_26230=CFNIH1_26235=CFNIH1_26240=CFNIH1_26245=CFNIH1_26250	5425	NA	5	39.7	no	0	0	0	0	2	0	0	1
CFNIH1_25720=CFNIH1_25725=CFNIH1_25730=CFNIH1_25735=CFNIH1_25740	5299	NA	5	7.3	no	0	0	0	0	0	2	0	1
CFNIH1_25635=CFNIH1_25645=CFNIH1_25650=CFNIH1_25655=CFNIH1_25660	5298	NA	6	24.0	no	0	0	0	0	0	0	0	1
CFNIH1_25435=CFNIH1_25440=CFNIH1_25445=CFNIH1_25450=CFNIH1_25455	5239	NA	5	34.2	no	0	0	0	0	1	0	0	1
CFNIH1_25795=CFNIH1_25800=CFNIH1_25805=CFNIH1_25810=CFNIH1_25815	5235	NA	5	9.3	no	0	0	0	0	0	1	0	1
CFNIH1_25440=CFNIH1_25445=CFNIH1_25450=CFNIH1_25455=CFNIH1_25460	5203	NA	5	33.0	no	0	0	0	0	1	0	0	1
CFNIH1_25660=CFNIH1_25665=CFNIH1_25675=CFNIH1_25680=CFNIH1_25685	5171	NA	6	22.7	no	0	0	0	0	0	0	0	1
CFNIH1_26045=CFNIH1_26050=CFNIH1_26055=CFNIH1_26060=CFNIH1_26065	5165	NA	5	14.9	no	0	0	0	0	0	2	0	1
CFNIH1_26035=CFNIH1_26040=CFNIH1_26045=CFNIH1_26050=CFNIH1_26055	5155	NA	5	22.1	no	0	0	0	0	0	3	0	1
CFNIH1_26075=CFNIH1_26080=CFNIH1_26085=CFNIH1_26090=CFNIH1_26095	5153	NA	5	9.1	no	0	1	0	0	0	1	0	1
CFNIH1_25500=CFNIH1_25505=CFNIH1_25510=CFNIH1_25515=CFNIH1_25520	5134	NA	5	30.8	no	0	0	0	0	0	0	0	1
CFNIH1_25790=CFNIH1_25795=CFNIH1_25800=CFNIH1_25805=CFNIH1_25810	5051	NA	5	11.5	no	0	0	0	0	0	1	0	1
CFNIH1_26225=CFNIH1_26230=CFNIH1_26235=CFNIH1_26240=CFNIH1_26245	5018	NA	5	39.8	no	0	0	0	0	1	0	0	1
CFNIH1_26165=CFNIH1_26170=CFNIH1_26175=CFNIH1_26180=CFNIH1_26185	5015	NA	5	19.2	no	0	0	0	0	0	0	0	1
CFNIH1_25730=CFNIH1_25735=CFNIH1_25740=CFNIH1_25745=CFNIH1_25750	5007	NA	5	7.6	no	0	0	0	0	0	3	0	1
CFNIH1_24995=CFNIH1_25000=CFNIH1_25005=CFNIH1_25015=CFNIH1_25020	4944	NA	6	5.0	no	0	0	0	1	1	0	0	1
CFNIH1_25710=CFNIH1_25715=CFNIH1_25720=CFNIH1_25725=CFNIH1_25730	4926	NA	5	14.9	no	0	0	0	0	0	2	0	1
CFNIH1_26190=CFNIH1_26195=CFNIH1_26200=CFNIH1_26205=CFNIH1_26210	4916	NA	5	1.1	no	0	0	0	0	0	0	0	1
CFNIH1_26170=CFNIH1_26175=CFNIH1_26180=CFNIH1_26185=CFNIH1_26190	4899	NA	5	9.6	no	0	0	0	0	0	0	0	1
CFNIH1_25525=CFNIH1_25530=CFNIH1_25535=CFNIH1_25540=CFNIH1_25545	4837	NA	6	28.2	no	0	0	0	0	0	0	0	1
CFNIH1_25090=CFNIH1_25095=CFNIH1_25100=CFNIH1_25105=CFNIH1_25110	4810	NA	5	42.8	no	0	0	0	0	0	1	0	1
CFNIH1_26195=CFNIH1_26200=CFNIH1_26205=CFNIH1_26210=CFNIH1_26215	4810	NA	5	1.0	no	0	0	0	0	0	0	0	1
CFNIH1_25595=CFNIH1_25600=CFNIH1_25605=CFNIH1_25610=CFNIH1_25615	4797	NA	5	30.8	no	0	0	0	0	0	0	0	1
CFNIH1_26050=CFNIH1_26055=CFNIH1_26060=CFNIH1_26065=CFNIH1_26070	4795	NA	5	11.0	no	0	0	0	0	0	2	0	1
CFNIH1_26030=CFNIH1_26035=CFNIH1_26040=CFNIH1_26045=CFNIH1_26050	4786	NA	5	21.0	no	0	0	0	0	0	4	0	1
CFNIH1_26085=CFNIH1_26090=CFNIH1_26095=CFNIH1_26100=CFNIH1_26105	4766	NA	5	16.5	no	0	1	0	0	0	3	0	1
CFNIH1_26220=CFNIH1_26225=CFNIH1_26230=CFNIH1_26235=CFNIH1_26240	4695	NA	5	39.8	no	0	0	0	0	0	0	0	1
CFNIH1_25495=CFNIH1_25500=CFNIH1_25505=CFNIH1_25510=CFNIH1_25515	4636	NA	5	31.5	no	0	0	0	0	0	0	0	1
CFNIH1_25590=CFNIH1_25595=CFNIH1_25600=CFNIH1_25605=CFNIH1_25610	4625	NA	5	29.7	no	0	0	0	0	0	0	0	1
CFNIH1_26175=CFNIH1_26180=CFNIH1_26185=CFNIH1_26190=CFNIH1_26195	4622	NA	5	0.3	no	0	0	0	0	0	0	0	1
CFNIH1_25785=CFNIH1_25790=CFNIH1_25795=CFNIH1_25800=CFNIH1_25805	4599	NA	5	26.0	no	0	0	0	0	0	1	0	1
CFNIH1_24725=CFNIH1_24730=CFNIH1_24735=CFNIH1_24740=CFNIH1_24745	4582	NA	5	48.6	no	1	1	0	0	0	0	0	1
CFNIH1_25220=CFNIH1_25225=CFNIH1_25230=CFNIH1_25235=CFNIH1_25240	4536	NA	5	10.3	no	0	0	0	0	0	0	0	1
CFNIH1_25085=CFNIH1_25090=CFNIH1_25095=CFNIH1_25100=CFNIH1_25105	4512	NA	5	40.7	no	0	0	0	0	0	1	0	1
CFNIH1_26200=CFNIH1_26205=CFNIH1_26210=CFNIH1_26215=CFNIH1_26220	4508	NA	5	10.8	no	0	0	0	0	0	0	0	1
CFNIH1_26025=CFNIH1_26030=CFNIH1_26035=CFNIH1_26040=CFNIH1_26045	4505	NA	5	18.3	no	0	0	0	0	0	4	0	1
CFNIH1_25095=CFNIH1_25100=CFNIH1_25105=CFNIH1_25110=CFNIH1_25115	4487	NA	5	34.4	no	0	0	0	0	0	0	0	1
CFNIH1_24875=CFNIH1_24880=CFNIH1_24885=CFNIH1_24890=CFNIH1_24900	4478	NA	7	27.4	no	0	0	0	0	0	0	0	1
CFNIH1_24870=CFNIH1_24875=CFNIH1_24880=CFNIH1_24885=CFNIH1_24890	4452	NA	6	37.5	no	0	0	0	0	0	0	0	1
CFNIH1_25000=CFNIH1_25005=CFNIH1_25015=CFNIH1_25020=CFNIH1_25025	4449	NA	6	17.4	no	0	0	0	1	1	0	0	1
CFNIH1_25125=CFNIH1_25130=CFNIH1_25135=CFNIH1_25150=CFNIH1_25155	4434	NA	6	9.6	no	0	0	0	0	0	0	0	1
CFNIH1_24880=CFNIH1_24885=CFNIH1_24890=CFNIH1_24900=CFNIH1_24905	4411	NA	7	24.4	no	0	0	0	0	0	0	0	1
CFNIH1_26160=CFNIH1_26165=CFNIH1_26170=CFNIH1_26175=CFNIH1_26180	4406	NA	5	28.6	no	0	0	0	0	0	0	0	1
CFNIH1_25100=CFNIH1_25105=CFNIH1_25110=CFNIH1_25115=CFNIH1_25120	4295	NA	5	43.0	no	0	0	0	0	0	0	0	1
CFNIH1_25600=CFNIH1_25605=CFNIH1_25610=CFNIH1_25615=CFNIH1_25620	4272	NA	5	30.7	no	0	0	0	0	0	0	0	1
CFNIH1_25055=CFNIH1_25060=CFNIH1_25065=CFNIH1_25070=CFNIH1_25075	4271	NA	5	19.8	no	1	1	0	0	0	0	0	1
CFNIH1_25645=CFNIH1_25650=CFNIH1_25655=CFNIH1_25660=CFNIH1_25665	4268	NA	5	19.4	no	0	0	0	0	0	0	0	1
CFNIH1_25650=CFNIH1_25655=CFNIH1_25660=CFNIH1_25665=CFNIH1_25675	4214	NA	6	17.4	no	0	0	0	0	0	0	0	1
CFNIH1_25625=CFNIH1_25630=CFNIH1_25635=CFNIH1_25645=CFNIH1_25650	4183	NA	6	23.0	no	0	0	0	0	0	0	0	1
CFNIH1_25130=CFNIH1_25135=CFNIH1_25150=CFNIH1_25155=CFNIH1_25160	4121	NA	6	9.8	no	0	0	0	0	0	0	0	1
CFNIH1_25735=CFNIH1_25740=CFNIH1_25745=CFNIH1_25750=CFNIH1_25755	4104	NA	5	7.5	no	0	0	0	0	0	2	0	1
CFNIH1_25120=CFNIH1_25125=CFNIH1_25130=CFNIH1_25135=CFNIH1_25150	4074	NA	6	12.4	no	0	0	0	0	0	0	0	1
CFNIH1_26010=CFNIH1_26015=CFNIH1_26020=CFNIH1_26025=CFNIH1_26030	4057	NA	5	9.1	no	0	0	0	0	0	2	0	1
CFNIH1_25605=CFNIH1_25610=CFNIH1_25615=CFNIH1_25620=CFNIH1_25625	4030	NA	5	30.6	no	0	0	0	0	0	0	0	1
CFNIH1_26295=CFNIH1_26300=CFNIH1_24720=CFNIH1_24725=CFNIH1_24730	4026	NA	5	48.2	no	1	1	0	1	0	0	0	1
CFNIH1_25080=CFNIH1_25085=CFNIH1_25090=CFNIH1_25095=CFNIH1_25100	3999	NA	5	34.7	no	0	0	0	0	0	1	0	1
CFNIH1_24720=CFNIH1_24725=CFNIH1_24730=CFNIH1_24735=CFNIH1_24740	3977	NA	5	47.8	no	1	1	0	0	0	0	0	1
CFNIH1_26180=CFNIH1_26185=CFNIH1_26190=CFNIH1_26195=CFNIH1_26200	3971	NA	5	0.6	no	0	0	0	0	0	0	0	1
CFNIH1_25700=CFNIH1_25705=CFNIH1_25710=CFNIH1_25715=CFNIH1_25720	3969	NA	5	34.0	no	0	0	0	0	0	3	0	1
CFNIH1_25490=CFNIH1_25495=CFNIH1_25500=CFNIH1_25505=CFNIH1_25510	3968	NA	5	31.9	no	0	0	0	0	0	0	0	1
CFNIH1_25045=CFNIH1_25050=CFNIH1_25055=CFNIH1_25060=CFNIH1_25065	3938	NA	5	18.4	no	0	0	0	0	0	0	0	1
CFNIH1_25225=CFNIH1_25230=CFNIH1_25235=CFNIH1_25240=CFNIH1_25245	3935	NA	5	24.3	no	0	0	0	0	0	0	0	1
CFNIH1_26080=CFNIH1_26085=CFNIH1_26090=CFNIH1_26095=CFNIH1_26100	3917	NA	5	13.2	no	0	1	0	0	0	2	0	1
CFNIH1_25310=CFNIH1_25315=CFNIH1_25320=CFNIH1_25325=CFNIH1_25330	3916	NA	5	27.6	no	0	0	0	0	0	0	0	1
CFNIH1_25475=CFNIH1_25480=CFNIH1_25485=CFNIH1_25490=CFNIH1_25495	3916	NA	6	31.2	no	0	0	0	0	0	0	0	1
CFNIH1_25240=CFNIH1_25245=CFNIH1_25250=CFNIH1_25255=CFNIH1_25265	3911	NA	6	48.6	no	0	0	0	0	0	0	0	1
CFNIH1_25105=CFNIH1_25110=CFNIH1_25115=CFNIH1_25120=CFNIH1_25125	3910	NA	5	40.9	no	0	0	0	0	0	0	0	1
CFNIH1_25320=CFNIH1_25325=CFNIH1_25330=CFNIH1_25335=CFNIH1_25340	3898	NA	5	35.4	no	0	0	0	0	0	0	0	1
CFNIH1_25695=CFNIH1_25700=CFNIH1_25705=CFNIH1_25710=CFNIH1_25715	3893	NA	5	33.8	no	0	0	0	0	0	3	0	1
CFNIH1_25750=CFNIH1_25755=CFNIH1_25765=CFNIH1_25770=CFNIH1_25775	3862	NA	5	7.9	no	0	0	0	0	0	1	0	1
CFNIH1_25480=CFNIH1_25485=CFNIH1_25490=CFNIH1_25495=CFNIH1_25500	3852	NA	6	31.5	no	0	0	0	0	0	0	0	1
CFNIH1_25740=CFNIH1_25745=CFNIH1_25750=CFNIH1_25755=CFNIH1_25765	3849	NA	5	7.5	no	0	0	0	0	0	1	0	1
CFNIH1_25050=CFNIH1_25055=CFNIH1_25060=CFNIH1_25065=CFNIH1_25070	3832	NA	5	19.6	no	0	0	0	0	0	0	0	1
CFNIH1_25405=CFNIH1_25410=CFNIH1_25415=CFNIH1_25420=CFNIH1_25425	3812	NA	5	39.7	no	0	0	0	0	3	0	0	1
CFNIH1_25655=CFNIH1_25660=CFNIH1_25665=CFNIH1_25675=CFNIH1_25680	3765	NA	6	27.3	no	0	0	0	0	0	0	0	1
CFNIH1_25445=CFNIH1_25450=CFNIH1_25455=CFNIH1_25460=CFNIH1_25465	3745	NA	5	32.8	no	0	0	0	0	2	0	0	1
CFNIH1_25580=CFNIH1_25585=CFNIH1_25590=CFNIH1_25595=CFNIH1_25600	3745	NA	5	29.8	no	0	0	0	0	0	0	0	1
CFNIH1_25290=CFNIH1_25295=CFNIH1_25300=CFNIH1_25305=CFNIH1_25310	3723	NA	6	34.9	no	0	0	0	0	0	0	0	1
CFNIH1_26290=CFNIH1_26295=CFNIH1_26300=CFNIH1_24720=CFNIH1_24725	3709	NA	5	50.2	no	1	1	0	1	0	0	0	1
CFNIH1_25400=CFNIH1_25405=CFNIH1_25410=CFNIH1_25415=CFNIH1_25420	3694	NA	5	40.0	no	0	0	0	0	3	0	0	1
CFNIH1_25705=CFNIH1_25710=CFNIH1_25715=CFNIH1_25720=CFNIH1_25725	3691	NA	5	23.6	no	0	0	0	0	0	3	0	1
CFNIH1_25350=CFNIH1_25355=CFNIH1_25360=CFNIH1_25365=CFNIH1_25370	3686	NA	5	33.6	no	0	0	0	0	1	0	0	1
CFNIH1_26015=CFNIH1_26020=CFNIH1_26025=CFNIH1_26030=CFNIH1_26035	3668	NA	5	16.7	no	0	0	0	0	0	3	0	1
CFNIH1_24730=CFNIH1_24735=CFNIH1_24740=CFNIH1_24745=CFNIH1_24750	3662	NA	5	50.1	no	0	0	0	0	0	0	0	1
CFNIH1_26020=CFNIH1_26025=CFNIH1_26030=CFNIH1_26035=CFNIH1_26040	3655	NA	5	24.4	no	0	0	0	0	0	4	0	1
CFNIH1_25395=CFNIH1_25400=CFNIH1_25405=CFNIH1_25410=CFNIH1_25415	3629	NA	5	40.4	no	0	0	0	0	2	0	0	1
CFNIH1_24740=CFNIH1_24745=CFNIH1_24750=CFNIH1_24755=CFNIH1_24760	3613	NA	5	52.8	no	0	0	0	0	0	0	0	1
CFNIH1_24885=CFNIH1_24890=CFNIH1_24900=CFNIH1_24905=CFNIH1_24910	3595	NA	6	20.7	no	0	0	0	0	0	0	0	1
CFNIH1_24915=CFNIH1_24920=CFNIH1_24925=CFNIH1_24930=CFNIH1_24935	3589	NA	4	8.2	no	0	0	0	0	0	1	0	1
CFNIH1_24890=CFNIH1_24900=CFNIH1_24905=CFNIH1_24910=CFNIH1_24915	3581	NA	6	20.5	no	0	0	0	0	0	0	0	1
CFNIH1_24770=CFNIH1_24775=CFNIH1_24780=CFNIH1_24785=CFNIH1_24790	3568	NA	5	41.0	no	0	0	0	0	0	0	0	1
CFNIH1_25575=CFNIH1_25580=CFNIH1_25585=CFNIH1_25590=CFNIH1_25595	3548	NA	5	29.6	no	0	0	0	0	0	0	0	1
CFNIH1_25315=CFNIH1_25320=CFNIH1_25325=CFNIH1_25330=CFNIH1_25335	3531	NA	5	27.4	no	0	0	0	0	0	0	0	1
CFNIH1_26215=CFNIH1_26220=CFNIH1_26225=CFNIH1_26230=CFNIH1_26235	3519	NA	5	29.8	no	0	0	0	0	0	0	0	1
CFNIH1_25485=CFNIH1_25490=CFNIH1_25495=CFNIH1_25500=CFNIH1_25505	3508	NA	6	31.3	no	0	0	0	0	0	0	0	1
CFNIH1_24735=CFNIH1_24740=CFNIH1_24745=CFNIH1_24750=CFNIH1_24755	3495	NA	5	52.7	no	0	0	0	0	0	0	0	1
CFNIH1_26090=CFNIH1_26095=CFNIH1_26100=CFNIH1_26105=CFNIH1_26110	3476	NA	5	23.0	no	0	0	0	0	0	4	0	1
CFNIH1_24760=CFNIH1_24765=CFNIH1_24770=CFNIH1_24775=CFNIH1_24780	3472	NA	5	39.8	no	0	0	0	0	0	0	0	1
CFNIH1_25110=CFNIH1_25115=CFNIH1_25120=CFNIH1_25125=CFNIH1_25130	3469	NA	5	29.2	no	0	0	0	0	0	0	0	1
CFNIH1_25235=CFNIH1_25240=CFNIH1_25245=CFNIH1_25250=CFNIH1_25255	3465	NA	5	39.5	no	0	0	0	0	0	0	0	1
CFNIH1_25570=CFNIH1_25575=CFNIH1_25580=CFNIH1_25585=CFNIH1_25590	3465	NA	5	29.3	no	0	0	0	0	0	0	0	1
CFNIH1_24765=CFNIH1_24770=CFNIH1_24775=CFNIH1_24780=CFNIH1_24785	3450	NA	5	33.6	no	0	0	0	0	0	0	0	1
CFNIH1_25745=CFNIH1_25750=CFNIH1_25755=CFNIH1_25765=CFNIH1_25770	3444	NA	5	7.9	no	0	0	0	0	0	1	0	1
CFNIH1_25275=CFNIH1_25280=CFNIH1_25285=CFNIH1_25290=CFNIH1_25295	3431	NA	5	46.4	no	0	0	0	0	0	0	0	1
CFNIH1_25135=CFNIH1_25150=CFNIH1_25155=CFNIH1_25160=CFNIH1_25165	3429	NA	6	10.1	no	0	0	0	0	0	0	0	1
CFNIH1_25295=CFNIH1_25300=CFNIH1_25305=CFNIH1_25310=CFNIH1_25315	3426	NA	6	27.4	no	0	0	0	0	0	0	0	1
CFNIH1_25280=CFNIH1_25285=CFNIH1_25290=CFNIH1_25295=CFNIH1_25300	3420	NA	5	45.5	no	0	0	0	0	0	0	0	1
CFNIH1_26300=CFNIH1_24720=CFNIH1_24725=CFNIH1_24730=CFNIH1_24735	3415	NA	5	48.0	no	1	1	0	0	0	0	0	1
CFNIH1_24865=CFNIH1_24870=CFNIH1_24875=CFNIH1_24880=CFNIH1_24885	3400	NA	6	41.1	no	0	0	0	0	0	0	0	1
CFNIH1_25245=CFNIH1_25250=CFNIH1_25255=CFNIH1_25265=CFNIH1_25270	3396	NA	6	47.6	no	0	0	0	0	0	0	0	1
CFNIH1_24910=CFNIH1_24915=CFNIH1_24920=CFNIH1_24925=CFNIH1_24930	3391	NA	4	15.2	no	0	0	0	0	0	1	0	1
CFNIH1_25005=CFNIH1_25015=CFNIH1_25020=CFNIH1_25025=CFNIH1_25030	3379	NA	6	16.6	no	0	0	0	1	0	0	0	1
CFNIH1_26105=CFNIH1_26110=CFNIH1_26115=CFNIH1_26120=CFNIH1_26125	3370	NA	5	31.6	no	0	0	0	0	0	4	0	1
CFNIH1_26280=CFNIH1_26285=CFNIH1_26290=CFNIH1_26295=CFNIH1_26300	3364	NA	5	50.8	no	0	0	0	1	0	0	0	1
CFNIH1_25285=CFNIH1_25290=CFNIH1_25295=CFNIH1_25300=CFNIH1_25305	3353	NA	6	35.9	no	0	0	0	0	0	0	0	1
CFNIH1_26130=CFNIH1_26135=CFNIH1_26140=CFNIH1_26145=CFNIH1_26150	3336	NA	6	15.0	no	0	0	0	0	0	0	0	1
CFNIH1_25390=CFNIH1_25395=CFNIH1_25400=CFNIH1_25405=CFNIH1_25410	3314	NA	6	40.4	no	0	0	0	0	1	0	0	1
CFNIH1_26125=CFNIH1_26130=CFNIH1_26135=CFNIH1_26140=CFNIH1_26145	3288	NA	6	14.8	no	0	0	0	0	0	1	0	1
CFNIH1_25040=CFNIH1_25045=CFNIH1_25050=CFNIH1_25055=CFNIH1_25060	3245	NA	5	22.9	no	0	0	0	0	0	0	0	1
CFNIH1_25565=CFNIH1_25570=CFNIH1_25575=CFNIH1_25580=CFNIH1_25585	3233	NA	5	29.8	no	0	0	0	0	0	0	0	1
CFNIH1_26100=CFNIH1_26105=CFNIH1_26110=CFNIH1_26115=CFNIH1_26120	3223	NA	5	27.7	no	0	0	0	0	0	4	0	1
CFNIH1_24755=CFNIH1_24760=CFNIH1_24765=CFNIH1_24770=CFNIH1_24775	3214	NA	5	50.5	no	0	0	0	0	0	0	0	1
CFNIH1_25230=CFNIH1_25235=CFNIH1_25240=CFNIH1_25245=CFNIH1_25250	3208	NA	5	34.0	no	0	0	0	0	0	0	0	1
CFNIH1_24775=CFNIH1_24780=CFNIH1_24785=CFNIH1_24790=CFNIH1_24795	3178	NA	5	40.8	no	0	0	0	0	0	0	0	1
CFNIH1_26120=CFNIH1_26125=CFNIH1_26130=CFNIH1_26135=CFNIH1_26140	3106	NA	6	14.5	no	0	0	0	0	0	1	0	1
CFNIH1_26095=CFNIH1_26100=CFNIH1_26105=CFNIH1_26110=CFNIH1_26115	3075	NA	5	26.9	no	0	0	0	0	0	5	0	1
CFNIH1_25035=CFNIH1_25040=CFNIH1_25045=CFNIH1_25050=CFNIH1_25055	3057	NA	6	21.0	no	0	0	0	0	0	0	0	1
CFNIH1_26260=CFNIH1_26265=CFNIH1_26270=CFNIH1_26275=CFNIH1_26280	3051	NA	5	41.4	no	0	0	0	0	0	0	0	1
CFNIH1_26285=CFNIH1_26290=CFNIH1_26295=CFNIH1_26300=CFNIH1_24720	3045	NA	5	51.2	no	0	0	0	1	0	0	0	1
CFNIH1_24905=CFNIH1_24910=CFNIH1_24915=CFNIH1_24920=CFNIH1_24925	3024	NA	4	21.6	no	0	0	0	0	0	0	0	1
CFNIH1_26150=CFNIH1_26155=CFNIH1_26160=CFNIH1_26165=CFNIH1_26170	2994	NA	5	46.3	no	0	0	0	0	0	0	0	1
CFNIH1_25255=CFNIH1_25265=CFNIH1_25270=CFNIH1_25275=CFNIH1_25280	2989	NA	6	46.6	no	0	0	0	0	0	0	0	1
CFNIH1_26110=CFNIH1_26115=CFNIH1_26120=CFNIH1_26125=CFNIH1_26130	2987	NA	5	28.8	no	0	0	0	0	0	3	0	1
CFNIH1_26275=CFNIH1_26280=CFNIH1_26285=CFNIH1_26290=CFNIH1_26295	2931	NA	5	42.7	no	0	0	0	0	0	0	0	1
CFNIH1_25380=CFNIH1_25385=CFNIH1_25390=CFNIH1_25395=CFNIH1_25400	2911	NA	6	23.5	no	0	0	0	0	0	0	0	1
CFNIH1_25620=CFNIH1_25625=CFNIH1_25630=CFNIH1_25635=CFNIH1_25645	2903	NA	6	31.7	no	0	0	0	0	0	0	0	1
CFNIH1_25530=CFNIH1_25535=CFNIH1_25540=CFNIH1_25545=CFNIH1_25550	2830	NA	5	29.7	no	0	0	0	0	0	0	0	1
CFNIH1_25250=CFNIH1_25255=CFNIH1_25265=CFNIH1_25270=CFNIH1_25275	2815	NA	6	47.3	no	0	0	0	0	0	0	0	1
CFNIH1_25375=CFNIH1_25380=CFNIH1_25385=CFNIH1_25390=CFNIH1_25395	2811	NA	6	11.3	no	0	0	0	0	0	0	0	1
CFNIH1_24900=CFNIH1_24905=CFNIH1_24910=CFNIH1_24915=CFNIH1_24920	2806	NA	5	19.8	no	0	0	0	0	0	0	0	1
CFNIH1_26115=CFNIH1_26120=CFNIH1_26125=CFNIH1_26130=CFNIH1_26135	2803	NA	5	25.3	no	0	0	0	0	0	2	0	1
CFNIH1_24750=CFNIH1_24755=CFNIH1_24760=CFNIH1_24765=CFNIH1_24770	2779	NA	5	50.2	no	0	0	0	0	0	0	0	1
CFNIH1_25115=CFNIH1_25120=CFNIH1_25125=CFNIH1_25130=CFNIH1_25135	2768	NA	5	16.9	no	0	0	0	0	0	0	0	1
CFNIH1_26155=CFNIH1_26160=CFNIH1_26165=CFNIH1_26170=CFNIH1_26175	2764	NA	5	38.1	no	0	0	0	0	0	0	0	1
CFNIH1_26185=CFNIH1_26190=CFNIH1_26195=CFNIH1_26200=CFNIH1_26205	2757	NA	5	1.0	no	0	0	0	0	0	0	0	1
CFNIH1_25165=CFNIH1_25170=CFNIH1_25175=CFNIH1_25180=CFNIH1_25185	2749	NA	5	12.5	no	0	0	0	0	0	0	0	1
CFNIH1_24780=CFNIH1_24785=CFNIH1_24790=CFNIH1_24795=CFNIH1_24800	2700	NA	5	40.0	no	0	0	0	0	0	0	0	1
CFNIH1_25020=CFNIH1_25025=CFNIH1_25030=CFNIH1_25035=CFNIH1_25040	2685	NA	6	19.0	no	0	0	0	0	0	0	0	1
CFNIH1_25360=CFNIH1_25365=CFNIH1_25370=CFNIH1_25375=CFNIH1_25380	2657	NA	5	6.4	no	0	0	0	0	0	0	0	1
CFNIH1_25615=CFNIH1_25620=CFNIH1_25625=CFNIH1_25630=CFNIH1_25635	2657	NA	5	31.2	no	0	0	0	0	0	0	0	1
CFNIH1_26135=CFNIH1_26140=CFNIH1_26145=CFNIH1_26150=CFNIH1_26155	2647	NA	6	22.5	no	0	0	0	0	0	0	0	1
CFNIH1_25535=CFNIH1_25540=CFNIH1_25545=CFNIH1_25550=CFNIH1_25555	2642	NA	5	30.3	no	0	0	0	0	0	0	0	1
CFNIH1_25175=CFNIH1_25180=CFNIH1_25185=CFNIH1_25190=CFNIH1_25195	2608	NA	5	17.7	no	0	0	0	0	0	0	0	1
CFNIH1_25170=CFNIH1_25175=CFNIH1_25180=CFNIH1_25185=CFNIH1_25190	2600	NA	5	15.9	no	0	0	0	0	0	0	0	1
CFNIH1_25385=CFNIH1_25390=CFNIH1_25395=CFNIH1_25400=CFNIH1_25405	2592	NA	6	33.8	no	0	0	0	0	0	0	0	1
CFNIH1_25030=CFNIH1_25035=CFNIH1_25040=CFNIH1_25045=CFNIH1_25050	2577	NA	6	20.0	no	0	0	0	0	0	0	0	1
CFNIH1_25025=CFNIH1_25030=CFNIH1_25035=CFNIH1_25040=CFNIH1_25045	2549	NA	6	19.9	no	0	0	0	0	0	0	0	1
CFNIH1_24745=CFNIH1_24750=CFNIH1_24755=CFNIH1_24760=CFNIH1_24765	2533	NA	5	50.4	no	0	0	0	0	0	0	0	1
CFNIH1_26270=CFNIH1_26275=CFNIH1_26280=CFNIH1_26285=CFNIH1_26290	2475	NA	4	39.3	no	0	0	0	0	0	0	0	1
CFNIH1_26265=CFNIH1_26270=CFNIH1_26275=CFNIH1_26280=CFNIH1_26285	2452	NA	5	41.6	no	0	0	0	0	0	0	0	1
CFNIH1_26145=CFNIH1_26150=CFNIH1_26155=CFNIH1_26160=CFNIH1_26165	2449	NA	5	42.6	no	0	0	0	0	0	0	0	1
CFNIH1_26140=CFNIH1_26145=CFNIH1_26150=CFNIH1_26155=CFNIH1_26160	2422	NA	5	33.1	no	0	0	0	0	0	0	0	1
CFNIH1_24790=CFNIH1_24795=CFNIH1_24800=CFNIH1_24805=CFNIH1_24810	2395	NA	5	47.6	no	0	0	0	0	0	0	0	1
CFNIH1_25150=CFNIH1_25155=CFNIH1_25160=CFNIH1_25165=CFNIH1_25170	2390	NA	5	11.8	no	0	0	0	0	0	0	0	1
CFNIH1_24800=CFNIH1_24805=CFNIH1_24810=CFNIH1_24815=CFNIH1_24820	2351	NA	5	44.9	no	0	0	0	0	0	0	0	1
CFNIH1_25540=CFNIH1_25545=CFNIH1_25550=CFNIH1_25555=CFNIH1_25560	2348	NA	5	30.3	no	0	0	0	0	0	0	0	1
CFNIH1_24810=CFNIH1_24815=CFNIH1_24820=CFNIH1_24825=CFNIH1_24830	2327	NA	5	45.4	no	0	0	0	0	0	0	0	1
CFNIH1_25300=CFNIH1_25305=CFNIH1_25310=CFNIH1_25315=CFNIH1_25320	2303	NA	6	25.9	no	0	0	0	0	0	0	0	1
CFNIH1_25015=CFNIH1_25020=CFNIH1_25025=CFNIH1_25030=CFNIH1_25035	2278	NA	5	14.9	no	0	0	0	0	0	0	0	1
CFNIH1_25180=CFNIH1_25185=CFNIH1_25190=CFNIH1_25195=CFNIH1_25200	2278	NA	5	17.7	no	0	0	0	0	0	0	0	1
CFNIH1_25355=CFNIH1_25360=CFNIH1_25365=CFNIH1_25370=CFNIH1_25375	2273	NA	5	18.9	no	0	0	0	0	0	0	0	1
CFNIH1_24860=CFNIH1_24865=CFNIH1_24870=CFNIH1_24875=CFNIH1_24880	2270	NA	5	48.4	no	0	0	0	0	0	0	0	1
CFNIH1_25270=CFNIH1_25275=CFNIH1_25280=CFNIH1_25285=CFNIH1_25290	2256	NA	5	46.6	no	0	0	0	0	0	0	0	1
CFNIH1_24795=CFNIH1_24800=CFNIH1_24805=CFNIH1_24810=CFNIH1_24815	2250	NA	5	45.3	no	0	0	0	0	0	0	0	1
CFNIH1_24805=CFNIH1_24810=CFNIH1_24815=CFNIH1_24820=CFNIH1_24825	2163	NA	5	45.5	no	0	0	0	0	0	0	0	1
CFNIH1_25265=CFNIH1_25270=CFNIH1_25275=CFNIH1_25280=CFNIH1_25285	2117	NA	5	46.1	no	0	0	0	0	0	0	0	1
CFNIH1_25160=CFNIH1_25165=CFNIH1_25170=CFNIH1_25175=CFNIH1_25180	2115	NA	5	13.6	no	0	0	0	0	0	0	0	1
CFNIH1_24825=CFNIH1_24830=CFNIH1_24835=CFNIH1_24840=CFNIH1_24845	2049	NA	5	50.1	no	0	0	0	0	0	0	0	1
CFNIH1_24785=CFNIH1_24790=CFNIH1_24795=CFNIH1_24800=CFNIH1_24805	2036	NA	5	50.1	no	0	0	0	0	0	0	0	1
CFNIH1_24830=CFNIH1_24835=CFNIH1_24840=CFNIH1_24845=CFNIH1_24850	2030	NA	5	40.8	no	0	0	0	0	0	0	0	1
CFNIH1_25305=CFNIH1_25310=CFNIH1_25315=CFNIH1_25320=CFNIH1_25325	2021	NA	4	24.0	no	0	0	0	0	0	0	0	1
CFNIH1_25610=CFNIH1_25615=CFNIH1_25620=CFNIH1_25625=CFNIH1_25630	2006	NA	5	30.9	no	0	0	0	0	0	0	0	1
CFNIH1_25185=CFNIH1_25190=CFNIH1_25195=CFNIH1_25200=CFNIH1_25205	1981	NA	5	17.4	no	0	0	0	0	0	0	0	1
CFNIH1_24840=CFNIH1_24845=CFNIH1_24850=CFNIH1_24855=CFNIH1_24860	1979	NA	5	40.7	no	0	0	0	0	0	0	0	1
CFNIH1_24855=CFNIH1_24860=CFNIH1_24865=CFNIH1_24870=CFNIH1_24875	1975	NA	5	48.8	no	0	0	0	0	0	0	0	1
CFNIH1_25555=CFNIH1_25560=CFNIH1_25565=CFNIH1_25570=CFNIH1_25575	1940	NA	5	30.1	no	0	0	0	0	0	0	0	1
CFNIH1_24845=CFNIH1_24850=CFNIH1_24855=CFNIH1_24860=CFNIH1_24865	1929	NA	5	40.6	no	0	0	0	0	0	0	0	1
CFNIH1_24820=CFNIH1_24825=CFNIH1_24830=CFNIH1_24835=CFNIH1_24840	1923	NA	5	50.3	no	0	0	0	0	0	0	0	1
CFNIH1_25155=CFNIH1_25160=CFNIH1_25165=CFNIH1_25170=CFNIH1_25175	1911	NA	5	14.7	no	0	0	0	0	0	0	0	1
CFNIH1_24835=CFNIH1_24840=CFNIH1_24845=CFNIH1_24850=CFNIH1_24855	1904	NA	5	40.7	no	0	0	0	0	0	0	0	1
CFNIH1_25195=CFNIH1_25200=CFNIH1_25205=CFNIH1_25210=CFNIH1_25215	1876	NA	5	5.3	no	0	0	0	0	0	0	0	1
CFNIH1_25560=CFNIH1_25565=CFNIH1_25570=CFNIH1_25575=CFNIH1_25580	1863	NA	5	30.0	no	0	0	0	0	0	0	0	1
CFNIH1_25550=CFNIH1_25555=CFNIH1_25560=CFNIH1_25565=CFNIH1_25570	1783	NA	5	30.0	no	0	0	0	0	0	0	0	1
CFNIH1_24815=CFNIH1_24820=CFNIH1_24825=CFNIH1_24830=CFNIH1_24835	1773	NA	5	47.8	no	0	0	0	0	0	0	0	1
CFNIH1_25545=CFNIH1_25550=CFNIH1_25555=CFNIH1_25560=CFNIH1_25565	1647	NA	5	30.3	no	0	0	0	0	0	0	0	1
CFNIH1_24850=CFNIH1_24855=CFNIH1_24860=CFNIH1_24865=CFNIH1_24870	1641	NA	5	40.1	no	0	0	0	0	0	0	0	1
CFNIH1_25190=CFNIH1_25195=CFNIH1_25200=CFNIH1_25205=CFNIH1_25210	1248	NA	5	13.7	no	0	0	0	0	0	0	0	1
