ID	Length	Coverage	# ORFs	RDS	Circular	Inc Type(s)	# Replication	# Mobilization	# OriT	# Conjugation	# AMRs	# rRNAs	# Plasmid Hits
ECNIH3_23600=ECNIH3_23605=ECNIH3_23610=ECNIH3_23615=ECNIH3_23620	11201	NA	8	17.0	no	1	0	0	0	0	0	0	1
ECNIH3_22440=ECNIH3_22445=ECNIH3_22450=ECNIH3_22455=ECNIH3_22460	11000	NA	7	29.4	no	0	0	0	0	1	0	0	1
ECNIH3_23605=ECNIH3_23610=ECNIH3_23615=ECNIH3_23620=ECNIH3_23625	10931	NA	7	29.3	no	1	0	0	0	0	0	0	1
ECNIH3_22370=ECNIH3_22375=ECNIH3_22380=ECNIH3_22385=ECNIH3_22390	10703	NA	6	30.0	no	0	0	0	0	0	0	0	1
ECNIH3_22365=ECNIH3_22370=ECNIH3_22375=ECNIH3_22380=ECNIH3_22385	10601	NA	5	28.6	no	0	0	0	0	0	0	0	1
ECNIH3_22375=ECNIH3_22380=ECNIH3_22385=ECNIH3_22390=ECNIH3_22395	10573	NA	6	30.0	no	0	0	0	0	0	0	0	1
ECNIH3_23595=ECNIH3_23600=ECNIH3_23605=ECNIH3_23610=ECNIH3_23615	10509	NA	8	17.0	no	1	0	0	0	0	0	0	1
ECNIH3_22360=ECNIH3_22365=ECNIH3_22370=ECNIH3_22375=ECNIH3_22380	10096	NA	5	36.0	no	0	0	0	0	0	0	0	1
ECNIH3_22450=ECNIH3_22455=ECNIH3_22460=ECNIH3_22465=ECNIH3_22470	8784	NA	6	31.5	no	0	0	0	0	1	0	0	1
ECNIH3_22435=ECNIH3_22440=ECNIH3_22445=ECNIH3_22450=ECNIH3_22455	8467	NA	7	29.6	no	0	0	0	0	0	0	0	1
ECNIH3_22455=ECNIH3_22460=ECNIH3_22465=ECNIH3_22470=ECNIH3_22475	8398	NA	5	37.8	no	0	0	0	0	1	0	0	1
ECNIH3_23610=ECNIH3_23615=ECNIH3_23620=ECNIH3_23625=ECNIH3_23635	8346	NA	7	34.9	no	0	0	0	0	0	0	0	1
ECNIH3_22930=ECNIH3_22935=ECNIH3_22940=ECNIH3_22945=ECNIH3_22950	8317	NA	5	28.2	no	0	0	0	1	1	0	0	1
ECNIH3_22895=ECNIH3_22900=ECNIH3_22905=ECNIH3_22910=ECNIH3_22915	8181	NA	5	26.0	no	0	0	1	0	2	0	0	1
ECNIH3_22935=ECNIH3_22940=ECNIH3_22945=ECNIH3_22950=ECNIH3_22955	8149	NA	5	25.3	no	0	0	0	1	1	0	0	1
ECNIH3_22940=ECNIH3_22945=ECNIH3_22950=ECNIH3_22955=ECNIH3_22960	8111	NA	5	22.3	no	0	0	0	0	1	0	0	1
ECNIH3_22910=ECNIH3_22915=ECNIH3_22920=ECNIH3_22925=ECNIH3_22930	8020	NA	6	21.4	no	0	0	1	0	1	0	0	1
ECNIH3_23590=ECNIH3_23595=ECNIH3_23600=ECNIH3_23605=ECNIH3_23610	7767	NA	8	16.9	no	1	0	0	0	0	0	0	1
ECNIH3_22945=ECNIH3_22950=ECNIH3_22955=ECNIH3_22960=ECNIH3_22965	7759	NA	5	19.4	no	0	0	0	0	0	0	0	1
ECNIH3_22460=ECNIH3_22465=ECNIH3_22470=ECNIH3_22475=ECNIH3_22480	7756	NA	5	35.3	no	0	0	0	0	1	0	0	1
ECNIH3_22900=ECNIH3_22905=ECNIH3_22910=ECNIH3_22915=ECNIH3_22920	7736	NA	5	25.9	no	0	0	1	0	2	0	0	1
ECNIH3_22430=ECNIH3_22435=ECNIH3_22440=ECNIH3_22445=ECNIH3_22450	7701	NA	6	32.5	no	0	0	0	0	0	0	0	1
ECNIH3_22905=ECNIH3_22910=ECNIH3_22915=ECNIH3_22920=ECNIH3_22925	7569	NA	5	25.7	no	0	0	1	0	1	0	0	1
ECNIH3_23615=ECNIH3_23620=ECNIH3_23625=ECNIH3_23635=ECNIH3_23640	7561	NA	8	30.3	no	0	0	0	0	0	0	0	1
ECNIH3_22445=ECNIH3_22450=ECNIH3_22455=ECNIH3_22460=ECNIH3_22465	7319	NA	6	31.6	no	0	0	0	0	1	0	0	1
ECNIH3_22420=ECNIH3_22425=ECNIH3_22430=ECNIH3_22435=ECNIH3_22440	7267	NA	5	15.8	no	0	0	0	0	0	0	0	1
ECNIH3_22950=ECNIH3_22955=ECNIH3_22960=ECNIH3_22965=ECNIH3_22970	6954	NA	5	19.3	no	0	0	0	0	0	0	0	1
ECNIH3_22425=ECNIH3_22430=ECNIH3_22435=ECNIH3_22440=ECNIH3_22445	6645	NA	6	32.6	no	0	0	0	0	0	0	0	1
ECNIH3_22500=ECNIH3_22505=ECNIH3_22510=ECNIH3_22515=ECNIH3_22520	6599	NA	6	36.8	no	0	0	0	0	0	0	0	1
ECNIH3_22505=ECNIH3_22510=ECNIH3_22515=ECNIH3_22520=ECNIH3_22525	6400	NA	6	36.7	no	0	0	0	0	0	0	0	1
ECNIH3_23400=ECNIH3_23405=ECNIH3_23410=ECNIH3_23415=ECNIH3_23420	6378	NA	7	25.8	no	0	0	0	0	0	1	0	1
ECNIH3_22355=ECNIH3_22360=ECNIH3_22365=ECNIH3_22370=ECNIH3_22375	6367	NA	5	28.7	no	0	0	0	0	1	0	0	1
ECNIH3_23350=ECNIH3_23355=ECNIH3_23360=ECNIH3_23365=ECNIH3_23370	6351	NA	6	16.8	no	0	0	0	0	0	0	0	1
ECNIH3_22580=ECNIH3_22585=ECNIH3_22590=ECNIH3_22595=ECNIH3_22600	6329	NA	5	29.3	no	0	0	0	0	0	0	0	1
ECNIH3_22490=ECNIH3_22500=ECNIH3_22505=ECNIH3_22510=ECNIH3_22515	6278	NA	6	36.5	no	0	0	0	0	0	0	0	1
ECNIH3_23540=ECNIH3_23545=ECNIH3_23550=ECNIH3_23555=ECNIH3_23560	6267	NA	6	26.5	no	0	0	0	0	0	0	0	1
ECNIH3_23295=ECNIH3_23300=ECNIH3_23305=ECNIH3_23310=ECNIH3_23325	6223	NA	6	29.8	no	0	0	0	0	0	0	0	1
ECNIH3_22915=ECNIH3_22920=ECNIH3_22925=ECNIH3_22930=ECNIH3_22935	6187	NA	5	22.9	no	0	0	1	0	0	0	0	1
ECNIH3_23190=ECNIH3_23195=ECNIH3_23200=ECNIH3_23205=ECNIH3_23210	6187	NA	5	1.9	no	0	0	0	0	0	1	0	1
ECNIH3_22590=ECNIH3_22595=ECNIH3_22600=ECNIH3_22605=ECNIH3_22610	6174	NA	5	23.7	no	0	0	0	0	0	0	0	1
ECNIH3_23535=ECNIH3_23540=ECNIH3_23545=ECNIH3_23550=ECNIH3_23555	6134	NA	6	25.8	no	0	0	0	0	0	0	0	1
ECNIH3_22480=ECNIH3_22485=ECNIH3_22490=ECNIH3_22500=ECNIH3_22505	6111	NA	6	36.2	no	0	0	0	0	0	0	0	1
ECNIH3_23635=ECNIH3_23640=ECNIH3_23645=ECNIH3_23650=ECNIH3_23655	6099	NA	6	29.5	no	0	0	0	0	0	0	0	1
ECNIH3_22585=ECNIH3_22590=ECNIH3_22595=ECNIH3_22600=ECNIH3_22605	6024	NA	5	26.6	no	0	0	0	0	0	0	0	1
ECNIH3_22515=ECNIH3_22520=ECNIH3_22525=ECNIH3_22530=ECNIH3_22535	5980	NA	6	36.3	no	0	0	0	0	0	0	0	1
ECNIH3_22485=ECNIH3_22490=ECNIH3_22500=ECNIH3_22505=ECNIH3_22510	5967	NA	6	36.4	no	0	0	0	0	0	0	0	1
ECNIH3_23405=ECNIH3_23410=ECNIH3_23415=ECNIH3_23420=ECNIH3_23425	5942	NA	7	25.9	no	0	0	0	0	0	1	0	1
ECNIH3_23360=ECNIH3_23365=ECNIH3_23370=ECNIH3_23375=ECNIH3_23385	5921	NA	6	18.6	no	0	0	0	0	0	0	0	1
ECNIH3_23620=ECNIH3_23625=ECNIH3_23635=ECNIH3_23640=ECNIH3_23645	5914	NA	8	30.6	no	0	0	0	0	0	0	0	1
ECNIH3_23355=ECNIH3_23360=ECNIH3_23365=ECNIH3_23370=ECNIH3_23375	5908	NA	6	15.2	no	0	0	0	0	0	0	0	1
ECNIH3_23390=ECNIH3_23395=ECNIH3_23400=ECNIH3_23405=ECNIH3_23410	5867	NA	7	24.3	no	0	0	0	0	0	0	0	1
ECNIH3_23395=ECNIH3_23400=ECNIH3_23405=ECNIH3_23410=ECNIH3_23415	5793	NA	7	27.2	no	0	0	0	0	0	0	0	1
ECNIH3_22890=ECNIH3_22895=ECNIH3_22900=ECNIH3_22905=ECNIH3_22910	5768	NA	5	20.3	no	0	0	0	0	2	0	0	1
ECNIH3_22830=ECNIH3_22835=ECNIH3_22845=ECNIH3_22850=ECNIH3_22855	5725	NA	7	24.7	no	0	0	0	0	0	0	0	1
ECNIH3_23345=ECNIH3_23350=ECNIH3_23355=ECNIH3_23360=ECNIH3_23365	5708	NA	6	14.6	no	0	0	0	0	0	0	0	1
ECNIH3_23545=ECNIH3_23550=ECNIH3_23555=ECNIH3_23560=ECNIH3_23565	5705	NA	5	29.1	no	0	0	0	0	0	0	0	1
ECNIH3_22470=ECNIH3_22475=ECNIH3_22480=ECNIH3_22485=ECNIH3_22490	5641	NA	5	35.6	no	0	0	0	0	0	0	0	1
ECNIH3_22925=ECNIH3_22930=ECNIH3_22935=ECNIH3_22940=ECNIH3_22945	5603	NA	6	23.7	no	0	0	0	1	1	0	0	1
ECNIH3_23200=ECNIH3_23205=ECNIH3_23210=ECNIH3_23215=ECNIH3_23220	5585	NA	5	2.2	no	0	0	0	0	0	1	0	1
ECNIH3_22465=ECNIH3_22470=ECNIH3_22475=ECNIH3_22480=ECNIH3_22485	5577	NA	5	35.4	no	0	0	0	0	0	0	0	1
ECNIH3_22595=ECNIH3_22600=ECNIH3_22605=ECNIH3_22610=ECNIH3_22615	5567	NA	5	21.0	no	0	0	0	0	0	0	0	1
ECNIH3_22835=ECNIH3_22845=ECNIH3_22850=ECNIH3_22855=ECNIH3_22860	5509	NA	7	24.8	no	0	0	0	0	0	0	0	1
ECNIH3_23585=ECNIH3_23590=ECNIH3_23595=ECNIH3_23600=ECNIH3_23605	5479	NA	7	18.8	no	0	0	0	0	0	0	0	1
ECNIH3_23300=ECNIH3_23305=ECNIH3_23310=ECNIH3_23325=ECNIH3_23330	5457	NA	6	31.1	no	0	0	0	0	0	0	0	1
ECNIH3_23195=ECNIH3_23200=ECNIH3_23205=ECNIH3_23210=ECNIH3_23215	5367	NA	5	2.2	no	0	0	0	0	0	1	0	1
ECNIH3_23290=ECNIH3_23295=ECNIH3_23300=ECNIH3_23305=ECNIH3_23310	5315	NA	5	33.6	no	0	0	0	0	0	0	0	1
ECNIH3_22510=ECNIH3_22515=ECNIH3_22520=ECNIH3_22525=ECNIH3_22530	5310	NA	6	36.8	no	0	0	0	0	0	0	0	1
ECNIH3_23150=ECNIH3_23160=ECNIH3_23165=ECNIH3_23170=ECNIH3_23175	5298	NA	6	26.9	no	0	0	0	0	0	0	0	1
ECNIH3_23210=ECNIH3_23215=ECNIH3_23220=ECNIH3_23225=ECNIH3_23230	5273	NA	7	14.9	no	0	0	0	0	0	1	0	1
ECNIH3_23625=ECNIH3_23635=ECNIH3_23640=ECNIH3_23645=ECNIH3_23650	5228	NA	7	25.2	no	0	0	0	0	0	0	0	1
ECNIH3_23385=ECNIH3_23390=ECNIH3_23395=ECNIH3_23400=ECNIH3_23405	5217	NA	7	15.9	no	0	0	0	0	0	0	0	1
ECNIH3_23145=ECNIH3_23150=ECNIH3_23160=ECNIH3_23165=ECNIH3_23170	5213	NA	6	26.8	no	0	0	0	0	0	0	0	1
ECNIH3_22815=ECNIH3_22825=ECNIH3_22830=ECNIH3_22835=ECNIH3_22845	5193	NA	7	24.8	no	0	0	0	0	0	0	0	1
ECNIH3_22385=ECNIH3_22390=ECNIH3_22395=ECNIH3_22400=ECNIH3_22410	5148	NA	6	30.0	no	0	0	0	0	0	0	0	1
ECNIH3_22990=ECNIH3_22995=ECNIH3_23000=ECNIH3_23005=ECNIH3_23010	5140	NA	5	3.5	no	0	0	0	0	0	0	0	1
ECNIH3_23060=ECNIH3_23065=ECNIH3_23070=ECNIH3_23075=ECNIH3_23080	5063	NA	5	3.8	no	0	0	0	0	0	0	0	1
ECNIH3_23055=ECNIH3_23060=ECNIH3_23065=ECNIH3_23070=ECNIH3_23075	5033	NA	5	1.1	no	0	0	0	0	0	0	0	1
ECNIH3_22575=ECNIH3_22580=ECNIH3_22585=ECNIH3_22590=ECNIH3_22595	5032	NA	5	31.7	no	0	0	0	0	0	0	0	1
ECNIH3_23070=ECNIH3_23075=ECNIH3_23080=ECNIH3_23085=ECNIH3_23090	5026	NA	5	8.9	no	0	0	0	0	0	0	0	1
ECNIH3_23065=ECNIH3_23070=ECNIH3_23075=ECNIH3_23080=ECNIH3_23085	5022	NA	5	4.9	no	0	0	0	0	0	0	0	1
ECNIH3_23440=ECNIH3_23445=ECNIH3_23450=ECNIH3_23455=ECNIH3_23460	5017	NA	6	3.0	no	0	0	0	0	0	1	0	1
ECNIH3_22520=ECNIH3_22525=ECNIH3_22530=ECNIH3_22535=ECNIH3_22540	5006	NA	5	36.2	no	0	0	0	0	0	0	0	1
ECNIH3_22380=ECNIH3_22385=ECNIH3_22390=ECNIH3_22395=ECNIH3_22400	4997	NA	6	30.0	no	0	0	0	0	0	0	0	1
ECNIH3_23430=ECNIH3_23435=ECNIH3_23440=ECNIH3_23445=ECNIH3_23450	4996	NA	6	22.9	no	0	0	0	0	0	1	0	1
ECNIH3_23135=ECNIH3_23140=ECNIH3_23145=ECNIH3_23150=ECNIH3_23160	4989	NA	6	25.8	no	0	0	0	0	0	0	0	1
ECNIH3_22475=ECNIH3_22480=ECNIH3_22485=ECNIH3_22490=ECNIH3_22500	4958	NA	6	36.1	no	0	0	0	0	0	0	0	1
ECNIH3_22920=ECNIH3_22925=ECNIH3_22930=ECNIH3_22935=ECNIH3_22940	4932	NA	6	23.8	no	0	0	0	1	1	0	0	1
ECNIH3_23205=ECNIH3_23210=ECNIH3_23215=ECNIH3_23220=ECNIH3_23225	4921	NA	5	7.1	no	0	0	0	0	0	1	0	1
ECNIH3_22400=ECNIH3_22410=ECNIH3_22415=ECNIH3_22420=ECNIH3_22425	4920	NA	5	15.0	no	0	0	0	0	0	0	0	1
ECNIH3_23365=ECNIH3_23370=ECNIH3_23375=ECNIH3_23385=ECNIH3_23390	4891	NA	5	22.7	no	0	0	0	0	0	0	0	1
ECNIH3_23090=ECNIH3_23095=ECNIH3_23100=ECNIH3_23105=ECNIH3_23110	4879	NA	5	9.6	no	0	0	0	0	0	1	0	1
ECNIH3_23140=ECNIH3_23145=ECNIH3_23150=ECNIH3_23160=ECNIH3_23165	4843	NA	6	29.1	no	0	0	0	0	0	0	0	1
ECNIH3_22395=ECNIH3_22400=ECNIH3_22410=ECNIH3_22415=ECNIH3_22420	4812	NA	5	15.0	no	0	0	0	0	0	0	0	1
ECNIH3_23335=ECNIH3_23340=ECNIH3_23345=ECNIH3_23350=ECNIH3_23355	4763	NA	6	10.5	no	0	0	0	0	0	0	0	1
ECNIH3_22600=ECNIH3_22605=ECNIH3_22610=ECNIH3_22615=ECNIH3_22620	4703	NA	5	20.7	no	0	0	0	0	0	0	0	1
ECNIH3_22825=ECNIH3_22830=ECNIH3_22835=ECNIH3_22845=ECNIH3_22850	4688	NA	6	29.1	no	0	0	0	0	0	0	0	1
ECNIH3_23370=ECNIH3_23375=ECNIH3_23385=ECNIH3_23390=ECNIH3_23395	4604	NA	5	20.2	no	0	0	0	0	0	0	0	1
ECNIH3_22525=ECNIH3_22530=ECNIH3_22535=ECNIH3_22540=ECNIH3_22545	4597	NA	5	36.2	no	0	0	0	0	0	0	0	1
ECNIH3_23410=ECNIH3_23415=ECNIH3_23420=ECNIH3_23425=ECNIH3_23430	4566	NA	5	31.0	no	0	0	0	0	0	1	0	1
ECNIH3_23285=ECNIH3_23290=ECNIH3_23295=ECNIH3_23300=ECNIH3_23305	4522	NA	4	19.1	no	0	0	0	0	0	0	0	1
ECNIH3_23340=ECNIH3_23345=ECNIH3_23350=ECNIH3_23355=ECNIH3_23360	4495	NA	5	18.9	no	0	0	0	0	0	0	0	1
ECNIH3_23085=ECNIH3_23090=ECNIH3_23095=ECNIH3_23100=ECNIH3_23105	4478	NA	5	8.5	no	0	0	0	0	0	1	0	1
ECNIH3_23425=ECNIH3_23430=ECNIH3_23435=ECNIH3_23440=ECNIH3_23445	4477	NA	6	19.4	no	0	0	0	0	0	0	0	1
ECNIH3_22345=ECNIH3_22350=ECNIH3_22355=ECNIH3_22360=ECNIH3_22365	4441	NA	5	29.1	no	0	0	0	0	1	0	0	1
ECNIH3_23650=ECNIH3_23655=ECNIH3_23660=ECNIH3_23665=ECNIH3_22320	4427	NA	5	35.5	no	1	0	0	0	0	0	0	1
ECNIH3_22615=ECNIH3_22620=ECNIH3_22625=ECNIH3_22630=ECNIH3_22635	4426	NA	5	4.7	no	0	0	0	0	0	0	0	1
ECNIH3_23550=ECNIH3_23555=ECNIH3_23560=ECNIH3_23565=ECNIH3_23570	4413	NA	5	23.5	no	0	0	0	0	0	0	0	1
ECNIH3_23280=ECNIH3_23285=ECNIH3_23290=ECNIH3_23295=ECNIH3_23300	4364	NA	5	23.1	no	0	0	0	0	0	2	0	1
ECNIH3_22340=ECNIH3_22345=ECNIH3_22350=ECNIH3_22355=ECNIH3_22360	4358	NA	5	29.2	no	0	0	0	0	1	0	0	1
ECNIH3_23640=ECNIH3_23645=ECNIH3_23650=ECNIH3_23655=ECNIH3_23660	4357	NA	5	35.8	no	0	0	0	0	0	0	0	1
ECNIH3_22390=ECNIH3_22395=ECNIH3_22400=ECNIH3_22410=ECNIH3_22415	4346	NA	5	34.8	no	0	0	0	0	0	0	0	1
ECNIH3_23305=ECNIH3_23310=ECNIH3_23325=ECNIH3_23330=ECNIH3_23335	4341	NA	7	24.3	no	0	0	0	0	0	0	0	1
ECNIH3_22885=ECNIH3_22890=ECNIH3_22895=ECNIH3_22900=ECNIH3_22905	4324	NA	5	23.4	no	0	0	0	0	1	0	0	1
ECNIH3_22760=ECNIH3_22765=ECNIH3_22770=ECNIH3_22775=ECNIH3_22780	4321	NA	5	1.2	no	0	0	0	0	0	0	0	1
ECNIH3_23075=ECNIH3_23080=ECNIH3_23085=ECNIH3_23090=ECNIH3_23095	4321	NA	5	11.0	no	0	0	0	0	0	1	0	1
ECNIH3_23665=ECNIH3_22320=ECNIH3_22325=ECNIH3_22330=ECNIH3_22335	4275	NA	5	28.1	no	1	0	0	0	0	0	0	1
ECNIH3_22685=ECNIH3_22690=ECNIH3_22695=ECNIH3_22700=ECNIH3_22705	4263	NA	5	4.0	no	0	0	0	0	0	0	0	1
ECNIH3_23220=ECNIH3_23225=ECNIH3_23230=ECNIH3_23235=ECNIH3_23240	4233	NA	7	20.8	no	0	0	0	0	0	0	0	1
ECNIH3_22335=ECNIH3_22340=ECNIH3_22345=ECNIH3_22350=ECNIH3_22355	4230	NA	5	21.9	no	0	0	0	0	1	0	0	1
ECNIH3_22530=ECNIH3_22535=ECNIH3_22540=ECNIH3_22545=ECNIH3_22550	4228	NA	5	28.9	no	0	0	0	0	0	0	0	1
ECNIH3_22570=ECNIH3_22575=ECNIH3_22580=ECNIH3_22585=ECNIH3_22590	4208	NA	5	34.8	no	0	0	0	0	0	0	0	1
ECNIH3_23325=ECNIH3_23330=ECNIH3_23335=ECNIH3_23340=ECNIH3_23345	4180	NA	6	15.7	no	0	0	0	0	0	0	0	1
ECNIH3_23330=ECNIH3_23335=ECNIH3_23340=ECNIH3_23345=ECNIH3_23350	4171	NA	6	12.8	no	0	0	0	0	0	0	0	1
ECNIH3_23490=ECNIH3_23500=ECNIH3_23505=ECNIH3_23510=ECNIH3_23520	4170	NA	7	14.8	no	0	0	0	0	0	0	0	1
ECNIH3_22350=ECNIH3_22355=ECNIH3_22360=ECNIH3_22365=ECNIH3_22370	4128	NA	5	28.9	no	0	0	0	0	1	0	0	1
ECNIH3_23660=ECNIH3_23665=ECNIH3_22320=ECNIH3_22325=ECNIH3_22330	4127	NA	5	35.3	no	1	0	0	0	0	0	0	1
ECNIH3_22535=ECNIH3_22540=ECNIH3_22545=ECNIH3_22550=ECNIH3_22555	4116	NA	6	24.2	no	0	0	0	0	0	0	0	1
ECNIH3_23310=ECNIH3_23325=ECNIH3_23330=ECNIH3_23335=ECNIH3_23340	4114	NA	6	25.3	no	0	0	0	0	0	0	0	1
ECNIH3_22610=ECNIH3_22615=ECNIH3_22620=ECNIH3_22625=ECNIH3_22630	4097	NA	5	10.1	no	0	0	0	0	0	0	0	1
ECNIH3_23505=ECNIH3_23510=ECNIH3_23520=ECNIH3_23525=ECNIH3_23530	4082	NA	6	0.8	no	0	0	0	0	0	0	0	1
ECNIH3_23435=ECNIH3_23440=ECNIH3_23445=ECNIH3_23450=ECNIH3_23455	4074	NA	6	15.3	no	0	0	0	0	0	1	0	1
ECNIH3_22845=ECNIH3_22850=ECNIH3_22855=ECNIH3_22860=ECNIH3_22865	4065	NA	6	24.0	no	0	0	0	0	0	0	0	1
ECNIH3_23420=ECNIH3_23425=ECNIH3_23430=ECNIH3_23435=ECNIH3_23440	4043	NA	5	13.0	no	0	0	0	0	0	1	0	1
ECNIH3_22805=ECNIH3_22815=ECNIH3_22825=ECNIH3_22830=ECNIH3_22835	4031	NA	6	14.1	no	0	0	0	0	0	0	0	1
ECNIH3_22680=ECNIH3_22685=ECNIH3_22690=ECNIH3_22695=ECNIH3_22700	4027	NA	5	1.3	no	0	0	0	0	0	0	0	1
ECNIH3_22410=ECNIH3_22415=ECNIH3_22420=ECNIH3_22425=ECNIH3_22430	4024	NA	5	15.1	no	0	0	0	0	0	0	0	1
ECNIH3_22605=ECNIH3_22610=ECNIH3_22615=ECNIH3_22620=ECNIH3_22625	3996	NA	5	15.7	no	0	0	0	0	0	0	0	1
ECNIH3_23500=ECNIH3_23505=ECNIH3_23510=ECNIH3_23520=ECNIH3_23525	3990	NA	6	16.8	no	0	0	0	0	0	0	0	1
ECNIH3_23655=ECNIH3_23660=ECNIH3_23665=ECNIH3_22320=ECNIH3_22325	3964	NA	5	35.4	no	1	0	0	0	0	0	0	1
ECNIH3_23555=ECNIH3_23560=ECNIH3_23565=ECNIH3_23570=ECNIH3_23575	3933	NA	5	20.6	no	0	0	0	0	0	0	0	1
ECNIH3_23095=ECNIH3_23100=ECNIH3_23105=ECNIH3_23110=ECNIH3_23115	3915	NA	5	10.3	no	0	0	0	0	0	1	0	1
ECNIH3_22660=ECNIH3_22665=ECNIH3_22670=ECNIH3_22675=ECNIH3_22680	3907	NA	5	2.8	no	0	0	0	0	0	0	0	1
ECNIH3_23215=ECNIH3_23220=ECNIH3_23225=ECNIH3_23230=ECNIH3_23235	3901	NA	7	14.3	no	0	0	0	0	0	0	0	1
ECNIH3_22550=ECNIH3_22555=ECNIH3_22560=ECNIH3_22565=ECNIH3_22570	3897	NA	6	30.7	no	0	0	0	0	0	0	0	1
ECNIH3_23645=ECNIH3_23650=ECNIH3_23655=ECNIH3_23660=ECNIH3_23665	3896	NA	5	35.7	no	0	0	0	0	0	0	0	1
ECNIH3_22560=ECNIH3_22565=ECNIH3_22570=ECNIH3_22575=ECNIH3_22580	3892	NA	5	28.1	no	0	0	0	0	0	0	0	1
ECNIH3_23460=ECNIH3_23465=ECNIH3_23470=ECNIH3_23475=ECNIH3_23480	3821	NA	6	0.7	no	0	0	0	0	0	0	0	1
ECNIH3_23415=ECNIH3_23420=ECNIH3_23425=ECNIH3_23430=ECNIH3_23435	3815	NA	5	15.9	no	0	0	0	0	0	1	0	1
ECNIH3_23100=ECNIH3_23105=ECNIH3_23110=ECNIH3_23115=ECNIH3_23120	3787	NA	4	10.7	no	0	0	0	0	0	0	0	1
ECNIH3_22955=ECNIH3_22960=ECNIH3_22965=ECNIH3_22970=ECNIH3_22975	3778	NA	5	19.3	no	0	0	0	0	0	0	0	1
ECNIH3_23015=ECNIH3_23020=ECNIH3_23025=ECNIH3_23030=ECNIH3_23035	3776	NA	7	10.8	no	0	0	0	0	0	0	0	1
ECNIH3_23080=ECNIH3_23085=ECNIH3_23090=ECNIH3_23095=ECNIH3_23100	3772	NA	5	9.3	no	0	0	0	0	0	1	0	1
ECNIH3_22795=ECNIH3_22800=ECNIH3_22805=ECNIH3_22815=ECNIH3_22825	3754	NA	6	1.1	no	0	0	0	0	0	0	0	1
ECNIH3_23130=ECNIH3_23135=ECNIH3_23140=ECNIH3_23145=ECNIH3_23150	3750	NA	5	20.7	no	0	0	0	0	0	0	0	1
ECNIH3_22980=ECNIH3_22985=ECNIH3_22990=ECNIH3_22995=ECNIH3_23000	3741	NA	5	27.7	no	0	0	0	0	0	0	0	1
ECNIH3_22565=ECNIH3_22570=ECNIH3_22575=ECNIH3_22580=ECNIH3_22585	3737	NA	5	35.2	no	0	0	0	0	0	0	0	1
ECNIH3_22985=ECNIH3_22990=ECNIH3_22995=ECNIH3_23000=ECNIH3_23005	3733	NA	5	27.6	no	0	0	0	0	0	0	0	1
ECNIH3_23465=ECNIH3_23470=ECNIH3_23475=ECNIH3_23480=ECNIH3_23485	3698	NA	6	13.1	no	0	0	0	0	0	1	0	1
ECNIH3_22960=ECNIH3_22965=ECNIH3_22970=ECNIH3_22975=ECNIH3_22980	3679	NA	5	22.1	no	0	0	0	0	0	0	0	1
ECNIH3_23275=ECNIH3_23280=ECNIH3_23285=ECNIH3_23290=ECNIH3_23295	3665	NA	5	25.7	no	0	0	0	0	0	3	0	1
ECNIH3_22690=ECNIH3_22695=ECNIH3_22700=ECNIH3_22705=ECNIH3_22710	3661	NA	5	7.9	no	0	0	0	0	0	0	0	1
ECNIH3_23035=ECNIH3_23040=ECNIH3_23045=ECNIH3_23050=ECNIH3_23055	3640	NA	5	6.6	no	0	0	0	0	0	0	0	1
ECNIH3_23475=ECNIH3_23480=ECNIH3_23485=ECNIH3_23490=ECNIH3_23500	3634	NA	6	12.7	no	0	0	0	0	0	1	0	1
ECNIH3_23530=ECNIH3_23535=ECNIH3_23540=ECNIH3_23545=ECNIH3_23550	3611	NA	6	20.6	no	0	0	0	0	0	0	0	1
ECNIH3_23225=ECNIH3_23230=ECNIH3_23235=ECNIH3_23240=ECNIH3_23245	3608	NA	7	20.8	no	0	0	0	0	0	0	0	1
ECNIH3_22880=ECNIH3_22885=ECNIH3_22890=ECNIH3_22895=ECNIH3_22900	3578	NA	5	23.6	no	0	0	0	0	1	0	0	1
ECNIH3_22875=ECNIH3_22880=ECNIH3_22885=ECNIH3_22890=ECNIH3_22895	3561	NA	5	23.3	no	0	0	0	0	0	0	0	1
ECNIH3_22320=ECNIH3_22325=ECNIH3_22330=ECNIH3_22335=ECNIH3_22340	3546	NA	5	28.2	no	1	0	0	0	0	0	0	1
ECNIH3_22415=ECNIH3_22420=ECNIH3_22425=ECNIH3_22430=ECNIH3_22435	3538	NA	5	15.1	no	0	0	0	0	0	0	0	1
ECNIH3_22325=ECNIH3_22330=ECNIH3_22335=ECNIH3_22340=ECNIH3_22345	3516	NA	4	27.1	no	0	0	0	0	0	0	0	1
ECNIH3_22750=ECNIH3_22760=ECNIH3_22765=ECNIH3_22770=ECNIH3_22775	3493	NA	6	7.1	no	0	0	0	0	0	0	0	1
ECNIH3_22540=ECNIH3_22545=ECNIH3_22550=ECNIH3_22555=ECNIH3_22560	3469	NA	6	24.6	no	0	0	0	0	0	0	0	1
ECNIH3_23580=ECNIH3_23585=ECNIH3_23590=ECNIH3_23595=ECNIH3_23600	3441	NA	6	19.5	no	0	0	0	0	0	0	0	1
ECNIH3_22850=ECNIH3_22855=ECNIH3_22860=ECNIH3_22865=ECNIH3_22870	3409	NA	6	24.0	no	0	0	0	0	0	0	0	1
ECNIH3_23020=ECNIH3_23025=ECNIH3_23030=ECNIH3_23035=ECNIH3_23040	3401	NA	6	11.6	no	0	0	0	0	0	0	0	1
ECNIH3_23040=ECNIH3_23045=ECNIH3_23050=ECNIH3_23055=ECNIH3_23060	3400	NA	5	4.6	no	0	0	0	0	0	0	0	1
ECNIH3_23375=ECNIH3_23385=ECNIH3_23390=ECNIH3_23395=ECNIH3_23400	3371	NA	5	15.5	no	0	0	0	0	0	0	0	1
ECNIH3_23255=ECNIH3_23260=ECNIH3_23265=ECNIH3_23270=ECNIH3_23275	3361	NA	5	34.1	no	0	0	0	0	0	4	0	1
ECNIH3_23575=ECNIH3_23580=ECNIH3_23585=ECNIH3_23590=ECNIH3_23595	3346	NA	5	27.0	no	0	0	0	0	0	0	0	1
ECNIH3_22545=ECNIH3_22550=ECNIH3_22555=ECNIH3_22560=ECNIH3_22565	3302	NA	6	24.6	no	0	0	0	0	0	0	0	1
ECNIH3_23470=ECNIH3_23475=ECNIH3_23480=ECNIH3_23485=ECNIH3_23490	3301	NA	5	10.3	no	0	0	0	0	0	1	0	1
ECNIH3_23230=ECNIH3_23235=ECNIH3_23240=ECNIH3_23245=ECNIH3_23255	3289	NA	5	22.0	no	0	0	0	0	0	1	0	1
ECNIH3_22330=ECNIH3_22335=ECNIH3_22340=ECNIH3_22345=ECNIH3_22350	3256	NA	5	29.0	no	0	0	0	0	0	0	0	1
ECNIH3_22555=ECNIH3_22560=ECNIH3_22565=ECNIH3_22570=ECNIH3_22575	3248	NA	5	35.8	no	0	0	0	0	0	0	0	1
ECNIH3_23570=ECNIH3_23575=ECNIH3_23580=ECNIH3_23585=ECNIH3_23590	3239	NA	5	23.7	no	0	0	0	0	0	0	0	1
ECNIH3_23030=ECNIH3_23035=ECNIH3_23040=ECNIH3_23045=ECNIH3_23050	3237	NA	5	7.5	no	0	0	0	0	0	0	0	1
ECNIH3_23105=ECNIH3_23110=ECNIH3_23115=ECNIH3_23120=ECNIH3_23125	3233	NA	5	20.1	no	0	0	0	0	0	0	0	1
ECNIH3_22800=ECNIH3_22805=ECNIH3_22815=ECNIH3_22825=ECNIH3_22830	3230	NA	6	5.0	no	0	0	0	0	0	0	0	1
ECNIH3_23260=ECNIH3_23265=ECNIH3_23270=ECNIH3_23275=ECNIH3_23280	3217	NA	5	33.2	no	0	0	0	0	0	4	0	1
ECNIH3_22975=ECNIH3_22980=ECNIH3_22985=ECNIH3_22990=ECNIH3_22995	3210	NA	5	27.8	no	0	0	0	0	0	0	0	1
ECNIH3_22870=ECNIH3_22875=ECNIH3_22880=ECNIH3_22885=ECNIH3_22890	3179	NA	5	23.3	no	0	0	0	0	0	0	0	1
ECNIH3_23480=ECNIH3_23485=ECNIH3_23490=ECNIH3_23500=ECNIH3_23505	3158	NA	6	17.8	no	0	0	0	0	0	1	0	1
ECNIH3_23265=ECNIH3_23270=ECNIH3_23275=ECNIH3_23280=ECNIH3_23285	3069	NA	5	32.5	no	0	0	0	0	0	5	0	1
ECNIH3_22745=ECNIH3_22750=ECNIH3_22760=ECNIH3_22765=ECNIH3_22770	3068	NA	6	23.0	no	0	0	0	0	0	0	0	1
ECNIH3_23270=ECNIH3_23275=ECNIH3_23280=ECNIH3_23285=ECNIH3_23290	3044	NA	5	28.7	no	0	0	0	0	0	4	0	1
ECNIH3_22860=ECNIH3_22865=ECNIH3_22870=ECNIH3_22875=ECNIH3_22880	3009	NA	5	29.1	no	0	0	0	0	0	0	0	1
ECNIH3_22970=ECNIH3_22975=ECNIH3_22980=ECNIH3_22985=ECNIH3_22990	2981	NA	5	27.7	no	0	0	0	0	0	0	0	1
ECNIH3_22965=ECNIH3_22970=ECNIH3_22975=ECNIH3_22980=ECNIH3_22985	2950	NA	5	24.9	no	0	0	0	0	0	0	0	1
ECNIH3_22865=ECNIH3_22870=ECNIH3_22875=ECNIH3_22880=ECNIH3_22885	2923	NA	5	29.1	no	0	0	0	0	0	0	0	1
ECNIH3_23235=ECNIH3_23240=ECNIH3_23245=ECNIH3_23255=ECNIH3_23260	2853	NA	5	23.9	no	0	0	0	0	0	1	0	1
ECNIH3_23485=ECNIH3_23490=ECNIH3_23500=ECNIH3_23505=ECNIH3_23510	2810	NA	6	19.1	no	0	0	0	0	0	1	0	1
ECNIH3_22695=ECNIH3_22700=ECNIH3_22705=ECNIH3_22710=ECNIH3_22715	2809	NA	5	8.1	no	0	0	0	0	0	0	0	1
ECNIH3_22855=ECNIH3_22860=ECNIH3_22865=ECNIH3_22870=ECNIH3_22875	2709	NA	5	26.0	no	0	0	0	0	0	0	0	1
ECNIH3_23125=ECNIH3_23130=ECNIH3_23135=ECNIH3_23140=ECNIH3_23145	2700	NA	6	19.4	no	0	0	0	0	0	0	0	1
ECNIH3_22705=ECNIH3_22710=ECNIH3_22715=ECNIH3_22720=ECNIH3_22725	2623	NA	4	18.0	no	0	0	0	0	0	0	0	1
ECNIH3_23025=ECNIH3_23030=ECNIH3_23035=ECNIH3_23040=ECNIH3_23045	2595	NA	6	12.0	no	0	0	0	0	0	0	0	1
ECNIH3_23120=ECNIH3_23125=ECNIH3_23130=ECNIH3_23135=ECNIH3_23140	2591	NA	6	20.4	no	0	0	0	0	0	0	0	1
ECNIH3_23565=ECNIH3_23570=ECNIH3_23575=ECNIH3_23580=ECNIH3_23585	2572	NA	5	20.5	no	0	0	0	0	0	0	0	1
ECNIH3_22740=ECNIH3_22745=ECNIH3_22750=ECNIH3_22760=ECNIH3_22765	2478	NA	6	28.6	no	0	0	0	0	0	0	0	1
ECNIH3_22700=ECNIH3_22705=ECNIH3_22710=ECNIH3_22715=ECNIH3_22720	2429	NA	4	10.1	no	0	0	0	0	0	0	0	1
ECNIH3_22715=ECNIH3_22720=ECNIH3_22725=ECNIH3_22730=ECNIH3_22735	2401	NA	4	26.7	no	0	0	0	0	0	0	0	1
ECNIH3_22730=ECNIH3_22735=ECNIH3_22740=ECNIH3_22745=ECNIH3_22750	2301	NA	5	31.1	no	0	0	0	0	0	0	0	1
ECNIH3_23240=ECNIH3_23245=ECNIH3_23255=ECNIH3_23260=ECNIH3_23265	2287	NA	5	28.8	no	0	0	0	0	0	2	0	1
ECNIH3_22720=ECNIH3_22725=ECNIH3_22730=ECNIH3_22735=ECNIH3_22740	2263	NA	4	31.0	no	0	0	0	0	0	0	0	1
ECNIH3_22725=ECNIH3_22730=ECNIH3_22735=ECNIH3_22740=ECNIH3_22745	2083	NA	5	31.1	no	0	0	0	0	0	0	0	1
ECNIH3_23245=ECNIH3_23255=ECNIH3_23260=ECNIH3_23265=ECNIH3_23270	2062	NA	5	29.2	no	0	0	0	0	0	3	0	1
ECNIH3_22710=ECNIH3_22715=ECNIH3_22720=ECNIH3_22725=ECNIH3_22730	2051	NA	4	22.4	no	0	0	0	0	0	0	0	1
ECNIH3_22735=ECNIH3_22740=ECNIH3_22745=ECNIH3_22750=ECNIH3_22760	1914	NA	6	28.6	no	0	0	0	0	0	0	0	1
ECNIH3_23110=ECNIH3_23115=ECNIH3_23120=ECNIH3_23125=ECNIH3_23130	1858	NA	6	20.7	no	0	0	0	0	0	0	0	1
ECNIH3_23115=ECNIH3_23120=ECNIH3_23125=ECNIH3_23130=ECNIH3_23135	1830	NA	6	20.4	no	0	0	0	0	0	0	0	1
ECNIH3_23560=ECNIH3_23565=ECNIH3_23570=ECNIH3_23575=ECNIH3_23580	1769	NA	5	17.7	no	0	0	0	0	0	0	0	1
