ID	Length	Coverage	# ORFs	RDS	Circular	Inc Type(s)	# Replication	# Mobilization	# OriT	# Conjugation	# AMRs	# rRNAs	# Plasmid Hits
CTI59_29515=CTI59_29520=CTI59_29525=CTI59_29530=CTI59_29540	3269	NA	8	0.0	no	2	0	0	0	0	0	0	1
CTI59_29525=CTI59_29530=CTI59_29540=CTI59_29545=CTI59_29510	2876	NA	6	0.5	no	2	0	0	0	0	0	0	1
CTI59_29520=CTI59_29525=CTI59_29530=CTI59_29540=CTI59_29545	2778	NA	5	1.2	no	2	0	0	0	0	0	0	1
CTI59_29530=CTI59_29540=CTI59_29545=CTI59_29510=CTI59_29515	2534	NA	10	-0.6	no	2	0	0	0	0	0	0	1
