ID	Length	Coverage	# ORFs	RDS	Circular	Inc Type(s)	# Replication	# Mobilization	# OriT	# Conjugation	# AMRs	# rRNAs	# Plasmid Hits
CTI61_29525=CTI61_29530=CTI61_29535=CTI61_29540=CTI61_29510	3269	NA	7	0.0	no	2	0	0	0	0	0	0	1
CTI61_29535=CTI61_29540=CTI61_29510=CTI61_29515=CTI61_29520	2876	NA	6	0.6	no	2	0	0	0	0	0	0	1
CTI61_29530=CTI61_29535=CTI61_29540=CTI61_29510=CTI61_29515	2820	NA	5	1.2	no	2	0	0	0	0	0	0	1
CTI61_29540=CTI61_29510=CTI61_29515=CTI61_29520=CTI61_29525	2534	NA	9	-0.6	no	2	0	0	0	0	0	0	1
