ID	Length	Coverage	# ORFs	RDS	Circular	Inc Type(s)	# Replication	# Mobilization	# OriT	# Conjugation	# AMRs	# rRNAs	# Plasmid Hits
CTI68_29270=CTI68_29275=CTI68_29280=CTI68_29285=CTI68_29295	3269	NA	7	0.0	no	2	0	0	0	0	0	0	1
CTI68_29280=CTI68_29285=CTI68_29295=CTI68_29300=CTI68_29305	2876	NA	6	0.6	no	2	0	0	0	0	0	0	1
CTI68_29275=CTI68_29280=CTI68_29285=CTI68_29295=CTI68_29300	2820	NA	5	1.2	no	2	0	0	0	0	0	0	1
CTI68_29285=CTI68_29295=CTI68_29300=CTI68_29305=CTI68_29270	2534	NA	9	-0.6	no	2	0	0	0	0	0	0	1
